lat,long,altitude,Dlat,Dlong,Daltitude,position,distance,direction,Dposition,slope,TMY_GridID,Horizon_GridID,timezone
45.514739,-73.59077,91.9,9.000000005698894e-06,-9.999999996068707e-06,-0.0006351039261005,0.0,0.0,2.408777551292952,1.3146059932835927,-0.000483113480339,183;-295,54618;-88309,America/Toronto
45.514729,-73.590761,91.8993648960739,1.750000000555474e-05,-1.699999999971169e-05,-0.0006351039260934,1.3146059932835927,1.31460614669723,2.341702750959729,2.3325565844402525,-0.0002722780294529,183;-295,54618;-88309,America/Toronto
45.514705,-73.590735,91.89872979214782,1.699999999971169e-05,-1.450000000247087e-05,0.0493648960739037,4.665113168880505,4.665113382487566,2.2769954193154027,2.0928830760490778,0.0235826573431453,183;-295,54618;-88309,America/Toronto
45.5147,-73.590727,91.99809468822173,6.499999997799932e-06,-1.2999999999152578e-05,0.0493648960738966,5.500372145381748,5.5062619665068695,2.6779450446983013,1.6013142841711314,0.0308179771493625,183;-295,54618;-88309,America/Toronto
45.514679,-73.590722,91.9974595842956,1.1499999999387e-05,-1.1999999998124622e-05,0.0493648960738966,7.867741737222768,7.873631643538852,2.377467876164964,1.9045026890434544,0.0259142953798302,183;-295,54618;-88309,America/Toronto
45.514676,-73.590704,92.0968244803695,2.250000000003638e-05,-1.5499999999946112e-05,0.0993648960739079,9.309377523468656,9.318687740289624,2.174026179717202,2.599610818725481,0.0382043908771857,183;-295,54618;-88309,America/Toronto
45.514648,-73.590677,92.19618937644344,2.1500000002561137e-05,-2.1499999999008423e-05,0.0493648960739108,13.06696337467373,13.07758715524453,2.356194490109724,2.919966856841766,0.0169043678480132,183;-295,54618;-88309,America/Toronto
45.514633,-73.590661,92.19555427251731,1.1499999999387e-05,-1.4000000000180536e-05,0.0493648960738966,15.149311237152189,15.15993511457448,2.453921397583533,1.8136784451897456,0.0272113898491518,183;-295,54618;-88309,America/Toronto
45.51462,-73.590654,92.29491916859122,1.0500000001911758e-05,-1.2500000000414955e-05,0.0993648960739008,16.69432026505322,16.70813609599371,2.4429328287950094,1.6342466868167795,0.0607268916976407,183;-295,54618;-88309,America/Toronto
45.514608,-73.59064,92.39428406466511,1.2499999996862243e-05,-1.2000000001677336e-05,0.0493648960739108,18.417804610785748,18.43448243220694,2.335789159701044,1.6546900603386003,0.029824472697762,183;-295,54618;-88309,America/Toronto
45.514596,-73.590629,92.39364896073904,1.049999999480633e-05,-8.000000001118224e-06,0.0493648960739037,20.003700385730426,20.02037833432169,2.2218730485452056,1.2415402238395077,0.0397400788901196,183;-295,54618;-88309,America/Toronto
45.514592,-73.590619,92.49301385681294,1.0000000003174137e-05,-3.499999998268777e-06,0.0493648960738966,20.900885058464763,20.92304866149613,1.907471145928424,0.8723818568798496,0.056526058690803,183;-295,54618;-88309,America/Toronto
45.514589,-73.590609,92.49237875288684,1.0000000003174137e-05,-3.5000000018214905e-06,-0.0006351039261005,21.74846409949012,21.770627940467996,1.907471146244924,0.8723818991407679,-0.0007280112236674,183;-295,54618;-88309,America/Toronto
45.514585,-73.590599,92.49174364896074,1.850000000302998e-05,-1.2999999999152578e-05,0.0993648960739079,22.6456488567463,22.66781292251452,2.1833338832974896,2.06183226736597,0.0481552641504269,183;-295,54618;-88309,America/Toronto
45.514563,-73.590572,92.69110854503464,1.749999999844931e-05,-1.5499999999946112e-05,0.1493648960739051,25.87212863422206,25.90044623241012,2.295662470452493,2.20274413021939,0.0677049126683368,183;-295,54618;-88309,America/Toronto
45.514554,-73.590564,92.79047344110856,1.499999996212864e-06,-1.4000000000180536e-05,0.0993648960739008,27.05113711718508,27.083634461505785,3.034856981209463,1.6636660808235124,0.0596555981377555,183;-295,54618;-88309,America/Toronto
45.514535,-73.590569,92.88983833718244,7.500000002380602e-06,-1.2999999999152578e-05,0.0993648960739008,29.199460795869086,29.2342548396679,2.6183143312922086,1.945124247994686,0.0510397202540279,183;-295,54618;-88309,America/Toronto
45.514528,-73.590549,92.98920323325636,2.0499999997980467e-05,-5.000000001587068e-06,0.0993648960739008,30.94138561317445,30.979011399109964,1.810027926854307,1.705924425600756,0.0581812129404681,183;-295,54618;-88309,America/Toronto
45.514525,-73.590528,93.08856812933026,1.699999999971169e-05,-4.499999999296733e-06,0.0493648960739037,32.6113096470706,32.65188905798277,1.8295672187241296,1.4414139993718802,0.0342341684805948,183;-295,54618;-88309,America/Toronto
45.514519,-73.590515,93.08793302540415,1.250000000396767e-05,-5.999999999062311e-06,0.0493648960739037,33.82421361191821,33.86479318910776,2.01831630176727,1.1807685305528892,0.0417830962870094,183;-295,54618;-88309,America/Toronto
45.514513,-73.590503,93.18729792147806,1.1999999998124622e-05,-5.999999999062311e-06,0.0993648960739008,34.97284670817638,35.01771615808331,2.0344439357957027,1.148633136428877,0.0862922503811406,183;-295,54618;-88309,America/Toronto
45.514507,-73.590491,93.28666281755196,2.0499999997980467e-05,-1.2000000001677336e-05,0.1493648960739051,36.121479884775965,36.17063920710135,2.100385925680863,2.083609541084129,0.0715632297837393,183;-295,54618;-88309,America/Toronto
45.514489,-73.590462,93.48602771362587,2.1500000002561137e-05,-1.2999999999152578e-05,0.1493648960739051,39.14006579034464,39.1958015549902,2.114628783015412,2.21307892950227,0.0673896978754986,183;-295,54618;-88309,America/Toronto
45.514481,-73.590448,93.58539260969977,1.3500000001442912e-05,-7.499999998827889e-06,0.0993648960739008,40.547637743780506,40.60687638882115,2.077894831075513,1.3425100371448266,0.0738795564939195,183;-295,54618;-88309,America/Toronto
45.514474,-73.590435,93.68475750577367,1.3499999994337486e-05,-7.500000002380602e-06,0.0993648960739008,41.82508586463429,41.88818317645815,2.077894831500051,1.342510149650508,0.0738795503251337,183;-295,54618;-88309,America/Toronto
45.514466,-73.590421,93.78412240184755,1.3000000002705292e-05,-1.899999999821489e-05,0.1493648960739051,43.23265804308152,43.29925823474189,2.541542440047272,2.4359902723769373,0.0612392146744665,183;-295,54618;-88309,America/Toronto
45.514436,-73.590409,93.98348729792149,1.4500000006023583e-05,-1.699999999971169e-05,0.1493648960739051,46.69706640938816,46.76939824493198,2.435393560948313,2.430844069559118,0.0613685358411709,183;-295,54618;-88309,America/Toronto
45.514432,-73.590392,94.08285219399538,4.999999994481641e-06,-8.500000003408559e-06,0.0993648960739008,48.09434618219976,48.17020663514107,2.609868586988559,1.4711447443886172,0.0674401399730567,183;-295,54618;-88309,America/Toronto
45.514419,-73.590399,94.18221709006929,2.4999999936881068e-06,-4.9999999980343546e-06,0.0993648960739008,49.6393558981654,49.71840830320632,2.6779450454416382,1.2688728010436918,0.0781500914089489,183;-295,54618;-88309,America/Toronto
45.514422,-73.590387,94.28158198614318,1.200000000523005e-05,5.00000002290335e-07,0.0493648960739037,50.63209178428714,50.71610461078979,1.529153747523906,0.9769152786646772,0.0504884557848406,183;-295,54618;-88309,America/Toronto
45.51442,-73.590375,94.2809468822171,1.1500000006492428e-05,-1.450000000247087e-05,0.1493648960739051,51.59318645549475,51.67719949183987,2.471071095417346,2.041652142307264,0.0730287338249937,183;-295,54618;-88309,America/Toronto
45.514393,-73.590364,94.580311778291,1.3499999994337486e-05,-1.7500000002002025e-05,0.1993648960739023,54.71539606890167,54.813728179904416,2.4845177181363205,2.3268613485630034,0.0854710086540915,183;-295,54618;-88309,America/Toronto
45.514385,-73.590348,94.6796766743649,2.0499999997980467e-05,-5.999999999062311e-06,0.0993648960739008,56.24690915262076,56.34846128640031,1.8555267653020355,1.7647940010936658,0.0562445787971989,183;-295,54618;-88309,America/Toronto
45.514381,-73.590323,94.7790415704388,2.100000000382352e-05,-4.9999999980343546e-06,0.0993648960739079,58.244984071089,58.34900540298051,1.8045395075341928,1.7406034524349785,0.0570245724802864,183;-295,54618;-88309,America/Toronto
45.514375,-73.590306,94.87840646651271,1.3500000001442912e-05,-4.000000000559112e-06,0.0993648960739079,59.72811605749072,59.83546222094048,1.8588517738544827,1.1467120605767356,0.0864360965951856,183;-295,54618;-88309,America/Toronto
45.514373,-73.590296,94.9777713625866,1.3500000001442912e-05,-2.9999999995311555e-06,0.0993648960738937,60.53840819224247,60.651824105286096,1.7894652726131095,1.1037866570042638,0.0897798298965325,183;-295,54618;-88309,America/Toronto
45.514369,-73.590279,95.0771362586605,1.749999999844931e-05,-1.4499999998918156e-05,0.149364896073898,61.93568937149925,62.05263389839756,2.262717709040634,2.255460440869882,0.0661271267538376,183;-295,54618;-88309,America/Toronto
45.514344,-73.590261,95.2765011547344,2.3999999996249244e-05,-2.3000000002326715e-05,0.2493648960739065,65.04932907398224,65.17264969301542,2.334921104296889,3.208842414644682,0.0775559199514332,183;-295,54618;-88309,America/Toronto
45.514323,-73.590231,95.57586605080832,1.9000000001767603e-05,-1.4000000000180536e-05,0.1493648960739051,68.35337420078861,68.4902291631976,2.205823062146941,2.1506221843728355,0.0693405993566286,183;-295,54618;-88309,America/Toronto
45.514316,-73.590223,95.5752309468822,1.4499999998918156e-05,-6.499999997799932e-06,0.0993648960739008,69.3505734427279,69.48742860738182,1.9922155335842096,1.3821298988264843,0.0717691111870372,183;-295,54618;-88309,America/Toronto
45.51431,-73.590202,95.77459584295612,1.999999999924285e-05,-4.000000000559112e-06,0.1493648960739051,71.11763399844158,71.26570006285358,1.768191886678938,1.6320540618831174,0.0912653351106346,183;-295,54618;-88309,America/Toronto
45.514308,-73.590183,95.87396073903004,1.4000000000180536e-05,-1.2000000001677336e-05,0.1493648960739051,72.61468156649414,72.76604162515994,2.2794225989852617,2.020932155076558,0.0737747745193635,183;-295,54618;-88309,America/Toronto
45.514286,-73.590174,96.07332563510391,9.999999996068707e-06,-1.4499999998918156e-05,0.0993648960739008,75.15949830859469,75.31865569952798,2.5378433203412216,1.851300446011109,0.0536215741138485,183;-295,54618;-88309,America/Toronto
45.514279,-73.590163,96.07269053117784,1.00000000458067e-06,-1.34999999978902e-05,0.0993648960739008,76.31728245851636,76.47644002364315,3.0676536155828824,1.744813444260025,0.0568872771421181,183;-295,54618;-88309,America/Toronto
45.514259,-73.590172,96.27205542725171,0.0,-9.00000000214618e-06,0.1493648960739051,78.64912519711474,78.81678976659623,3.141592653589793,1.5337607620711111,0.097078623252381,183;-295,54618;-88309,America/Toronto
45.514261,-73.590163,96.37142032332564,1.4499999998918156e-05,1.999999998503199e-06,0.0993648960739079,79.38480398265858,79.55914861383323,1.4337301525759103,1.154911705694076,0.0858254371864204,183;-295,54618;-88309,America/Toronto
45.514263,-73.590143,96.47078521939954,1.9000000001767603e-05,0.0,0.0993648960739008,80.9589486085029,81.13642623227784,1.5707963267948966,1.4970936556004515,0.066274659524758,183;-295,54618;-88309,America/Toronto
45.514261,-73.590125,96.57015011547344,1.1999999998124622e-05,1.0000000010279564e-06,0.0493648960738966,82.37899129385949,82.55994111130319,1.4876550948084497,1.032663421657702,0.0477671079351589,183;-295,54618;-88309,America/Toronto
45.514265,-73.590119,96.56951501154734,1.0000000003174137e-05,-4.499999999296733e-06,0.0993648960739008,83.0242754518183,83.20522558180407,1.993650252750571,1.2281144852201038,0.0807326390092401,183;-295,54618;-88309,America/Toronto
45.514252,-73.590105,96.76887990762124,1.4000000000180536e-05,-1.450000000247087e-05,0.1493648960739122,84.83522026429969,85.02711127405807,2.373736550328453,1.9489302208511887,0.0764899041159466,183;-295,54618;-88309,America/Toronto
45.514236,-73.590091,96.86824480369516,2.0499999997980467e-05,-2.399999999980196e-05,0.1993648960739094,86.92213589352068,87.11639110836907,2.434684592874253,3.11027636980441,0.0640112013098363,183;-295,54618;-88309,America/Toronto
45.514204,-73.590064,97.16760969976906,3.250000000321052e-05,-2.449999999853958e-05,0.2993648960738966,91.05577300390851,91.260854294522,2.21675443302487,3.823242346327582,0.0781418749439063,183;-295,54618;-88309,America/Toronto
45.514187,-73.590026,97.46697459584296,2.3499999997511622e-05,-1.5499999999946112e-05,0.1993648960738951,94.56862058617584,94.78643473995828,2.153872861861112,2.610117606859653,0.0762335532983304,183;-295,54618;-88309,America/Toronto
45.514173,-73.590017,97.56633949191684,2.8999999997836312e-05,-8.000000001118224e-06,0.1993648960739094,96.27600821762782,96.4967112984736,1.839963819635556,2.7659189183502875,0.0719546431028611,183;-295,54618;-88309,America/Toronto
45.514171,-73.589968,97.86570438799076,3.2000000004472895e-05,-1.4999999997655775e-06,0.1993648960739094,100.1004584228764,100.33286024154494,1.617637039697019,2.4992484006463656,0.0796013849973125,183;-295,54618;-88308,America/Toronto
45.51417,-73.589953,97.96506928406468,6.499999997799932e-06,-6.499999997799932e-06,0.0993648960738937,101.27450501892056,101.51110418583433,2.356194490192345,1.2587274201488654,0.0787773910458901,183;-295,54618;-88308,America/Toronto
45.514158,-73.589955,98.06443418013856,9.999999996068707e-06,-8.000000001118224e-06,0.0993648960739008,102.61791326317416,102.85818216921176,2.245537269278404,1.5571833229060488,0.0637242632069316,183;-295,54617;-88308,America/Toronto
45.514154,-73.589933,98.16379907621248,2.250000000003638e-05,-4.499999999296733e-06,0.0993648960739079,104.38887166473263,104.63192596204726,1.7681918866144124,1.823665927827065,0.0544325246714679,183;-295,54617;-88308,America/Toronto
45.514149,-73.58991,98.26316397228638,2.200000000129876e-05,-7.499999998827889e-06,0.1493648960739051,106.26524511882828,106.51092854900836,1.899349497280587,1.9273574713357888,0.0773426577526261,183;-295,54617;-88308,America/Toronto
45.514139,-73.589889,98.46252886836028,1.9000000001767603e-05,-7.500000002380602e-06,0.149364896073898,108.24358660740424,108.4992900370702,1.9467572807428333,1.7074478703802072,0.0872563283435697,183;-295,54617;-88308,America/Toronto
45.514134,-73.589872,98.56189376443416,1.699999999971169e-05,-5.000000001587068e-06,0.0993648960739008,109.68014085958868,109.9392766696613,1.8568477686027296,1.4365543068994029,0.069058916778152,183;-295,54617;-88308,America/Toronto
45.514129,-73.589855,98.66125866050808,1.4999999997655776e-05,-8.999999998593466e-06,0.0993648960739079,111.11669522120305,111.37926341142143,2.1112158270654806,1.600830869160582,0.0619912956189833,183;-295,54617;-88308,America/Toronto
45.514116,-73.589842,98.760623556582,1.100000000064938e-05,-1.0999999997096666e-05,0.0993648960739079,112.88180259790984,113.14716539792312,2.356194490030858,1.4935524350062792,0.0664313357273944,183;-295,54617;-88308,America/Toronto
45.514107,-73.589833,98.8599884526559,9.500000004436515e-06,-9.00000000214618e-06,0.0993648960739008,114.1038000912156,114.37319608930784,2.3291740408909782,1.2451578760471025,0.079632289910323,183;-295,54617;-88308,America/Toronto
45.514098,-73.589823,98.9593533487298,1.6000000002236447e-05,-1.3500000001442912e-05,0.0993648960738937,115.37211835000406,115.64540070655616,2.2716507346631336,1.951780913590412,0.0508659468504028,183;-295,54617;-88308,America/Toronto
45.51408,-73.589801,99.05871824480369,1.3499999994337486e-05,-1.1999999998124622e-05,0.0993648960739079,118.0073619183964,118.28251694353266,2.2974386676072966,1.7039169583897331,0.0582496041932836,183;-295,54617;-88308,America/Toronto
45.514074,-73.589796,99.1580831408776,4.999999994481641e-06,-5.999999999062311e-06,0.0993648960739079,118.77995226678352,119.06147087605544,2.44685437785902,0.7725903593597039,0.1279104727433302,183;-295,54617;-88308,America/Toronto
45.514068,-73.589791,99.2574480369515,1.750000000555474e-05,-8.000000001118224e-06,0.0993648960739008,119.55254263711582,119.84042483034412,1.999574354173745,1.6805649053237277,0.0590571355353824,183;-295,54617;-88308,America/Toronto
45.514058,-73.589761,99.3568129330254,1.3500000001442912e-05,-1.4000000000180536e-05,0.149364896073898,122.14108207743098,122.4308707025134,2.374374305218361,2.3018259313465705,0.0647988970659882,183;-295,54617;-88308,America/Toronto
45.51404,-73.589764,99.5561778290993,1.650000000097407e-05,-1.4000000000180536e-05,0.1993648960739023,124.15619449980896,124.45582118008282,2.2744101095515874,2.516260173047044,0.0790654685993749,183;-295,54617;-88308,America/Toronto
45.51403,-73.589728,99.7555427251732,1.999999999924285e-05,-9.999999999621425e-06,0.1493648960739122,127.17360242352508,127.47980810794664,2.0344439357957027,2.086105674212128,0.0714778922185652,183;-295,54617;-88308,America/Toronto
45.51402,-73.589724,99.85490762124712,4.999999994481641e-06,-7.99999999756551e-06,0.0493648960739037,128.32840584823322,128.6388785683974,2.582993338605494,0.9847344353766658,0.0500882315772574,183;-295,54617;-88308,America/Toronto
45.514014,-73.589718,99.85427251732102,2.0000000020559128e-06,-8.000000001118224e-06,0.0493648960738966,129.1430712942784,129.45354426200242,2.896613990253946,0.9687408036156882,0.0509137570958228,183;-295,54617;-88308,America/Toronto
45.514004,-73.58972,99.95363741339492,1.0500000001911758e-05,-1.0500000001911758e-05,0.1493648960739051,130.2658874554646,130.58074855333237,2.356194490192345,1.6462777417949184,0.0904811266652104,183;-295,54617;-88308,America/Toronto
45.513993,-73.589697,100.15300230946885,1.999999999924285e-05,-1.100000000064938e-05,0.1493648960739051,132.43562677786824,132.75962787283842,2.073639537763672,1.986350572953654,0.0750543872844953,183;-295,54617;-88308,America/Toronto
45.513982,-73.58968,100.25236720554273,1.999999999924285e-05,-8.999999998593466e-06,0.0993648960739008,134.2385886013719,134.56532572120162,1.9936502528835207,1.878407285992239,0.0528492247248683,183;-295,54617;-88308,America/Toronto
45.513975,-73.589657,100.35173210161663,1.7999999997186933e-05,-8.499999999855845e-06,0.0993648960739008,136.19244134985271,136.52170348260606,2.0119758072636724,1.7290021862038714,0.0574063589214258,183;-295,54617;-88308,America/Toronto
45.513965,-73.589644,100.45109699769051,1.3500000001442912e-05,-9.00000000214618e-06,0.0993648960739008,137.69659297377964,138.0291335772817,2.1587989304031945,1.455865724703756,0.0681457329209416,183;-295,54617;-88308,America/Toronto
45.513957,-73.58963,100.55046189376444,1.0000000003174137e-05,-1.2500000000414955e-05,0.1493648960739051,139.10417279926023,139.44021626361575,2.4668517112275983,1.6774237226447326,0.0888099985512159,183;-295,54617;-88308,America/Toronto
45.51394,-73.589624,100.74982678983834,8.000000001118224e-06,-1.4499999998918156e-05,0.1493648960739051,141.0514404190691,141.39766295380753,2.63742669201996,1.7462246582407346,0.0853282053582281,183;-295,54617;-88308,America/Toronto
45.513928,-73.589614,100.84919168591225,7.500000002380602e-06,-1.4000000000180536e-05,0.0993648960739008,142.5966221157417,142.9460362480437,2.6497834774743376,1.683228711869134,0.0589638908587947,183;-295,54617;-88308,America/Toronto
45.513912,-73.589609,100.94855658198614,3.499999998268777e-06,-1.4000000000180536e-05,0.0993648960739008,144.41789784280738,144.77002052883407,2.896613990582348,1.5823420270392177,0.0627137447995637,183;-295,54617;-88308,America/Toronto
45.5139,-73.589607,101.04792147806003,8.499999999855845e-06,-1.4499999998918156e-05,0.1493648960739051,145.76130616982013,146.11709859474524,2.611376880788012,1.7829332947730876,0.0835796467627744,183;-295,54617;-88308,America/Toronto
45.513883,-73.589592,101.24728637413396,1.5500000003498826e-05,-1.2999999999152578e-05,0.1493648960739051,147.98376443235355,148.34848092202347,2.268699149246717,1.910565390967605,0.0780196840203824,183;-295,54617;-88308,America/Toronto
45.513874,-73.589576,101.34665127020786,1.7999999997186933e-05,-9.5000000008838e-06,0.0993648960739008,149.58243695175534,149.95023845887548,2.05641842019528,1.756537797967198,0.0565083824335897,183;-295,54617;-88308,America/Toronto
45.513864,-73.589556,101.44601616628177,1.7999999997186933e-05,-8.499999999855845e-06,0.0993648960739008,151.49684002828795,151.8672185114606,2.0119758072636724,1.692064934350853,0.0586566800255533,183;-295,54617;-88308,America/Toronto
45.513857,-73.58954,101.54538106235566,2.0499999997980467e-05,-9.499999997331088e-06,0.1493648960739051,152.96656682045705,153.34030039180246,2.0047496961192004,1.915436034212604,0.077822093667453,183;-295,54617;-88308,America/Toronto
45.513845,-73.589515,101.74474595842956,2.1500000002561137e-05,-1.100000000064938e-05,0.1993648960739023,155.32771209671316,155.70984747455333,2.043702930433461,2.07549227949626,0.0957628693986312,183;-295,54617;-88308,America/Toronto
45.513835,-73.589497,101.94411085450346,1.9000000001767603e-05,-6.500000001352646e-06,0.149364896073898,157.11755137944957,157.5107558619548,1.90042073425088,1.6917555462329688,0.0880615385765656,183;-295,54617;-88308,America/Toronto
45.513832,-73.589477,102.04347575057736,1.9500000000505224e-05,-1.999999998503199e-06,0.0993648960739079,158.7112231891791,159.10752235073718,1.6730030448235604,1.5391457590469173,0.064469005265539,183;-295,54617;-88308,America/Toronto
45.513831,-73.589458,102.14284064665128,1.850000000302998e-05,-8.000000001118224e-06,0.1493648960739122,160.1958428975434,160.59546356632185,1.9789454305412408,1.831927306720388,0.0813543336616179,183;-295,54617;-88308,America/Toronto
45.513816,-73.58944,102.34220554272518,1.699999999971169e-05,-1.0000000003174137e-05,0.149364896073898,162.37507780261987,162.78379880875846,2.1025203941998294,1.77214143780877,0.0840862354056982,183;-295,54617;-88308,America/Toronto
45.513811,-73.589424,102.44157043879908,1.9500000000505224e-05,-4.499999999296733e-06,0.0993648960738937,163.74012577316094,164.15245849781564,1.7975951748088643,1.6057706510072762,0.0618010796914703,183;-295,54617;-88308,America/Toronto
45.513807,-73.589401,102.54093533487296,1.7999999997186933e-05,-5.499999996771976e-06,0.0993648960739079,165.58661910463442,166.0016234460417,1.867342135744251,1.56197553605314,0.063529280648142,183;-295,54617;-88308,America/Toronto
45.5138,-73.589388,102.64030023094688,1.699999999971169e-05,-4.000000000559112e-06,0.0993648960739079,166.86407684526722,167.28293982448787,1.8018869940257385,1.4587595044831971,0.0680109673130644,183;-295,54617;-88308,America/Toronto
45.513799,-73.589367,102.7396651270208,1.4999999997655776e-05,-6.000000002615025e-06,0.149364896073898,168.50413811360082,168.9260084007986,1.9513027041114404,1.5249873527614994,0.0976335941397022,183;-295,54617;-88308,America/Toronto
45.513788,-73.589358,102.93903002309467,1.699999999971169e-05,-1.2999999999152578e-05,0.1993648960739023,169.91405155079022,170.34994739603462,2.2236429578724,1.9871936092054625,0.0999902734620596,183;-295,54617;-88308,America/Toronto
45.513773,-73.589333,103.1383949191686,1.5000000004761205e-05,-1.2500000000414955e-05,0.1493648960739051,172.47852533201174,172.9221589223985,2.265534602851821,1.8713492451041132,0.0796478353297335,183;-295,54617;-88308,America/Toronto
45.513763,-73.589328,103.2377598152425,5.000000001587068e-06,-9.5000000008838e-06,0.0493648960739037,173.65675004099845,174.10456614812006,2.657114724460292,1.1260694275731424,0.0438101845924779,183;-295,54617;-88308,America/Toronto
45.513754,-73.589323,103.2371247113164,1.4499999998918156e-05,-2.4999999972408204e-06,0.0993648960739008,174.73066418715803,175.17848048207722,1.7415315380978769,1.4980624922777253,0.0662319232244574,183;-295,54617;-88308,America/Toronto
45.513758,-73.589299,103.4364896073903,1.8499999995924558e-05,-8.499999999855845e-06,0.1993648960739023,176.6528750255539,177.11100237562283,2.0014888382585445,2.233770979762042,0.0890145220522634,183;-295,54617;-88308,America/Toronto
45.513737,-73.589286,103.6358545034642,1.4499999998918156e-05,-1.7500000002002025e-05,0.1993648960739094,179.1982061466821,179.6641292580888,2.449671271443793,2.269868884050055,0.0876062069465065,183;-295,54617;-88308,America/Toronto
45.513723,-73.58927,103.83521939953812,8.499999999855845e-06,-1.5000000001208493e-05,0.1493648960739051,181.192612793654,181.66847559424733,2.6260436461726457,1.887615461728984,0.0789643450241262,183;-295,54617;-88308,America/Toronto
45.513707,-73.589269,103.934584295612,9.999999974752427e-07,-1.650000000097407e-05,0.149364896073898,182.97343707014008,183.45206985480493,3.0810606339637063,1.8363716233783125,0.0811583074730625,183;-295,54617;-88308,America/Toronto
45.51369,-73.589268,104.13394919168591,1.650000000097407e-05,-2.799999999680836e-05,0.2993648960738966,184.86535604041063,185.35446407048585,2.609088555212264,3.447116336186852,0.0866276752253797,183;-295,54617;-88308,America/Toronto
45.513651,-73.589236,104.5333140877598,2.800000000036107e-05,-3.3499999997133045e-05,0.3493648960739079,189.86766974251375,190.3726943057844,2.445388102735621,4.31710706288203,0.08074972752508,183;-295,54617;-88308,America/Toronto
45.513623,-73.589212,104.83267898383372,3.0000000002416986e-05,-3.0000000002416986e-05,0.2993648960739108,193.4995701661747,194.0169116467768,2.356194490192345,4.081424460467176,0.0732170273535657,183;-295,54617;-88308,America/Toronto
45.513591,-73.589176,105.13204387990764,2.6500000004148205e-05,-2.1500000002561137e-05,0.2493648960738994,198.0305186634481,198.5577390632226,2.252402149716997,3.166958636422251,0.0785774258744254,183;-295,54617;-88308,America/Toronto
45.51358,-73.589159,105.33140877598152,6.999999996537554e-06,-2.999999999886427e-05,0.2993648960738966,199.8334874390192,200.3716968266424,2.912360720413876,3.6282661196621575,0.0823226064563048,183;-295,54617;-88307,America/Toronto
45.513531,-73.589162,105.73077367205542,9.999999974752427e-07,-3.6500000000216914e-05,0.3493648960739008,205.28705090277245,205.83986350052865,3.114202245184213,4.075264877974576,0.0855190513071032,183;-295,54617;-88307,America/Toronto
45.513507,-73.589157,106.03013856812932,2.599999999830516e-05,-1.9500000000505224e-05,0.2993648960739108,207.98401719496837,208.55339376979825,2.2142974356319067,3.360545614738541,0.0888477036626105,183;-295,54617;-88307,America/Toronto
45.513492,-73.58911,106.32950346420324,3.1499999998629846e-05,-1.34999999978902e-05,0.1993648960739023,212.00814213224956,212.58863860150916,1.975688113039144,2.92512423292051,0.0680508033457521,183;-295,54617;-88307,America/Toronto
45.51348,-73.589094,106.42886836027714,0.0,-2.399999999980196e-05,0.2493648960738994,213.83426566080936,214.417463504044,3.141592653589793,3.009392818884706,0.0826733250647967,183;-295,54617;-88307,America/Toronto
45.513444,-73.58911,106.82823325635104,-1.2499999996862243e-05,-2.3500000001064336e-05,0.2493648960739065,218.02692777001891,218.6291030757806,-2.6527402993848987,2.801288873007721,0.088783895502985,183;-295,54617;-88307,America/Toronto
45.513433,-73.589119,106.92759815242496,-4.999999994481641e-06,-1.999999999924285e-05,0.1993648960739023,219.4368434068248,220.04251578461037,-2.8966139907137087,2.3177548853534238,0.0858051817231723,183;-295,54617;-88307,America/Toronto
45.513404,-73.58912,107.22696304849885,1.1499999999387e-05,-2.749999999807073e-05,0.2493648960738994,222.6624375407258,223.28197204417887,2.745511212019488,3.334379594346018,0.0746470364823322,183;-295,54617;-88307,America/Toronto
45.513378,-73.589096,107.42632794457276,1.9500000000505224e-05,-2.849999999909869e-05,0.2493648960738994,226.10560259551684,226.73090404645447,2.5415424401612268,3.5414838900964725,0.0702965238457253,183;-295,54617;-88307,America/Toronto
45.513347,-73.589081,107.72569284064664,1.1499999999387e-05,-3.300000000194814e-05,0.3493648960739079,229.74540532091876,230.38299703826675,2.806268272309691,3.79061510239228,0.0919061071506043,183;-295,54617;-88307,America/Toronto
45.513312,-73.589073,108.12505773672056,4.49999999574402e-06,-2.3500000001064336e-05,0.2493648960739065,233.6868328003014,234.34460566298588,2.9523936316728907,2.6390198590861047,0.0942117516873912,183;-295,54616;-88307,America/Toronto
45.5133,-73.589072,108.22442263279446,-1.4000000000180536e-05,-2.0499999997980467e-05,0.1993648960738951,235.02344503909092,235.68490624847172,-2.542417330551601,2.637089375453826,0.0754568189806084,183;-295,54616;-88307,America/Toronto
45.513271,-73.589101,108.52378752886835,-1.749999999844931e-05,-2.050000000153318e-05,0.1993648960739023,238.96101155120903,239.63383640464764,-2.4349784512621766,2.675718772228265,0.0743714893530699,183;-295,54616;-88307,America/Toronto
45.513259,-73.589107,108.62315242494226,-1.2499999996862243e-05,-2.1500000002561137e-05,0.2493648960739065,240.37488258354747,241.0511947498298,-2.614965382316877,2.582694077363186,0.0962538754271792,183;-295,54616;-88307,America/Toronto
45.513228,-73.589126,109.02251732101617,-1.250000000396767e-05,-2.0499999997980467e-05,0.2493648960739065,244.12639970593543,244.82390902999813,-2.594030417464919,2.4788758602828977,0.1002586766893613,183;-295,54616;-88307,America/Toronto
45.513218,-73.589132,109.12188221709008,1.499999996212864e-06,-1.999999999924285e-05,0.1493648960739051,245.33263430411327,246.034229354711,3.0667328060645005,2.307498788565411,0.0646400365123781,183;-295,54616;-88307,America/Toronto
45.513188,-73.589123,109.32124711316398,-1.7999999997186933e-05,-2.9500000000126647e-05,0.2993648960738966,248.74139728306625,249.4488173838101,-2.593729122159354,4.086240617507187,0.0731310392578139,183;-295,54616;-88307,America/Toronto
45.513159,-73.589168,109.72061200923788,-3.499999999689862e-05,-1.999999999924285e-05,0.2993648960739037,253.50511553912764,254.2292466473124,-2.0899424410632825,3.5319375930067025,0.0845572912851653,183;-295,54616;-88308,America/Toronto
45.513148,-73.589193,109.91997690531178,-2.5000000000829917e-05,-1.6000000002236447e-05,0.2493648960739065,255.80527246907965,256.5380273350765,-2.1401095179439498,2.670547456701996,0.0931059735852628,183;-295,54616;-88308,America/Toronto
45.513127,-73.589218,110.21934180138568,-1.699999999971169e-05,-1.5499999999946112e-05,0.1993648960739023,258.84621045253164,259.5936652652316,-2.3100733741845465,2.177777345701273,0.0912906701552728,183;-295,54616;-88308,America/Toronto
45.513117,-73.589227,110.3187066974596,-2.8999999997836312e-05,-1.4000000000180536e-05,0.1993648960739023,260.1608271604822,260.9120318574185,-2.0205559398989954,2.812740464135288,0.0707608969001519,183;-295,54616;-88308,America/Toronto
45.513099,-73.589276,110.61807159353349,-4.250000000638465e-05,-1.4499999998918156e-05,0.2993648960739037,264.4716913808022,265.23327816688027,-1.89958901823114,3.68551906786783,0.0810493972520979,183;-295,54616;-88308,America/Toronto
45.513088,-73.589312,110.9174364896074,-4.2499999999279225e-05,-1.4499999998918156e-05,0.2993648960739037,267.53186529621786,268.3080600670468,-1.8995890182822328,3.685519938515824,0.081049378189151,183;-295,54616;-88308,America/Toronto
45.51307,-73.589361,111.2168013856813,-3.6999999998954536e-05,-1.1500000002939714e-05,0.2493648960738994,271.84273125783386,272.6293081136209,-1.872141550585462,3.1683198924957026,0.0785438041020049,183;-295,54616;-88308,America/Toronto
45.513065,-73.589386,111.4161662817552,-3.6500000000216914e-05,-1.1999999998124622e-05,0.2493648960738994,273.86850508120926,274.6648684652832,-1.888431678036296,3.160683855186278,0.0787327793105063,183;-295,54616;-88308,America/Toronto
45.513046,-73.589434,111.71553117782908,-3.0500000001154604e-05,-1.34999999978902e-05,0.1993648960739094,278.1640989682064,278.97088125938967,-1.9874985874624425,2.8218501169924366,0.0705332207492079,183;-295,54616;-88308,America/Toronto
45.513038,-73.589447,111.814896073903,-3.4499999998161e-05,-1.0500000001911758e-05,0.2493648960739065,279.51220531519414,280.32264459124934,-1.86623716400418,2.972402463890802,0.0836973925539538,183;-295,54616;-88308,America/Toronto
45.513025,-73.589503,112.2142609699769,-3.799999999642978e-05,-8.000000001118224e-06,0.2493648960738994,284.108903895988,284.936659129901,-1.7782925532772176,3.0951961620610007,0.0803915013805428,183;-295,54616;-88308,America/Toronto
45.513022,-73.589523,112.3136258660508,-3.700000000605996e-05,-5.999999999062311e-06,0.1993648960739023,285.70259763931614,286.5334475097732,-1.7315590673701589,2.9593609233324685,0.0672659136548747,183;-295,54616;-88308,America/Toronto
45.513013,-73.589577,112.61299076212472,-3.550000000274167e-05,-5.50000000032469e-06,0.1993648960739023,290.02762574265296,290.86882378359934,-1.7245038558506227,2.8340994320140283,0.0702293713389355,183;-295,54616;-88308,America/Toronto
45.513011,-73.589594,112.71235565819862,-3.299999999484271e-05,-2.500000000793534e-06,0.1493648960739051,291.3707965033442,292.21566493048624,-1.6464094700674077,2.587886710618619,0.0576529757524263,183;-295,54616;-88308,America/Toronto
45.513008,-73.589643,112.91172055427252,-4.899999999707916e-05,-4.000000000559112e-06,0.2493648960738994,295.2033991638902,296.05344938449235,-1.6522483711169362,3.845463987262264,0.0647558380308083,183;-295,54616;-88308,America/Toronto
45.513003,-73.589692,113.21108545034642,-3.350000000068576e-05,-3.499999998268777e-06,0.1993648960739023,299.0617244778687,299.923371033504,-1.67489626485126,2.6391995065815195,0.0753967171180751,183;-295,54616;-88308,America/Toronto
45.513001,-73.58971,113.31045034642032,-3.550000000274167e-05,4.500000002849447e-06,0.1493648960739051,300.48179817705324,301.3469168507109,-1.4447082316609443,2.863568930025508,0.0521131710248143,183;-295,54616;-88308,America/Toronto
45.513012,-73.589763,113.50981524249424,-5.399999999866623e-05,1.1499999999387e-05,0.2493648960739065,304.78886233791974,305.6585926325395,-1.3609680150410686,4.397780720825011,0.0566417873825658,183;-295,54616;-88308,America/Toronto
45.513024,-73.589818,113.80918013856814,-5.999999999772854e-05,8.499999999855845e-06,0.2993648960739037,309.27735961870326,310.15706205897806,-1.430066132801769,4.791845118195056,0.0623927373697845,183;-295,54616;-88308,America/Toronto
45.513029,-73.589883,114.10854503464203,-4.600000000465343e-05,2.9999999995311555e-06,0.1993648960738951,314.37255257430985,315.26104193706,-1.5056711634772293,3.6009781910784118,0.0553076310608416,183;-295,54616;-88308,America/Toronto
45.51303,-73.58991,114.20790993071591,-4.20000000005416e-05,4.9999999980343546e-06,0.1993648960739023,316.4793160008601,317.370147320397,-1.4523063676844197,3.3297631747095693,0.0598022038841007,183;-295,54616;-88308,America/Toronto
45.513039,-73.589967,114.50727482678984,-5.7499999996935e-05,9.5000000008838e-06,0.2993648960739108,321.032078923729,321.93274193013946,-1.4070580856570023,4.603438723858574,0.0649392720338011,183;-295,54616;-88308,America/Toronto
45.513049,-73.590025,114.80663972286376,-4.20000000005416e-05,6.500000001352646e-06,0.1993648960739023,325.6861934485772,326.59647448587253,-1.417252544225837,3.353650738284188,0.0593772456024135,183;-295,54616;-88309,America/Toronto
45.513052,-73.590051,114.90600461893764,-3.850000000227283e-05,3.499999998268777e-06,0.149364896073898,327.73938040029736,328.6520644355672,-1.4801364396440726,3.025947086497723,0.0493213388805589,183;-295,54616;-88309,America/Toronto
45.513056,-73.590102,115.10536951501156,-4.450000000133514e-05,8.999999998593466e-06,0.1993648960739094,331.7380876215727,332.655738473656,-1.3712409431258046,3.671969077049397,0.0542404745509885,183;-295,54616;-88309,America/Toronto
45.51307,-73.59014,115.30473441108546,-4.2499999999279225e-05,1.2500000000414955e-05,0.1993648960739023,335.08331855439616,336.0069048908465,-1.284744885064001,3.6031526441927326,0.0552743216285347,183;-295,54616;-88309,America/Toronto
45.513081,-73.590187,115.50409930715936,-4.649999999628562e-05,6.500000001352646e-06,0.1993648960738951,338.94439290995814,339.8731228801695,-1.4319113112352,3.726130653074336,0.0534535682541501,183;-295,54616;-88309,America/Toronto
45.513083,-73.590233,115.70346420323324,-4.700000000212867e-05,5.000000001587068e-06,0.1993648960739023,342.53557986054483,343.46983944890974,-1.4648119687766714,3.717825941229989,0.0535727423487058,183;-295,54616;-88309,America/Toronto
45.513091,-73.590281,115.90282909930716,-4.450000000133514e-05,7.000000000090267e-06,0.1493648960739051,346.3800447924181,347.31947020707213,-1.414771483796471,3.554041359176693,0.0420020577957121,183;-295,54616;-88309,America/Toronto
45.513097,-73.590322,116.00219399538106,-4.899999999707916e-05,9.999999999621425e-06,0.1493648960739051,349.6436625788982,350.5846002869925,-1.3694792184159943,3.984971518317337,0.0374645104769723,183;-295,54616;-88309,America/Toronto
45.513111,-73.590379,116.20155889145497,-5.000000000165983e-05,7.99999999756551e-06,0.1993648960739023,354.3499878290528,355.2951462980224,-1.4121410646611483,4.032115970500314,0.0494040029626213,183;-295,54616;-88309,America/Toronto
45.513113,-73.590422,116.40092378752888,-4.799999999960392e-05,1.100000000064938e-05,0.1993648960739023,357.70789451989884,358.6589661068432,-1.345519547566191,4.024181161571562,0.0495012579983621,183;-295,54616;-88309,America/Toronto
45.513133,-73.590475,116.60028868360276,-5.2499999995347935e-05,1.650000000097407e-05,0.1993648960739094,362.3983501521959,363.35365676761455,-1.2662854435505528,4.496199001806076,0.0443117381109466,183;-295,54616;-88309,America/Toronto
45.513146,-73.590527,116.79965357967669,-4.9500000002922206e-05,1.1499999999387e-05,0.1993648960739023,366.700292523511,367.6602162444943,-1.3425225535816063,4.064620099237999,0.049009561778153,183;-295,54616;-88309,America/Toronto
45.513156,-73.590574,116.99901847575056,-5.10000000062405e-05,9.00000000214618e-06,0.1993648960738951,370.5275903506719,371.4927030376323,-1.396124127766787,4.102105574628126,0.0485624142340862,183;-295,54616;-88309,America/Toronto
45.513164,-73.590629,117.19838337182448,-5.2499999995347935e-05,8.499999999855845e-06,0.1993648960739023,374.9045036727673,375.8741544627793,-1.410284401301733,4.199679044763883,0.0474358486033951,183;-295,54616;-88309,America/Toronto
45.513173,-73.590679,117.39774826789838,-5.2499999995347935e-05,1.2999999999152578e-05,0.1993648960739094,378.9269484401997,379.9015367725223,-1.328059812371661,4.353194113987513,0.0457654042845015,183;-295,54616;-88309,America/Toronto
45.51319,-73.590734,117.5971131639723,-5.250000000245336e-05,1.2500000000414955e-05,0.1993648960739094,383.6108919007423,384.5897211442536,-1.337053145929045,4.340086770834603,0.0459034249862241,183;-295,54616;-88309,America/Toronto
45.513198,-73.590784,117.7964780600462,-4.799999999960392e-05,4.499999999296733e-06,0.149364896073898,387.6071219818689,388.5909211171477,-1.477319545650064,3.791120729150066,0.0393782458325214,183;-295,54616;-88309,America/Toronto
45.513199,-73.59083,117.89584295612008,-4.799999999960392e-05,7.000000000090267e-06,0.149364896073898,391.1931333590424,392.17830888261017,-1.4259838285529378,3.87075094414692,0.0385689566651396,183;-295,54616;-88309,America/Toronto
45.513212,-73.59088,118.095207852194,-5.050000000039745e-05,8.999999998593466e-06,0.1993648960739094,395.3486238701627,396.3385790360735,-1.3944301712195788,4.084038365616351,0.0487769076549944,183;-295,54616;-88310,America/Toronto
45.513217,-73.590931,118.29457274826792,-4.9500000002922206e-05,4.499999999296733e-06,0.1493648960739051,399.3612100902751,400.3561149146466,-1.4801364396135652,3.889532210046042,0.0383829032212307,183;-295,54616;-88310,America/Toronto
45.513221,-73.590979,118.3939376443418,-4.600000000465343e-05,9.5000000008838e-06,0.149364896073898,403.1276882902548,404.12390357823887,-1.3671378008189587,3.7895586079176553,0.0393944614370742,183;-295,54616;-88310,America/Toronto
45.513236,-73.591023,118.5933025404157,-4.949999999581678e-05,1.1499999999387e-05,0.1993648960739023,406.9403273061104,407.9417514834089,-1.3425225535499654,4.0947731860938745,0.0486492364846972,183;-295,54616;-88310,America/Toronto
45.513244,-73.591078,118.7926674364896,-5.099999999913507e-05,8.499999999855845e-06,0.1993648960739023,411.31723466244256,412.3231969489717,-1.40564764938027,4.08669235271546,0.0487452810384887,183;-295,54616;-88310,America/Toronto
45.513253,-73.591125,118.99203233256353,-4.450000000133514e-05,1.0499999998359044e-05,0.1493648960739051,415.1137120115413,416.124905331266,-1.3390794856460826,3.665327608258167,0.0407282280423609,183;-295,54616;-88310,America/Toronto
45.513265,-73.591167,119.09139722863742,-4.899999999707916e-05,7.000000000090267e-06,0.1493648960739051,418.6478898789589,419.6604797656565,-1.428899272180582,3.951657984357695,0.0377800471275045,183;-295,54616;-88310,America/Toronto
45.513267,-73.591223,119.29076212471132,-5.3499999999928605e-05,1.3000000002705292e-05,0.1993648960738951,423.0170279802567,424.03416403752607,-1.3324254969600926,4.577973933530615,0.0435212194192584,183;-295,54616;-88310,America/Toronto
45.513291,-73.591274,119.4901270207852,-5.099999999913507e-05,1.9000000001767603e-05,0.1993648960739023,427.8038377460201,428.82512365908354,-1.2141761908074815,4.52736239278633,0.0440071201980096,183;-295,54616;-88310,America/Toronto
45.513305,-73.591325,119.68949191685913,-5.200000000371574e-05,1.0999999997096666e-05,0.1993648960739094,432.0717527658294,433.0976925559066,-1.3623311084828191,4.246175099210859,0.0469171873004462,183;-295,54616;-88310,America/Toronto
45.513313,-73.591378,119.88885681293304,-5.149999999787269e-05,5.50000000032469e-06,0.1993648960739023,436.2961879444418,437.3268294584064,-1.4644034720853971,4.067323259015211,0.0489770419019791,183;-295,54616;-88310,America/Toronto
45.513316,-73.591428,120.08822170900692,-5.299999999408556e-05,1.0000000003174137e-05,0.1993648960739023,440.2063992838598,441.2421198793968,-1.3843094250495176,4.332770332550496,0.0459808296883567,183;-295,54616;-88310,America/Toronto
45.513333,-73.591484,120.28758660508085,-5.9000000000253294e-05,1.1999999998124622e-05,0.2493648960739065,444.9617286095428,446.0016265090263,-1.3701434495063718,4.824308002363381,0.0516432965375772,183;-295,54616;-88310,America/Toronto
45.51334,-73.591546,120.58695150115474,-5.700000000530281e-05,5.999999999062311e-06,0.2493648960739065,449.85501528858657,450.9040620123561,-1.4659193880906187,4.49152285031127,0.0554620707397101,183;-295,54617;-88310,America/Toronto
45.513345,-73.591598,120.78631639722865,-4.550000000591581e-05,-4.999999987376214e-07,0.149364896073898,453.94477431016537,454.9986774053292,-1.5817848954484603,3.6004894979119517,0.0414608347627319,183;-295,54617;-88310,America/Toronto
45.513339,-73.591637,120.88568129330254,-4.399999999549209e-05,2.500000000793534e-06,0.149364896073898,457.0559942844105,458.1114837132631,-1.514039168949024,3.560196759944944,0.0419295235123521,183;-295,54617;-88310,America/Toronto
45.51335,-73.591686,121.08504618937644,-5.399999999866623e-05,9.499999997331088e-06,0.1993648960739094,461.06516783005526,462.125611125402,-1.3966523897992045,4.345836084916186,0.0458427822559043,183;-295,54617;-88311,America/Toronto
45.513358,-73.591745,121.28441108545036,-5.9000000000253294e-05,4.9999999980343546e-06,0.1493648960739051,465.7476664542429,466.81235196817374,-1.4862525713153385,4.642549536951691,0.0321619383490754,183;-295,54617;-88311,America/Toronto
45.51336,-73.591804,121.38377598152424,-5.149999999787269e-05,7.000000000090267e-06,0.149364896073898,470.3502669039586,471.41602488034897,-1.435701888338308,4.140773625977488,0.0360561037716409,183;-295,54617;-88311,America/Toronto
45.513372,-73.591848,121.58314087759815,-4.700000000212867e-05,1.2999999999152578e-05,0.1993648960739023,474.0292137061978,475.1003695894516,-1.3009471708848133,3.937200994480349,0.0505929887332366,183;-295,54617;-88311,America/Toronto
45.513386,-73.591898,121.78250577367206,-5.250000000245336e-05,7.500000002380602e-06,0.1493648960739051,478.22466889291934,479.3005589406089,-1.428899272152837,4.241221864318362,0.0352028721889517,183;-295,54617;-88311,America/Toronto
45.513387,-73.591953,121.88187066974596,-5.149999999787269e-05,1.0000000010279564e-06,0.1493648960739051,482.51165743483455,483.5886988801496,-1.551381290871824,4.014377056100358,0.0371903347382568,183;-295,54617;-88311,America/Toronto
45.513388,-73.592001,122.08123556581988,-5.099999999913507e-05,4.499999999296733e-06,0.149364896073898,486.25342300512006,487.3357718637944,-1.482788953279354,4.021198992339322,0.0371272996060794,183;-295,54617;-88311,America/Toronto
45.513396,-73.592055,122.18060046189376,-5.5000000003246896e-05,1.2500000000414955e-05,0.149364896073898,490.5540554195132,491.637552023949,-1.3473197256598477,4.527978024699991,0.0329751499465016,183;-295,54617;-88311,America/Toronto
45.513413,-73.592111,122.37996535796766,-5.449999999740385e-05,1.100000000064938e-05,0.1993648960739094,495.30937905452,496.397052967897,-1.371637100322636,4.461143270943467,0.0446594794141034,183;-295,54617;-88311,America/Toronto
45.513418,-73.592164,122.57933025404158,-5.2499999995347935e-05,6.500000001352646e-06,0.1493648960739051,499.4763419614001,500.5687823729641,-1.4476136646174391,4.157625290121587,0.0359100872284738,183;-295,54617;-88311,America/Toronto
45.513426,-73.592216,122.67869515011547,-5.450000000450928e-05,5.50000000032469e-06,0.149364896073898,503.6246296347632,504.71825993086793,-1.4702194093424168,4.3010892950972845,0.0347132750657065,183;-295,54617;-88311,America/Toronto
45.513429,-73.592273,122.87806004618938,-5.9000000000253294e-05,8.499999999855845e-06,0.1993648960739023,508.0785205515947,509.1766105968453,-1.42771303312974,4.727692752507096,0.0421446268270911,183;-295,54617;-88311,America/Toronto
45.513443,-73.592334,123.07742494226328,-5.399999999866623e-05,1.4000000000180536e-05,0.1493648960739051,513.0800151397774,514.182077056368,-1.3171222306471209,4.490410586711676,0.0332508224657275,183;-295,54617;-88311,America/Toronto
45.513457,-73.592381,123.1767898383372,-5.200000000371574e-05,8.999999998593466e-06,0.1493648960739051,517.059341725018,518.1626440328897,-1.3994172004436587,4.221460348244932,0.0353675269395686,183;-295,54617;-88311,America/Toronto
45.513461,-73.592438,123.37615473441107,-5.649999999945976e-05,7.499999998827889e-06,0.1993648960739023,521.5229358362673,522.6306882081151,-1.4388245045973491,4.497622322113557,0.0442977335316149,183;-295,54617;-88311,America/Toronto
45.513472,-73.592494,123.575519630485,-5.7499999996935e-05,1.2500000000414955e-05,0.1993648960739023,526.0545863692452,527.1667220389882,-1.3567356432131192,4.692643585757708,0.0424590265773344,183;-295,54617;-88311,America/Toronto
45.513486,-73.592553,123.77488452655888,-5.300000000119098e-05,9.5000000008838e-06,0.1493648960739051,530.9082230077827,532.024451444867,-1.3934345161857478,4.27889312998542,0.0348931996201325,183;-295,54617;-88312,America/Toronto
45.513491,-73.5926,123.8742494226328,-5.099999999913507e-05,7.000000000090267e-06,0.1493648960739051,534.612372629216,535.7299335728143,-1.4343937223899272,4.052492074846782,0.0368408653403357,183;-295,54617;-88312,America/Toronto
45.5135,-73.592655,124.0736143187067,-5.449999999740385e-05,3.499999998268777e-06,0.1993648960739023,539.0132071574762,540.1352815621239,-1.5066642118220537,4.307163164135432,0.0462538087047326,183;-295,54617;-88312,America/Toronto
45.513498,-73.592709,124.2729792147806,-5.450000000450928e-05,2.500000000793534e-06,0.149364896073898,543.2266989574869,544.3534872838192,-1.5249569009030377,4.2845706554836624,0.0348469997548068,183;-295,54617;-88312,America/Toronto
45.513505,-73.592764,124.3723441108545,-5.600000000072214e-05,5.000000001587068e-06,0.1493648960739051,547.5823484684436,548.7102700469219,-1.4817467441334249,4.40476710486962,0.0338968398539518,183;-295,54617;-88312,America/Toronto
45.513508,-73.592821,124.57170900692842,-5.499999999614147e-05,2.9999999995311555e-06,0.1993648960739094,552.0362331672261,553.1686145010702,-1.516304870558849,4.298517469218496,0.0463467068922347,183;-295,54617;-88312,America/Toronto
45.513511,-73.592874,124.77107390300232,-5.149999999787269e-05,4.9999999980343546e-06,0.149364896073898,556.1793834068806,557.3165586026868,-1.4740122817212613,4.058042921751451,0.0367905175741944,183;-295,54617;-88312,America/Toronto
45.513518,-73.592924,124.8704387990762,-7.80000000020209e-05,5.999999999062311e-06,0.2493648960738994,560.152319010729,561.290736592523,-1.4940244355390508,6.125511820589622,0.0406867683134971,183;-295,54617;-88312,America/Toronto
45.513523,-73.59303,125.26980369515012,-8.19999999990273e-05,2.0000000020559128e-06,0.2493648960739065,568.4304070480598,569.5784524342985,-1.5464109175968317,6.399374074319439,0.0389473710106052,183;-295,54617;-88312,America/Toronto
45.513522,-73.593088,125.36916859122402,-5.300000000119098e-05,-1.0000000010279564e-06,0.1493648960739051,572.9510671593679,574.1002044425961,-1.589662012835532,4.131208390102643,0.0361395140561523,183;-295,54617;-88312,America/Toronto
45.513521,-73.593136,125.56853348729793,-5.000000000165983e-05,0.0,0.149364896073898,576.6928238282651,577.8472685374606,-1.5707963267948966,3.8975308042003576,0.0383042101301178,183;-295,54617;-88312,America/Toronto
45.513522,-73.593188,125.66789838337182,-5.399999999866623e-05,1.0000000010279564e-06,0.149364896073898,580.7461287677686,581.9017912362718,-1.5522799247074006,4.209088107771663,0.0354713995889751,183;-295,54617;-88312,America/Toronto
45.513523,-73.593244,125.86726327944572,-5.600000000072214e-05,9.999999974752427e-07,0.1493648960739051,585.1110000438084,586.2712131223094,-1.5529410817006448,4.364871236789838,0.034206423778693,183;-295,54617;-88312,America/Toronto
45.513524,-73.5933,125.96662817551965,-5.550000000198452e-05,0.0,0.1493648960739051,589.4758712413483,590.6372151783883,-1.5707963267948966,4.325924655229869,0.0345141430199266,183;-295,54617;-88312,America/Toronto
45.513523,-73.593355,126.16599307159352,-5.200000000371574e-05,-3.999999997006398e-06,0.1993648960739023,593.7628493542682,594.9288264961151,-1.6475682180019795,4.091767233765893,0.0486849194536707,183;-295,54617;-88313,America/Toronto
45.513516,-73.593404,126.36535796766744,-5.199999999661031e-05,-5.999999999062311e-06,0.1993648960739023,597.6594057088801,598.8304797080822,-1.6856729322014228,4.109003249400587,0.0484810215819699,183;-295,54617;-88313,America/Toronto
45.513511,-73.593459,126.56472286374134,-5.3499999999928605e-05,-4.000000000559112e-06,0.1493648960739051,601.9808558530693,603.156526137618,-1.6454238325129011,4.193469671596802,0.0356034002102929,183;-295,54617;-88313,America/Toronto
45.513508,-73.593511,126.66408775981525,-5.3499999999928605e-05,-4.000000000559112e-06,0.1493648960739051,606.0463450520737,607.2232294474001,-1.6454238325129011,4.193469973172341,0.0356033976520193,183;-295,54617;-88313,America/Toronto
45.513503,-73.593566,126.86345265588916,-5.199999999661031e-05,-4.499999999296733e-06,0.1993648960739023,610.367795799414,611.5492764794461,-1.657119727727535,4.082647505447369,0.0487934984208202,183;-295,54617;-88313,America/Toronto
45.513499,-73.593615,127.06281755196304,-4.799999999960392e-05,-5.999999999062311e-06,0.1993648960739023,614.2116400629684,615.3982874022997,-1.695151321323439,3.8062608400879863,0.0523303280385584,183;-295,54617;-88313,America/Toronto
45.513491,-73.593662,127.26218244803697,-5.399999999866623e-05,-9.00000000214618e-06,0.1993648960739023,617.98031747959,619.1722343855442,-1.7359450042521989,4.325031953497501,0.046062982708305,183;-295,54617;-88313,America/Toronto
45.513481,-73.593723,127.46154734411084,-4.3000000005122274e-05,-5.50000000032469e-06,0.1493648960739051,622.8617039699634,624.0576903960091,-1.6980125438552227,3.4162649243171472,0.0436938685211984,183;-295,54617;-88313,America/Toronto
45.51348,-73.593748,127.56091224018476,-3.550000000274167e-05,-4.499999999296733e-06,0.1493648960739051,624.8128473282243,626.0113622689338,-1.6968844218303551,2.822075303619954,0.0528779858533092,183;-295,54617;-88313,America/Toronto
45.513472,-73.593794,127.76027713625868,-4.949999999581678e-05,-7.000000000090267e-06,0.2493648960738994,628.5058545772033,629.7097469031759,-1.7112789551987986,3.938127089084048,0.0632362574891729,183;-295,54617;-88313,America/Toronto
45.513466,-73.593847,128.05964203233256,-5.199999999661031e-05,-7.499999998827889e-06,0.2493648960739065,632.6891015063924,633.9036918493538,-1.7140392755937124,4.140593389539617,0.0601517817180605,183;-295,54617;-88313,America/Toronto
45.513457,-73.593898,128.25900692840648,-4.700000000212867e-05,-7.000000000090267e-06,0.1993648960739023,636.7870413562825,638.0064783871966,-1.718645692048932,3.747134467293904,0.0531545105851549,183;-295,54617;-88313,America/Toronto
45.513452,-73.593941,128.45837182448037,-4.700000000212867e-05,-7.500000002380602e-06,0.2493648960738994,640.1833704409802,641.4086538108556,-1.7290366512881212,3.761416894566537,0.0661985992090792,183;-295,54617;-88313,America/Toronto
45.513442,-73.593992,128.75773672055428,-5.149999999787269e-05,-9.999999999621425e-06,0.2493648960738994,644.3098751454156,645.5460032542468,-1.7625844687822472,4.164049646700903,0.0598137542105045,183;-295,54617;-88313,America/Toronto
45.513432,-73.594044,128.95710161662817,-5.199999999661031e-05,-7.000000000090267e-06,0.2493648960738994,648.511469734382,649.7523250978315,-1.704607304279811,4.138860037858649,0.0601769124820375,183;-295,54617;-88313,America/Toronto
45.513428,-73.594096,129.25646651270208,-4.650000000339105e-05,-8.499999999855845e-06,0.2493648960738994,652.5875952211329,653.8394290021557,-1.7515959000829686,3.7913122788756937,0.0656781135182987,183;-295,54617;-88313,America/Toronto
45.513415,-73.594137,129.45583140877596,-4.20000000005416e-05,-1.2999999999152578e-05,0.2493648960739136,656.0940942921334,657.3515910281326,-1.8709674976029536,3.577772109012983,0.0695858394115176,183;-295,54617;-88313,America/Toronto
45.513402,-73.59418,129.7551963048499,-4.349999999675447e-05,-1.0500000001911758e-05,0.2993648960739108,659.7431394391589,661.0128954167394,-1.8076450878003636,3.5955033240938405,0.0830693124019737,183;-295,54617;-88314,America/Toronto
45.513394,-73.594224,130.0545612009238,-4.500000000007276e-05,-7.499999998827889e-06,0.2493648960738994,663.2851009403211,664.5674854939095,-1.7359450041839184,3.6048889334664977,0.0690640674928584,183;-295,54617;-88314,America/Toronto
45.513387,-73.59427,130.2539260969977,-4.299999999801685e-05,-9.499999997331088e-06,0.2493648960738994,666.9529173060919,668.2407161230428,-1.7882337461483802,3.529097054187502,0.0705424424691578,183;-295,54617;-88314,America/Toronto
45.513375,-73.59431,130.55329099307158,-4.750000000086629e-05,-1.5000000001208493e-05,0.2993648960738966,670.3432950486961,671.644284923368,-1.8766751982176464,4.060139020069073,0.0735994894680196,183;-295,54617;-88314,America/Toronto
45.513357,-73.594365,130.8526558891455,-3.900000000101045e-05,-1.2000000001677336e-05,0.2493648960738994,675.07319534623,676.3836494552028,-1.8692952584130824,3.3210981229539698,0.0749444446357958,183;-295,54617;-88314,America/Toronto
45.513351,-73.594388,131.05202078521938,-3.250000000321052e-05,-9.999999999621425e-06,0.1993648960739023,676.985491294604,678.3063096321332,-1.869295258342668,2.768144460306928,0.0718969920032114,183;-295,54617;-88314,America/Toronto
45.513337,-73.59443,131.2513856812933,-4.050000000432874e-05,-1.5499999999946112e-05,0.2493648960738994,680.6094842668439,681.9357822418426,-1.936314532949953,3.601400368932275,0.0691307548664861,183;-295,54617;-88314,America/Toronto
45.51332,-73.594469,131.55075057736718,-3.900000000101045e-05,-1.2999999999152578e-05,0.2493648960739136,684.1882920324686,685.5270890185323,-1.8925468811642103,3.389098576457286,0.0734461812346892,183;-295,54616;-88314,America/Toronto
45.513311,-73.594508,131.75011547344113,-4.099999999596093e-05,-9.999999999621425e-06,0.2493648960739136,687.3876814197585,688.7326839419887,-1.8100279267725208,3.3830962617067826,0.0735760206442405,183;-295,54616;-88314,America/Toronto
45.5133,-73.594551,132.049480369515,-3.799999999642978e-05,-1.3500000001442912e-05,0.2993648960738966,690.9544845558821,692.3120280093931,-1.912152212112097,3.3468122885817024,0.0892103544333955,183;-295,54616;-88314,America/Toronto
45.513284,-73.594584,132.34884526558892,-3.600000000147929e-05,-1.5499999999946112e-05,0.2993648960739108,694.0813059969219,695.4531475017313,-1.97736315337325,3.2966566737936205,0.0905602548405336,183;-295,54616;-88314,America/Toronto
45.513269,-73.594623,132.64821016166283,-3.949999999974807e-05,-1.34999999978902e-05,0.2493648960738994,697.5477979034694,698.932541914436,-1.90012249379686,3.4284378279209022,0.0726064064719632,183;-295,54616;-88314,America/Toronto
45.513257,-73.594663,132.84757505773672,-3.900000000101045e-05,-1.3500000001442912e-05,0.2493648960738994,700.9381816527637,702.3287822370966,-1.9040406279316,3.394388517653113,0.0733321302050092,183;-295,54616;-88314,America/Toronto
45.513242,-73.594701,133.14693995381063,-3.750000000479759e-05,-1.5000000001208493e-05,0.2993648960738966,704.3365749387756,705.7403355881981,-1.9513027038909272,3.3645589223511365,0.088742280349048,183;-295,54616;-88314,America/Toronto
45.513227,-73.594738,133.4463048498845,-3.199999999736747e-05,-1.8499999999477268e-05,0.2993648960738966,707.6672994974659,709.0844865158425,-2.094975955601213,3.2786187183531865,0.0910557476697689,183;-295,54616;-88314,America/Toronto
45.513205,-73.594765,133.74566974595842,-3.249999999610509e-05,-2.2999999998774e-05,0.2993648960739108,710.893812375482,712.3248575891927,-2.1866662787657987,3.6063048537150735,0.0828216428360368,183;-295,54616;-88314,America/Toronto
45.513181,-73.594803,134.04503464203233,-4.150000000180398e-05,-2.250000000003638e-05,0.3493648960739079,714.8799092048961,716.3221801023841,-2.067607128280731,4.09942493932931,0.0850174749466704,183;-295,54616;-88314,America/Toronto
45.51316,-73.594848,134.44439953810624,-2.849999999909869e-05,-1.8000000000739647e-05,0.2993648960739108,719.0926622541406,720.553820514108,-2.134112588319695,3.062443371954828,0.0974440131904578,183;-295,54616;-88314,America/Toronto
45.513145,-73.59486,134.64376443418016,-3.0000000002416986e-05,-7.000000000090267e-06,0.2493648960738994,721.0047959488057,722.4763193120427,-1.8000282600569173,2.8269576707846795,0.0879819096903036,183;-295,54616;-88314,America/Toronto
45.513146,-73.594908,134.94312933025404,-4.3500000003859896e-05,-6.500000001352646e-06,0.2993648960738966,724.7465775957099,726.2300573468702,-1.719124160934108,3.578084882523058,0.0834718300719702,183;-295,54616;-88314,America/Toronto
45.513132,-73.594947,135.24249422632795,-3.749999999769216e-05,-1.5999999998683734e-05,0.2993648960738966,728.1609657138519,729.6575441174224,-1.9740778085062525,3.4301719619408004,0.0870534454687069,183;-295,54616;-88314,America/Toronto
45.513114,-73.594983,135.54185912240183,-3.799999999642978e-05,-1.4999999997655776e-05,0.2993648960738966,731.6069215195915,733.1164790338544,-1.946757280644916,3.4181737236353342,0.0873574649513081,183;-295,54616;-88314,America/Toronto
45.513102,-73.595023,135.84122401847574,-3.600000000147929e-05,-1.4000000000180536e-05,0.2993648960739108,734.9973131611225,736.5200616792391,-1.9416876155980345,3.2267322579867823,0.0925116667612655,183;-295,54616;-88315,America/Toronto
45.513086,-73.595055,136.14058891454965,-3.250000000321052e-05,-1.6000000002236447e-05,0.2993648960739108,738.0603860355651,739.597728778707,-2.028271174707166,3.094951178015151,0.0964268763639772,183;-295,54616;-88315,America/Toronto
45.51307,-73.595088,136.43995381062356,-4.20000000005416e-05,-1.7500000002002025e-05,0.3493648960739079,741.1872155171528,742.7388562749936,-1.965587446530696,3.813711573263106,0.0913526093217921,183;-295,54616;-88315,America/Toronto
45.513051,-73.595139,136.83931870669747,-3.399999999942338e-05,-1.4000000000180536e-05,0.2493648960738994,745.6878091820913,747.2571342276101,-1.9614033705030944,3.0803807958228617,0.0807764757773688,183;-295,54616;-88315,America/Toronto
45.513042,-73.595156,136.93868360277136,-2.8999999997836312e-05,-9.499999997331088e-06,0.1993648960739023,747.3479771087985,748.9202731055873,-1.8873655803462603,2.521424975581965,0.0789041855950077,183;-295,54616;-88315,America/Toronto
45.513032,-73.595197,137.23804849884527,-4.349999999675447e-05,-1.4999999997655776e-05,0.3493648960739079,750.7306591332552,752.3161760811718,-1.9028557943126123,3.8004236650900793,0.0916702338287746,183;-295,54616;-88315,America/Toronto
45.513012,-73.595243,137.63741339491918,-3.0000000002416986e-05,-1.3000000002705292e-05,0.2493648960738994,754.9488244389787,756.5532046232782,-1.9797041557923496,2.7484418042008087,0.0904818179365612,183;-295,54616;-88315,America/Toronto
45.513006,-73.595257,137.73677829099307,-3.1499999998629846e-05,-1.4000000000180536e-05,0.2493648960738994,756.2275427416569,757.8357777713583,-1.9890206563950548,2.906620645066312,0.0855824740204699,183;-295,54616;-88315,America/Toronto
45.512984,-73.595306,138.13614318706698,-3.350000000068576e-05,-1.4499999998918156e-05,0.2493648960738994,760.7620657291113,762.3878532368981,-1.9792852198328632,3.0692909269973256,0.0810670601440769,183;-295,54616;-88315,America/Toronto
45.512977,-73.595324,138.23550808314087,-2.900000000494174e-05,-1.0000000003174137e-05,0.1993648960739023,762.3661245956515,763.9949867814108,-1.902855794383088,2.519870428585022,0.0789526608330059,183;-295,54616;-88315,America/Toronto
45.512964,-73.595364,138.53487297921478,-3.6999999998954536e-05,-1.2999999999152578e-05,0.2993648960739108,765.8018065862814,767.4436865482418,-1.9086745150236253,3.2268294029866524,0.0925088975230464,183;-295,54616;-88315,America/Toronto
45.512951,-73.595398,138.8342378752887,-3.5499999995636244e-05,-1.4499999998918156e-05,0.2993648960739108,768.8197834016248,770.4764746052863,-1.958566498687128,3.202882283153201,0.0931965791806387,183;-295,54616;-88315,America/Toronto
45.512935,-73.595435,139.1336027713626,-4.299999999801685e-05,-1.8499999999477268e-05,0.2993648960738966,772.2075711525878,773.8774634595133,-1.977090636711022,3.93165334953477,0.0759956021011423,183;-295,54616;-88315,America/Toronto
45.512914,-73.595484,139.4329676674365,-3.399999999942338e-05,-1.4000000000180536e-05,0.2493648960738994,776.6830901006944,778.3629834066166,-1.9614033705030944,3.074068982447784,0.0809416068688771,183;-295,54616;-88315,America/Toronto
45.512907,-73.595503,139.6323325635104,-3.0500000001154604e-05,-1.6000000002236447e-05,0.2993648960738966,778.3557091174833,780.047441995336,-2.053921991654159,2.983271657511864,0.1000130463169503,183;-295,54616;-88315,America/Toronto
45.512882,-73.595545,140.03169745958428,-3.0000000002416986e-05,-1.699999999971169e-05,0.2493648960738994,782.6496334157181,784.359898163135,-2.086345334212044,3.0084535907502072,0.0826990178715702,183;-295,54616;-88315,America/Toronto
45.512873,-73.595563,140.1310623556582,-2.8999999997836312e-05,-1.8499999999477268e-05,0.2493648960738994,784.3726162989838,786.0857438684627,-2.138640371079354,3.0642170788068483,0.0812007053009101,183;-295,54616;-88315,America/Toronto
45.512845,-73.595603,140.53042725173208,-2.5499999999567532e-05,-2.0499999997980467e-05,0.2493648960739136,788.7780675733318,790.5092598061384,-2.247923899292064,3.042996314514028,0.0817644581048233,183;-295,54616;-88315,America/Toronto
45.512832,-73.595614,140.62979214780603,-2.5000000000829917e-05,-1.1499999999387e-05,0.1993648960739165,790.4586089280118,792.192736158025,-2.001935067480838,2.458230402497918,0.0809238686304155,183;-295,54616;-88315,America/Toronto
45.512822,-73.595653,140.9291570438799,-4.050000000432874e-05,-8.000000001118224e-06,0.2493648960738994,793.6945283783276,795.4424736904933,-1.765816594206072,3.287932405161655,0.0756975468307275,183;-295,54616;-88315,America/Toronto
45.512816,-73.595695,141.12852193995383,-3.6999999998954536e-05,-1.2500000000414955e-05,0.2493648960738994,797.0344737383351,798.7883639112899,-1.8965954420862008,3.304042115846869,0.0753298619650518,183;-295,54616;-88315,America/Toronto
45.512797,-73.595727,141.4278868360277,-3.349999999358033e-05,-1.650000000097407e-05,0.2493648960738994,800.3026126100214,802.0701852083181,-2.028455983511148,3.20418057394312,0.0776683050441922,183;-295,54616;-88315,America/Toronto
45.512783,-73.595762,141.62725173210163,-3.600000000147929e-05,-2.200000000129876e-05,0.2993648960738966,803.4428348862214,805.2167297107412,-2.1193457292534084,3.774639108448298,0.0791438802469722,183;-295,54616;-88315,America/Toronto
45.512753,-73.595799,142.0266166281755,-2.5500000006672963e-05,-1.999999999924285e-05,0.2493648960738994,807.851890826918,809.6438356060647,-2.2358990131189334,2.9833808901618117,0.0833908263022415,183;-295,54616;-88315,America/Toronto
45.512743,-73.595813,142.12598152424945,-2.5000000000829917e-05,-1.0999999997096666e-05,0.1993648960739023,809.409596666545,811.2047074346849,-1.9853032012701488,2.332006425204668,0.0852833490699574,183;-295,54616;-88315,America/Toronto
45.512731,-73.595849,142.4253464203233,-4.099999999596093e-05,-1.650000000097407e-05,0.3493648960739079,812.5159036773273,814.325406488781,-1.953403541207263,3.6920780591813696,0.0943446264912569,183;-295,54616;-88316,America/Toronto
45.51271,-73.595895,142.82471131639724,-3.0000000002416986e-05,-1.450000000247087e-05,0.2493648960739136,816.7937527849077,818.6218568035691,-2.02102192309081,2.8427238928347265,0.0874964408130748,183;-295,54616;-88316,America/Toronto
45.512702,-73.595909,142.92407621247114,-2.6500000004148205e-05,-1.34999999978902e-05,0.1993648960739023,818.2013514629967,820.0329582957127,-2.0419625909814827,2.5543603473215057,0.0778909486469046,183;-295,54616;-88316,America/Toronto
45.512683,-73.595948,143.22344110854505,-4.549999999881038e-05,-1.4999999997655776e-05,0.3493648960739079,821.9024734795507,823.7461676249078,-1.8892465631023552,3.966777605147456,0.0878460537414477,183;-295,54616;-88316,America/Toronto
45.512672,-73.596,143.62280600461895,-3.349999999358033e-05,-9.5000000008838e-06,0.2493648960738994,826.1349066732917,827.9974007471556,-1.8471236018446784,2.850622817560293,0.0872552232152619,183;-295,54616;-88316,America/Toronto
45.512664,-73.596015,143.72217090069284,-2.0499999997980467e-05,-1.4000000000180536e-05,0.199364896073888,827.6037191146713,829.4695703605233,-2.169971649833089,2.2385737951393594,0.0888245471813471,183;-295,54616;-88316,America/Toronto
45.512644,-73.596041,144.02153579676673,-4.400000000259752e-05,-2.5499999999567532e-05,0.3993648960738909,830.6120542635704,832.4927639879813,-2.096039926416133,4.471535685141021,0.0890763483986637,183;-295,54616;-88316,America/Toronto
45.512613,-73.596103,144.52090069284063,-5.449999999740385e-05,-2.650000000059549e-05,0.3993648960739051,836.5467904849534,838.4484721168965,-2.023374277293166,5.169433391841551,0.077101914888052,183;-295,54616;-88316,America/Toronto
45.512591,-73.59615,144.82026558891454,-3.0999999999892225e-05,-1.5499999999946112e-05,0.2493648960739136,840.9509210472535,842.8627654182967,-2.0344439357957027,2.971416833683577,0.0837250257565377,183;-295,54616;-88316,America/Toronto
45.512582,-73.596165,145.01963048498845,-3.399999999942338e-05,-1.3500000001442912e-05,0.2993648960739108,842.4896241523205,844.4143303081191,-1.9487646383336457,3.0639658823976106,0.0973958981462688,183;-295,54616;-88316,America/Toronto
45.512564,-73.596218,145.41899538106236,-3.499999999689862e-05,-1.3000000002705292e-05,0.2493648960738994,847.0788528120487,849.0209030049824,-1.9264322111925023,3.0924229820983555,0.080463283124136,183;-295,54616;-88316,America/Toronto
45.512556,-73.596235,145.51836027713625,-2.900000000494174e-05,-1.5999999998683734e-05,0.2493648960738994,848.6744701165172,850.6196112225416,-2.074962288167177,2.8791621103680427,0.0863946366929775,183;-295,54616;-88316,America/Toronto
45.512532,-73.596276,145.91772517321016,-2.800000000036107e-05,-1.5999999998683734e-05,0.2493648960738994,852.8371770327848,854.8014315428038,-2.0899424410004266,2.8157608350240366,0.08832995522285,183;-295,54616;-88316,America/Toronto
45.512524,-73.596291,146.01709006928405,-2.599999999830516e-05,-8.999999998593466e-06,0.1993648960739023,854.3059917865653,856.2736034632992,-1.9040406278784103,2.2794315243031065,0.0872405484249778,183;-295,54616;-88316,America/Toronto
45.512514,-73.596328,146.31645496535796,-3.750000000479759e-05,-9.999999999621425e-06,0.2993648960739108,857.396040081391,859.3781191751867,-1.8313987185009613,3.126460889266184,0.0954609711129606,183;-295,54616;-88316,America/Toronto
45.512504,-73.596366,146.61581986143187,-3.600000000147929e-05,-7.500000002380602e-06,0.2993648960738966,860.5589135650977,862.5551284630133,-1.7761917160398364,2.934935625313358,0.1016489489896364,183;-295,54616;-88316,America/Toronto
45.512499,-73.5964,146.91518475750576,-2.3499999997511622e-05,-1.999999998503199e-06,0.1993648960739023,863.2659113320177,865.2786291975664,-1.6556981201903298,1.863022893400455,0.1066058160372249,183;-295,54615;-88316,America/Toronto
45.5125,-73.596413,147.01454965357968,-2.3999999996249244e-05,-7.499999998827889e-06,0.1993648960739165,864.2849593518986,866.3025101717986,-1.873681195169868,2.137631301713327,0.0929953880750375,183;-295,54616;-88316,America/Toronto
45.512484,-73.596448,147.3139145496536,-3.749999999769216e-05,-1.650000000097407e-05,0.2993648960739108,867.5411739354444,869.5724570758167,-1.9853032014241312,3.4507289631128515,0.0865374355724651,183;-295,54615;-88316,America/Toronto
45.512467,-73.596488,147.6132794457275,-3.250000000321052e-05,-1.999999999924285e-05,0.2993648960738966,871.1864172781243,873.229972402969,-2.122451309262453,3.4300618114808685,0.0870562269353959,183;-295,54615;-88316,America/Toronto
45.512444,-73.596513,147.91264434180138,-3.550000000274167e-05,-2.10000000002708e-05,0.3493648960738937,874.4012975584061,876.4587608069289,-2.104978901672089,3.687763349043223,0.0944543554094072,183;-295,54615;-88316,America/Toronto
45.512425,-73.596559,148.3120092378753,-3.0000000002416986e-05,-1.4000000000180536e-05,0.2493648960738994,878.5619439762107,880.6385300510627,-2.0074234865825056,2.8205156522852803,0.0881818202154228,183;-295,54615;-88316,America/Toronto
45.512416,-73.596573,148.41137413394918,-2.9999999995311555e-06,-1.9000000001767603e-05,0.1993648960739023,880.0423288629767,882.1222459253246,-2.9849907766461854,2.382368415655094,0.0834889605004513,183;-295,54615;-88316,America/Toronto
45.512387,-73.596565,148.7107390300231,-2.149999999545571e-05,-2.10000000002708e-05,0.3493648960739079,883.3266808075209,885.4202130319878,-2.344430327154684,3.756518488302049,0.0927355537936251,183;-295,54615;-88316,America/Toronto
45.512374,-73.596616,149.110103926097,-4.700000000212867e-05,-2.1499999999008423e-05,0.3993648960739051,887.5553658395808,889.6677145823799,-1.999825736805362,4.478357165655382,0.0889413813294963,183;-295,54615;-88316,America/Toronto
45.512344,-73.596659,149.5094688221709,-2.849999999909869e-05,-2.1499999999008423e-05,0.2993648960739108,892.2833951388317,894.412580584154,-2.2170985487033046,3.269498270126689,0.0913083452676635,183;-295,54615;-88316,America/Toronto
45.512331,-73.596673,149.70883371824482,-2.099999999671809e-05,-1.699999999971169e-05,0.1993648960739023,894.0943623798341,896.2344885702418,-2.2513175515302453,2.503357131668281,0.0794712860128693,183;-295,54615;-88317,America/Toronto
45.51231,-73.596701,149.9081986143187,-3.250000000321052e-05,-2.4500000002092293e-05,0.2993648960738966,897.2901094021682,899.4364481878109,-2.216754433094573,3.7195269668116,0.0803115537824706,183;-295,54615;-88317,America/Toronto
45.512282,-73.596738,150.3075635103926,-2.5000000000829917e-05,-1.8499999999477268e-05,0.2493648960738994,901.5334163134572,903.6985070639424,-2.207866656041196,2.833624645282555,0.087775968021956,183;-295,54615;-88317,America/Toronto
45.512273,-73.596751,150.4069284064665,-2.3499999997511622e-05,-2.0499999997980467e-05,0.2493648960738994,902.9573586927334,905.125912150829,-2.288118031937999,2.9300697722097766,0.0849008636488509,183;-295,54615;-88317,America/Toronto
45.512241,-73.596785,150.8062933025404,-2.5000000000829917e-05,-2.1499999999008423e-05,0.2493648960738994,907.3935558578768,909.5800492848028,-2.2810673342423717,3.091370740401373,0.0804905531201917,183;-295,54615;-88317,America/Toronto
45.51223,-73.596801,150.9056581986143,-1.650000000097407e-05,-1.8000000000739647e-05,0.1993648960739023,909.140100173536,911.329417864929,-2.3996453855749382,2.4129470267137094,0.0824357453012844,183;-295,54615;-88317,America/Toronto
45.512205,-73.596818,151.20502309468822,-1.650000000097407e-05,-2.5499999999567532e-05,0.2993648960739108,912.2194499113044,914.423285048325,-2.567287823380431,3.1138899469778494,0.0958440011508224,183;-295,54615;-88317,America/Toronto
45.512179,-73.596834,151.50438799076213,-1.5500000003498826e-05,-2.849999999909869e-05,0.2993648960739108,915.3678800674918,917.5859155656938,-2.643475943481463,3.394120438779396,0.0879733674109037,183;-295,54615;-88317,America/Toronto
45.512148,-73.596849,151.80375288683604,-8.000000001118224e-06,-3.0999999999892225e-05,0.2993648960739108,919.0076907888632,921.238016526567,-2.889038377777073,3.5438670188780748,0.0842740011125134,183;-295,54615;-88317,America/Toronto
45.512117,-73.59685,152.10311778290995,-1.499999996212864e-06,-3.0000000002416986e-05,0.2993648960738966,922.455614105248,924.6989115750584,-3.091634257997792,3.3381698819211465,0.0894400887791029,183;-295,54615;-88317,America/Toronto
45.512088,-73.596852,152.40248267898383,2.0000000020559128e-06,-2.9500000000126647e-05,0.2493648960738994,925.6840305527054,927.941178081565,3.073899630826741,3.298433580256244,0.0754574648570277,183;-295,54615;-88317,America/Toronto
45.512058,-73.596846,152.60184757505775,-2.9999999995311555e-06,-2.8999999997836312e-05,0.2493648960738994,929.0524812657604,931.315523435566,-3.0385110450754524,3.309643760402878,0.0752028450899891,183;-295,54615;-88317,America/Toronto
45.51203,-73.596858,152.90121247113163,-8.999999998593466e-06,-2.9000000001389022e-05,0.2993648960738966,932.3033180735112,934.5801151851769,-2.8406724192871677,3.3096437941894123,0.0902068226622491,183;-295,54615;-88317,America/Toronto
45.512,-73.596864,153.20057736720554,-7.500000002380602e-06,-3.500000000045134e-05,0.2993648960738966,935.6717688541391,937.9618425548084,-2.9304993203046577,3.935597450656872,0.0759197347502967,183;-295,54615;-88317,America/Toronto
45.51196,-73.596873,153.49994226327942,-5.50000000032469e-06,-2.6999999999333116e-05,0.2493648960739136,940.1745129748248,942.4745273385452,-2.940638389885319,3.0336271063465574,0.082015854439284,183;-295,54615;-88317,America/Toronto
45.511946,-73.596875,153.69930715935337,1.00000000458067e-06,-2.3000000002326715e-05,0.1993648960739165,941.7390230668324,944.0516887728252,3.0981417580038686,2.568186330366075,0.0774732985227272,183;-295,54615;-88317,America/Toronto
45.511914,-73.596871,153.89867205542726,2.0000000020559128e-06,-2.3000000002326715e-05,0.1993648960739023,945.310885635557,947.6291108295082,3.054854314833822,2.564295770768922,0.0775903704780882,183;-295,54615;-88317,America/Toronto
45.5119,-73.596871,154.09803695150117,0.0,-2.250000000003638e-05,0.1993648960739023,946.8676146083702,949.198553869756,3.141592653589793,2.50188584949251,0.0795178239355067,183;-295,54615;-88317,America/Toronto
45.511869,-73.596871,154.29740184757506,1.1499999999387e-05,-2.6499999997042775e-05,0.2493648960738994,950.314657334542,952.6513570668468,2.732155444042364,3.239788010833763,0.0768180511624387,183;-295,54615;-88317,America/Toronto
45.511847,-73.596848,154.59676674364897,9.999999996068707e-06,-2.5499999999567532e-05,0.2493648960738994,953.3471906300376,955.6986308532488,2.767865833752095,3.132824065412592,0.0794300111536412,183;-295,54615;-88317,America/Toronto
45.511818,-73.596851,154.79613163972286,-4.500000002849447e-06,-1.9000000001767603e-05,0.1493648960738909,956.5803054653672,958.9378866165706,-2.9090357116637424,2.168846049478418,0.0687598030576526,183;-295,54615;-88317,America/Toronto
45.511809,-73.596857,154.89549653579675,-4.999999987376214e-07,-2.250000000003638e-05,0.1993648960739023,957.6848827289946,960.046924178556,-3.119374088319188,2.5632548757937457,0.0776217522483674,183;-295,54615;-88317,America/Toronto
45.511773,-73.596852,155.19486143187066,5.000000001587068e-06,-2.449999999853958e-05,0.2493648960739136,961.7068152169549,964.079982605942,2.9402755451412856,2.7595251538575667,0.0901203754031418,183;-295,54615;-88317,America/Toronto
45.51176,-73.596847,155.39422632794458,1.1999999998124622e-05,-2.49999999972772e-05,0.2493648960739136,963.2039330367096,965.5903163862748,2.694072678451103,2.93480208529337,0.0847646179481342,183;-295,54615;-88317,America/Toronto
45.511723,-73.596828,155.6935912240185,1.3500000001442912e-05,-2.4500000002092293e-05,0.1993648960739023,967.5764193875416,969.9730388540124,2.637966357456617,2.922628244813666,0.0681087407268811,183;-295,54615;-88317,America/Toronto
45.511711,-73.59682,155.79295612009238,2.100000000382352e-05,-1.7000000003264404e-05,0.1993648960739023,969.049189526337,971.4491571637355,2.2513175514669777,2.53938644917531,0.0783483732660068,183;-295,54615;-88317,America/Toronto
45.511689,-73.596786,156.0923210161663,2.199999999419333e-05,-2.5499999999567532e-05,0.2993648960738966,972.655192285892,975.0675649963216,2.429745780803041,3.4617328597020105,0.0862637216458131,183;-295,54615;-88317,America/Toronto
45.51166,-73.596776,156.39168591224018,7.499999995275175e-06,-1.949999999695251e-05,0.199364896073888,975.9726552457412,978.3985077804252,2.774418819930286,2.2478462523208123,0.0884600546994866,183;-295,54614;-88317,America/Toronto
45.51165,-73.596771,156.49105080831407,1.650000000097407e-05,-1.4000000000180536e-05,0.1493648960739051,977.1508847905336,979.5809198248472,2.2744101095515874,2.06951079248222,0.0720490816359669,183;-295,54614;-88317,America/Toronto
45.511632,-73.596743,156.690415704388,3.0500000001154604e-05,-2.000000000279556e-05,0.2493648960738994,980.1116768307056,982.5484163904612,2.151194514235508,3.2549711819586378,0.0764611231183231,183;-295,54614;-88317,America/Toronto
45.51161,-73.59671,156.98978060046187,2.350000000461705e-05,-1.4999999997655776e-05,0.1993648960739165,983.660827154451,986.1101698015698,2.138901059109344,2.4783827630794804,0.0802686903342365,183;-295,54614;-88317,America/Toronto
45.511602,-73.596696,157.08914549653582,2.8999999997836312e-05,-1.5999999998683734e-05,0.2493648960739136,985.0684423568644,987.5212877770194,2.074962288270811,2.8761780861844386,0.0864838247655348,183;-295,54614;-88317,America/Toronto
45.511578,-73.596652,157.4885103926097,3.6500000000216914e-05,-2.000000000279556e-05,0.2993648960738966,989.41318332682,991.8843447805692,2.07206059172288,3.610391606164228,0.0827283209734115,183;-295,54614;-88316,America/Toronto
45.511562,-73.596623,157.6878752886836,2.400000000335467e-05,-8.000000001118224e-06,0.1493648960739051,992.2892255691928,994.7672886478168,1.892546881191539,2.178275830147868,0.0684630723647011,183;-295,54614;-88316,America/Toronto
45.511562,-73.596604,157.7872401847575,3.749999999769216e-05,-9.499999997331088e-06,0.2493648960738994,993.7697349871156,996.2511287736828,1.8189097758393449,3.1643311531710765,0.0786424035924339,183;-295,54614;-88316,America/Toronto
45.511543,-73.596548,158.1866050808314,3.799999999642978e-05,-1.2999999999152578e-05,0.2493648960738994,998.6178878755352,1001.115702624464,1.9004207342244492,3.295075912009054,0.0755340637102809,183;-295,54614;-88316,America/Toronto
45.511536,-73.596528,158.2859699769053,3.949999999974807e-05,-1.0000000003174137e-05,0.2493648960738994,1000.3598868111336,1002.8605331819105,1.8187511716876228,3.280637222605435,0.0758652317188562,183;-295,54614;-88316,America/Toronto
45.511523,-73.596469,158.6853348729792,5.000000000165983e-05,-1.749999999844931e-05,0.3493648960738937,1005.179162320746,1007.6963277141216,1.907471146143644,4.421539000359417,0.0788504972018746,183;-295,54614;-88316,America/Toronto
45.511501,-73.596428,158.9846997690531,4.20000000005416e-05,-2.099999999671809e-05,0.2993648960739108,1009.2029648118526,1011.7312509882915,2.034443935728032,4.022650575792454,0.0742828792418718,183;-295,54614;-88316,America/Toronto
45.511481,-73.596385,159.28406466512703,4.3500000003859896e-05,-1.699999999971169e-05,0.299364896073925,1013.2244634723309,1015.763876785118,1.943350585213928,3.893459086390749,0.0767381986467512,183;-295,54614;-88316,America/Toronto
45.511467,-73.596341,159.58342956120094,4.899999999707916e-05,-1.850000000302998e-05,0.3493648960738937,1016.989882984634,1019.5411778645442,1.931801630291179,4.344724301933127,0.0802386491586103,183;-295,54614;-88316,America/Toronto
45.511444,-73.596287,159.98279445727482,3.749999999769216e-05,-1.7500000002002025e-05,0.2993648960738966,1021.9139120761972,1024.4813757163286,2.0074234866758616,3.51772783997626,0.0848972222530724,183;-295,54614;-88316,America/Toronto
45.511432,-73.596266,160.18215935334874,3.2000000004472895e-05,-1.4999999997655776e-05,0.2493648960738994,1024.0253386645866,1026.6021936245763,2.0091328865390765,3.007173703150272,0.0827340551583587,183;-295,54614;-88316,America/Toronto
45.511414,-73.596223,160.48152424942262,3.799999999642978e-05,-2.0499999997980467e-05,0.2993648960738966,1027.9282594824977,1030.5165786659188,2.0655220092772395,3.76480768549834,0.0793496913346795,183;-295,54614;-88316,America/Toronto
45.511391,-73.59619,160.78088914549653,3.399999999942338e-05,-1.999999999924285e-05,0.2493648960738994,1031.5549540355833,1034.1556077565392,2.102520394044569,3.472507376917406,0.0716881333551982,183;-295,54614;-88316,America/Toronto
45.511374,-73.596155,160.98025404157042,3.6500000000216914e-05,-1.2500000000414955e-05,0.2493648960738994,1034.8732742363325,1037.4799114906295,1.9007434189498047,3.2050423983686187,0.0776475041696566,183;-295,54614;-88316,America/Toronto
45.511366,-73.596117,161.27961893764433,4.450000000133514e-05,-5.50000000032469e-06,0.299364896073925,1037.9650388323205,1040.5861355099182,1.693768196362728,3.539876870222656,0.0843685448664653,183;-295,54614;-88316,America/Toronto
45.511363,-73.596066,161.57898383371827,3.350000000068576e-05,-2.9999999995311555e-06,0.1993648960739165,1041.9530279767778,1044.585345026474,1.6601103197724163,2.6392972931823806,0.0753939342255378,183;-295,54614;-88316,America/Toronto
45.51136,-73.59605,161.67834872979216,2.599999999830516e-05,-8.499999999855845e-06,0.1493648960738909,1043.2436334186852,1045.8797699139252,1.8867665987621207,2.249397050111611,0.0663048552963977,183;-295,54614;-88316,America/Toronto
45.511346,-73.596014,161.87771362586605,3.500000000400405e-05,-1.650000000097407e-05,0.2493648960738994,1046.451822077001,1049.0941471209642,2.0113266673900543,3.2983888893733138,0.0754584833768063,183;-295,54614;-88316,America/Toronto
45.511327,-73.59598,162.17707852193996,3.799999999642978e-05,-2.200000000129876e-05,0.3493648960739079,1049.840411197432,1052.495934234836,2.0955920985113408,3.841291720476761,0.0907003095451829,183;-295,54614;-88316,America/Toronto
45.511302,-73.595938,162.57644341801387,2.9499999996573933e-05,-1.6000000002236447e-05,0.2493648960738994,1054.1344055179543,1056.8084601240216,2.067764931781201,2.915210764788185,0.0853315161955243,183;-295,54614;-88316,America/Toronto
45.511295,-73.595921,162.67580831408776,3.500000000400405e-05,-7.000000000090267e-06,0.199364896073888,1055.6708327270082,1058.3480970784017,1.768191886625257,2.86949956011631,0.0693657670738731,183;-295,54614;-88316,America/Toronto
45.511288,-73.595868,162.97517321016164,3.500000000400405e-05,-9.499999997331088e-06,0.2493648960738994,1059.8734046381871,1062.561317937748,1.835839186592408,3.0413948868655325,0.0818073188966712,183;-295,54614;-88316,America/Toronto
45.511276,-73.595851,163.17453810623556,3.0500000001154604e-05,-1.749999999844931e-05,0.299364896073925,1061.7536225007393,1064.4520758737217,2.091706107588521,3.0787876947681525,0.096929955967461,183;-295,54614;-88316,America/Toronto
45.511253,-73.595807,163.5739030023095,2.849999999909869e-05,-1.699999999971169e-05,0.2493648960739136,1066.0309800277234,1068.7480367364233,2.108631853494777,2.9327539999763985,0.0848235297849569,183;-295,54614;-88315,America/Toronto
45.511242,-73.595794,163.6732678983834,2.099999999671809e-05,-1.5500000003498826e-05,0.199364896073888,1067.619130500692,1070.3392926263928,2.2066347505011663,2.3793308309429904,0.0835950515496186,183;-295,54614;-88315,America/Toronto
45.511222,-73.595765,163.97263279445727,3.249999999610509e-05,-1.850000000302998e-05,0.2493648960738994,1070.7896416896094,1073.5239057175,2.088284067890944,3.2765860218721627,0.0759586720164517,183;-295,54614;-88315,America/Toronto
45.511205,-73.595729,164.1719976905312,3.300000000194814e-05,-1.999999999924285e-05,0.2493648960738994,1074.1723025444364,1076.9124364935983,2.115660242203493,3.42376970365342,0.0727050531135296,183;-295,54614;-88315,America/Toronto
45.511182,-73.595699,164.47136258660507,3.850000000227283e-05,-2.0499999997980467e-05,0.3493648960738937,1077.6371810969165,1080.3902235377452,2.060079344252021,3.819228510147013,0.0912213803756768,183;-295,54614;-88315,America/Toronto
45.511164,-73.595652,164.87072748267897,3.1499999998629846e-05,-1.2999999999152578e-05,0.2493648960738994,1081.8107595647305,1084.5828658486537,1.9622014549124585,2.852574889829043,0.0871958150747954,183;-295,54614;-88315,America/Toronto
45.511156,-73.595636,164.97009237875287,2.200000000129876e-05,-1.5000000001208493e-05,0.1993648960739023,1083.3423308765744,1086.1176570611103,2.169215220283456,2.4047383153315423,0.0827158647997924,183;-295,54614;-88315,America/Toronto
45.511134,-73.595608,165.26945727482678,3.350000000068576e-05,-1.5999999998683734e-05,0.299364896073925,1086.6202361953935,1089.409204207992,2.0163736137295243,3.2569554352614887,0.0916580196997509,183;-295,54614;-88315,America/Toronto
45.511124,-73.595569,165.56882217090072,4.549999999881038e-05,-7.499999998827889e-06,0.2993648960739108,1089.856241747097,1092.6590274757496,1.734162474882289,3.6629614937787673,0.0815463197647271,183;-295,54614;-88315,America/Toronto
45.511119,-73.595517,165.8681870669746,3.399999999942338e-05,-2.9999999995311555e-06,0.199364896073888,1093.946159182951,1096.7598864068884,1.6588037003104392,2.6708104051673445,0.0745076631156546,183;-295,54614;-88315,America/Toronto
45.511118,-73.595501,165.9675519630485,3.1499999998629846e-05,-1.2000000001677336e-05,0.2493648960738994,1095.197862557432,1098.0155275659215,1.9347752833655116,2.859317202431839,0.0869912429822011,183;-295,54614;-88315,America/Toronto
45.511095,-73.595454,166.3669168591224,3.1499999998629846e-05,-1.5499999999946112e-05,0.2493648960738994,1099.6647935878148,1102.5002756246663,2.0280745951928933,2.9992517930218128,0.0829515804875312,183;-295,54614;-88315,America/Toronto
45.511087,-73.595438,166.4662817551963,2.6500000004148205e-05,-7.499999998827889e-06,0.1993648960739023,1101.1963661434756,1104.0350680783308,1.8466022253014516,2.2589576165451035,0.0880271870199769,183;-295,54614;-88315,America/Toronto
45.51108,-73.595401,166.7656466512702,3.900000000101045e-05,-9.5000000008838e-06,0.2993648960739108,1104.182708820905,1107.0363781136382,1.8097327673964947,3.224303870546919,0.0925809447036151,183;-295,54614;-88315,America/Toronto
45.511068,-73.59536,167.0650115473441,3.799999999642978e-05,-1.4000000000180536e-05,0.2493648960738994,1107.6449738845697,1110.51156137673,1.923786714656468,3.3592688825762025,0.0740959958521561,183;-295,54614;-88315,America/Toronto
45.511052,-73.595325,167.264376443418,3.499999999689862e-05,-1.699999999971169e-05,0.2493648960739136,1110.9012465860574,1113.7739314152514,2.022950189108831,3.319592054526652,0.074978318981602,183;-295,54614;-88315,America/Toronto
45.511034,-73.59529,167.56374133949194,3.2000000004472895e-05,-1.8000000000739647e-05,0.2993648960739108,1114.2841579936228,1117.170062880969,2.083185787063466,3.200800849363759,0.0932568328935751,183;-295,54614;-88315,America/Toronto
45.511016,-73.595261,167.86310623556582,2.6500000004148205e-05,-2.5499999999567532e-05,0.2993648960738966,1117.302848284785,1120.2035609302443,2.336966091005954,3.568601294176688,0.0836926241304025,183;-295,54614;-88315,America/Toronto
45.510983,-73.595237,168.16247113163973,3.6999999998954536e-05,-1.4000000000180536e-05,0.2993648960738966,1121.4213605819762,1124.3329389564267,1.9325255683284492,4.027049201465275,0.0742020399271152,183;-295,54614;-88315,America/Toronto
45.510988,-73.595187,168.46183602771362,3.399999999942338e-05,2.4999999972408204e-06,0.2493648960738994,1125.3569466877154,1128.2798944079982,1.497399000972761,2.669094139769868,0.0931563769098705,183;-295,54614;-88315,America/Toronto
45.510988,-73.595169,168.66120092378753,3.249999999610509e-05,-9.999999974752427e-07,0.2493648960738994,1126.759548861516,1129.696594524373,1.6015558527914384,2.535849132948897,0.0980207154816275,183;-295,54614;-88315,America/Toronto
45.510986,-73.595122,168.96056581986142,3.1499999998629846e-05,-1.999999998503199e-06,0.1993648960739023,1130.4286449536132,1133.3778830860108,1.6342032787171523,2.4677663431024257,0.0806125182534086,183;-295,54614;-88315,America/Toronto
45.510984,-73.595106,169.05993071593534,3.0000000002416986e-05,1.999999998503199e-06,0.1993648960739023,1131.6950815477207,1134.64821179523,1.5042281630740928,2.379664521462928,0.0835833838841953,183;-295,54614;-88315,America/Toronto
45.51099,-73.595062,169.35929561200922,2.8999999997836312e-05,1.0000000010279564e-06,0.1993648960739023,1135.187973996539,1138.153909585972,1.5363272257574143,2.33549624981697,0.0851565297229987,183;-295,54614;-88315,America/Toronto
45.510986,-73.595048,169.45866050808314,2.6499999997042775e-05,-4.9999999980343546e-06,0.1493648960739193,1136.3660740473547,1139.336192594521,1.7572832284108195,2.144722219016103,0.069530736635816,183;-295,54614;-88315,America/Toronto
45.51098,-73.595009,169.65802540415706,4.500000000007276e-05,-6.000000002615025e-06,0.2993648960739108,1139.4774184345713,1142.453917768049,1.7033478591484554,3.5704991893928764,0.0836483446826902,183;-295,54614;-88315,America/Toronto
45.510974,-73.594958,170.05739030023096,3.300000000194814e-05,-4.500000002849447e-06,0.2493648960738994,1143.5070724261404,1146.5033132305823,1.7063240408572646,2.6225800611025534,0.0947988026272125,183;-295,54614;-88314,America/Toronto
45.510971,-73.594943,170.15675519630486,3.399999999942338e-05,-1.4999999997655775e-06,0.199364896073888,1144.7225785567764,1147.722874027011,1.6148853841868338,2.6726957785621157,0.0744552980078351,183;-295,54614;-88314,America/Toronto
45.510971,-73.59489,170.45612009237874,3.600000000147929e-05,1.0000000010279564e-06,0.1993648960739023,1148.852463983265,1151.8635953381984,1.5430256901740838,2.813509901594898,0.0707416097471239,183;-295,54614;-88314,America/Toronto
45.510973,-73.594871,170.55548498845266,3.0999999999892225e-05,-1.999999998503199e-06,0.1993648960739023,1150.3495983599662,1153.3640235185767,1.6352231661725898,2.45678627970824,0.0809712288839125,183;-295,54614;-88314,America/Toronto
45.510967,-73.594828,170.85484988452654,2.69999999957804e-05,-5.50000000032469e-06,0.199364896073888,1153.7660365426811,1156.7935525237483,1.7717505905251067,2.2190535272297893,0.0896017495399315,183;-295,54614;-88314,America/Toronto
45.510962,-73.594817,170.95421478060044,3.2000000004472895e-05,3.499999998268777e-06,0.2493648960739136,1154.7877054144258,1157.8200420103306,1.4618543698735995,2.6808814600046844,0.0927491363030674,183;-295,54614;-88314,America/Toronto
45.510974,-73.594764,171.35357967667437,5.3499999999928605e-05,2.0000000020559128e-06,0.3493648960739222,1159.1277994626903,1162.1784716206373,1.5334305489536888,4.320451811305702,0.0806874848833068,183;-295,54614;-88314,America/Toronto
45.510966,-73.59471,171.65294457274828,3.6500000000216914e-05,-5.50000000032469e-06,0.2493648960738994,1163.4286090370372,1166.48968749737,1.7203560666764224,2.909225168582907,0.0855062282197473,183;-295,54614;-88314,America/Toronto
45.510963,-73.594691,171.85230946882217,2.6500000004148205e-05,-8.500000003408559e-06,0.1993648960739023,1164.9462497998563,1168.0203670349472,1.881183733998348,2.295254540425504,0.0866421455733256,183;-295,54614;-88314,America/Toronto
45.510949,-73.594657,172.0516743648961,4.099999999596093e-05,-7.499999998827889e-06,0.2493648960738994,1168.0191181178882,1171.099695867948,1.751722787538793,3.4073979513462973,0.0730531453475786,183;-295,54614;-88314,America/Toronto
45.510948,-73.594609,172.35103926096997,4.450000000133514e-05,-4.9999999980343546e-06,0.2993648960738966,1171.761045702549,1174.8535793757098,1.6826865929196224,3.5449093613530067,0.0842493383570348,183;-295,54614;-88314,America/Toronto
45.510939,-73.594568,172.65040415704388,3.0000000002416986e-05,-6.499999997799932e-06,0.1993648960739023,1175.1089368405942,1178.214828312222,1.784164968859984,2.446892172171488,0.0812972014900141,183;-295,54614;-88314,America/Toronto
45.510935,-73.594549,172.74976905311777,3.299999999484271e-05,-5.000000001587068e-06,0.2493648960738994,1176.654830046892,1179.763911650151,1.7211677548721924,2.634260005284773,0.094380975016392,183;-295,54614;-88314,America/Toronto
45.510929,-73.594502,173.14913394919168,3.199999999736747e-05,-4.000000000559112e-06,0.2493648960739136,1180.3774568511635,1183.5078991827288,1.6951513213689866,2.532922969492347,0.0981332288872448,183;-295,54614;-88314,America/Toronto
45.510927,-73.594485,173.2484988452656,6.000000006167738e-06,-1.0999999997096666e-05,0.1493648960739051,1181.7206759858766,1184.8547885718142,2.642245931366573,1.800494233072186,0.0827681972065213,183;-295,54614;-88314,America/Toronto
45.510907,-73.59449,173.4478637413395,2.200000000129876e-05,-4.000000000559112e-06,0.2493648960738994,1183.978445317308,1187.1213429426025,1.7506498266015855,3.151204578689772,0.0789686368961418,183;-295,54614;-88314,America/Toronto
45.510919,-73.594441,173.7472286374134,4.649999999628562e-05,-9.5000000008838e-06,0.3993648960739051,1188.023085143256,1191.1770464158174,1.7723240945641403,4.453231309960188,0.0894405385343223,183;-295,54614;-88314,America/Toronto
45.510888,-73.594397,174.2465935334873,5.649999999945976e-05,-2.1499999999008423e-05,0.4993648960738994,1192.8849079372285,1196.0644471748528,1.934407230309376,5.200787088770653,0.09572372851231,183;-295,54614;-88314,America/Toronto
45.510876,-73.594328,174.7459584295612,5.149999999787269e-05,1.1999999998124622e-05,0.4493648960739023,1198.4246593207974,1201.6266599261942,1.341871330304698,5.170046416893797,0.0866991079603993,183;-295,54614;-88314,America/Toronto
45.510912,-73.594294,175.1453233256351,3.600000000147929e-05,2.250000000003638e-05,0.2993648960738966,1203.225000771016,1206.443585331357,1.0121970114690757,3.962968130025047,0.0753973784724961,183;-295,54614;-88314,America/Toronto
45.510921,-73.594256,175.344688221709,4.2499999999279225e-05,2.0000000020559128e-06,0.2993648960738966,1206.3505955808475,1209.575531894923,1.5237721949030865,3.414954885254815,0.0874393867271857,183;-295,54614;-88314,America/Toronto
45.510916,-73.594209,175.7440531177829,3.0500000001154604e-05,-3.5000000018214905e-06,0.2493648960739136,1210.0549105415255,1213.301312571254,1.6850506548109934,2.408833121251177,0.1031535960022999,183;-295,54614;-88314,America/Toronto
45.510914,-73.594195,175.84341801385682,2.900000000494174e-05,-6.000000002615025e-06,0.1993648960739165,1211.16826182335,1214.4190891407486,1.774814306440108,2.358871953136145,0.0843166681510552,183;-295,54614;-88314,America/Toronto
45.510904,-73.594151,176.14278290993073,3.0000000002416986e-05,-7.000000000090267e-06,0.1993648960739023,1214.772654447798,1218.035892360745,1.8000282600569173,2.4640569422003864,0.0807333464168105,183;-295,54614;-88313,America/Toronto
45.5109,-73.594135,176.24214780600462,3.199999999736747e-05,-7.499999998827889e-06,0.1993648960739023,1216.096375707751,1219.3633377858464,1.8010159140552964,2.629458550041477,0.0756749647295892,183;-295,54614;-88313,America/Toronto
45.510889,-73.594087,176.5415127020785,3.299999999484271e-05,-8.000000001118224e-06,0.2493648960738994,1220.031571547881,1223.3099040960938,1.8086322543201356,2.721986372128299,0.0913563640166637,183;-295,54614;-88313,America/Toronto
45.510884,-73.594069,176.74087759815242,2.950000000367936e-05,-1.1999999998124622e-05,0.2493648960738994,1221.5403484520073,1224.8317957177974,1.9571335415181328,2.669486842136393,0.0931427520077194,183;-295,54614;-88313,America/Toronto
45.510865,-73.594028,177.04024249422633,2.7000000002885827e-05,-1.2499999996862243e-05,0.1993648960739023,1225.3705452321535,1228.673673737158,2.0043778106102086,2.521577879881306,0.0788994208085321,183;-295,54614;-88313,America/Toronto
45.510859,-73.594015,177.13960739030023,2.0499999997980467e-05,-1.2500000000414955e-05,0.1493648960738909,1226.58350421177,1229.8906958687576,2.1183585627934383,2.125023440859877,0.0701731761756027,183;-295,54614;-88313,America/Toronto
45.51084,-73.593987,177.33897228637412,3.749999999769216e-05,-1.7000000003264404e-05,0.2993648960739108,1229.6205921138735,1232.9343202356745,1.996418795229882,3.530685388697407,0.0845871378285733,183;-295,54614;-88313,America/Toronto
45.510825,-73.59394,177.73833718244805,3.0999999999892225e-05,-1.0500000001911758e-05,0.2493648960739136,1233.6448749891647,1236.9783708017007,1.8973777615418943,2.685063958862884,0.0926054870552346,183;-295,54613;-88313,America/Toronto
45.510819,-73.593925,177.83770207852194,2.4500000002092293e-05,-9.499999997331088e-06,0.1493648960739051,1234.9907200315993,1238.3278789568512,1.940702394127971,2.1819552469594328,0.0683479830432729,183;-295,54613;-88313,America/Toronto
45.510806,-73.593891,178.03706697459586,3.0999999999892225e-05,-2.2999999998774e-05,0.2993648960738966,1238.0087854830836,1241.3525219822725,2.2091161347800985,3.643577876655741,0.0819782053913306,183;-295,54613;-88313,America/Toronto
45.510773,-73.593863,178.43643187066974,3.550000000274167e-05,-3.200000000092018e-05,0.3993648960738909,1242.2778757849107,1245.6402514892927,2.304389033377237,4.538142609613828,0.0877757173664939,183;-295,54613;-88313,America/Toronto
45.510742,-73.59382,178.83579676674364,2.8999999997836312e-05,-2.3500000001064336e-05,0.2493648960738994,1247.0850707023112,1250.4640067996393,2.2518133373006632,3.46795779739864,0.071781857791249,183;-295,54613;-88313,America/Toronto
45.510726,-73.593805,178.9351616628175,2.199999999419333e-05,-1.699999999971169e-05,0.1993648960739023,1249.213791379708,1252.5950453035027,2.228684932096603,2.573710112232334,0.0773076851753344,183;-295,54613;-88313,America/Toronto
45.510708,-73.593776,179.23452655889145,3.8000000003535206e-05,-1.5999999998683734e-05,0.2993648960739108,1252.232490926776,1255.628552563502,1.9693187723986216,3.499095379280448,0.0853471082251362,183;-295,54613;-88313,America/Toronto
45.510694,-73.593729,179.53389145496536,3.350000000068576e-05,-5.999999999062311e-06,0.1993648960739165,1256.211982138269,1259.6192880399967,1.748021711713943,2.7768668084901265,0.0716719319280207,183;-295,54613;-88313,America/Toronto
45.510696,-73.593709,179.63325635103928,2.200000000129876e-05,-9.00000000214618e-06,0.1993648960739023,1257.786224543756,1261.1966632438737,1.9591150450302424,2.239978022131595,0.0887691558294587,183;-295,54613;-88313,America/Toronto
45.510676,-73.593685,179.93262124711316,2.900000000494174e-05,-2.250000000003638e-05,0.2993648960738966,1260.691938182532,1264.1177574038709,2.230644753002072,3.372940305203997,0.0885229172478049,183;-295,54613;-88313,America/Toronto
45.510651,-73.593651,180.23198614318707,3.5499999995636244e-05,-2.099999999671809e-05,0.2993648960739108,1264.532105154164,1267.969575378674,2.104978901685663,3.6438734710881135,0.081971584993387,183;-295,54613;-88313,America/Toronto
45.510634,-73.593614,180.53135103926095,3.499999999689862e-05,-1.9500000000505224e-05,0.2993648960738966,1267.9796851247083,1271.4301283683417,2.079106951854414,3.498381665227839,0.085364435657128,183;-295,54613;-88313,America/Toronto
45.510612,-73.593581,180.8307159353349,3.550000000274167e-05,-2.050000000153318e-05,0.2993648960738966,1271.5288684846198,1274.9919146987206,2.094480987790083,3.5933445505978625,0.0831189884788673,183;-295,54613;-88313,America/Toronto
45.510593,-73.593543,181.1300808314088,2.6499999997042775e-05,-1.2000000001677336e-05,0.1993648960739023,1275.166374225904,1278.6417184412358,1.9960013458689736,2.465920292338069,0.0806726054411869,183;-295,54613;-88313,America/Toronto
45.510588,-73.593528,181.22944572748267,1.9000000001767603e-05,-1.4000000000180536e-05,0.1993648960739023,1276.460709069296,1279.9398617574338,2.205823062146941,2.208640963734979,0.0900219007665046,183;-295,54613;-88313,America/Toronto
45.510565,-73.593505,181.52881062355655,3.0000000002416986e-05,-1.749999999844931e-05,0.2993648960739108,1279.583656153374,1283.0771245502124,2.098870775147625,3.149948212874051,0.094753443039754,183;-295,54613;-88313,America/Toronto
45.510553,-73.593468,181.8281755196305,2.3999999996249244e-05,-9.5000000008838e-06,0.1993648960739023,1282.760605495044,1286.2681473424436,1.947705597205036,2.167387790146222,0.0917258349872397,183;-295,54613;-88313,America/Toronto
45.510546,-73.593457,181.9275404157044,2.4500000002092293e-05,-1.2500000000414955e-05,0.1993648960739023,1283.9184317336665,1287.430229517427,2.0425738379545133,2.3659489958432687,0.0840656478930588,183;-295,54613;-88313,America/Toronto
45.510528,-73.593419,182.2269053117783,2.6499999997042775e-05,-1.1499999999387e-05,0.1993648960739023,1287.4925034867306,1291.0168167862737,1.9802335363423256,2.4342039075671664,0.0817190831584119,183;-295,54613;-88313,America/Toronto
45.510523,-73.593404,182.3262702078522,2.6499999997042775e-05,-1.2500000000414955e-05,0.2493648960738994,1288.7868395488008,1292.314961317575,2.0115471746301856,2.49876761392386,0.0994658294618094,183;-295,54613;-88313,America/Toronto
45.510503,-73.593366,182.7256351039261,2.5500000006672963e-05,-1.1999999998124622e-05,0.2493648960738994,1292.4900387145783,1296.039632629467,2.0106389094496038,2.404771440783634,0.1033265869463791,183;-295,54613;-88313,America/Toronto
45.510499,-73.593353,182.825,2.250000000003638e-05,-1.100000000064938e-05,0.1493648960739051,1293.596382430368,1297.1504295506184,2.0255156016385216,2.151902913785989,0.0692994625518875,183;-295,54613;-88313,America/Toronto
45.510481,-73.593321,183.0243648960739,3.6500000000216914e-05,-2.3000000002326715e-05,0.2993648960739108,1296.7938445421505,1300.3541009317169,2.133081129180391,3.829238791456646,0.07802000404064,183;-295,54613;-88312,America/Toronto
45.510453,-73.59328,183.4237297921478,2.800000000036107e-05,-1.899999999821489e-05,0.2993648960739108,1301.2548600132814,1304.8329569635498,2.166995468042732,3.0371416334706964,0.098250604373908,183;-295,54613;-88312,America/Toronto
45.510443,-73.593265,183.62309468822173,2.2999999998774e-05,-1.4999999997655776e-05,0.2493648960738994,1302.8681278090917,1306.458496671704,2.148698263710024,2.4483500377085647,0.1015001779484268,183;-295,54613;-88312,America/Toronto
45.510423,-73.593234,183.9224595842956,3.0999999999892225e-05,-2.10000000002708e-05,0.2993648960738966,1306.1515600886985,1309.7555479111852,2.166206202281231,3.3606936023811613,0.0888438118227771,183;-295,54613;-88312,America/Toronto
45.510401,-73.593203,184.22182448036952,2.800000000036107e-05,-1.0000000003174137e-05,0.2493648960738994,1309.589515013854,1313.2065120385564,1.9138202673120537,2.6993432725881803,0.0921183852224103,183;-295,54613;-88312,America/Toronto
45.510403,-73.593178,184.4211893764434,2.400000000335467e-05,-3.5000000018214905e-06,0.1493648960739051,1311.5502466338748,1315.1773531908404,1.715608825088191,2.006719447696128,0.0742953747099235,183;-295,54613;-88312,America/Toronto
45.510394,-73.593155,184.52055427251733,3.0499999994049176e-05,-1.34999999978902e-05,0.2493648960738994,1313.6029539092465,1317.232464025062,1.9874985875486657,2.813392825969686,0.0884039152105746,183;-295,54613;-88312,America/Toronto
45.510376,-73.593117,184.9199191685912,2.749999999451802e-05,-1.5999999998683734e-05,0.2493648960738994,1317.1770322858142,1320.828785557137,2.097739554035217,2.8090739664453395,0.0885391246728616,183;-295,54613;-88312,America/Toronto
45.510362,-73.5931,185.01928406466516,2.5500000006672963e-05,-1.650000000097407e-05,0.1993648960739165,1319.221101842137,1322.875268817185,2.14510115687717,2.716347445908923,0.0732631139351611,183;-295,54613;-88312,America/Toronto
45.510343,-73.593066,185.31864896073904,3.0000000002416986e-05,-1.9500000000505224e-05,0.2993648960739108,1322.609727177632,1326.2770920056182,2.147171547361105,3.1985083747105136,0.0933232858174524,183;-295,54613;-88312,America/Toronto
45.510323,-73.59304,185.61801385681292,3.5499999995636244e-05,-1.2500000000414955e-05,0.2993648960738966,1325.618118591558,1329.3003416215752,1.909352021755489,3.2793703326731247,0.0910349932987051,183;-295,54613;-88312,America/Toronto
45.510318,-73.592995,185.91737875288683,3.0500000001154604e-05,-5.50000000032469e-06,0.2493648960738994,1329.1684678429783,1332.8632897194375,1.749206826149636,2.4822030249125646,0.1001251861210196,183;-295,54613;-88312,America/Toronto
45.510312,-73.592979,186.11674364896075,2.8999999997836312e-05,-1.8000000000739647e-05,0.2993648960739108,1330.582524641383,1334.2913313823108,2.1262900621122824,3.0436370642321435,0.0980422700883155,183;-295,54613;-88312,America/Toronto
45.510282,-73.592937,186.51610854503463,2.8999999997836312e-05,-2.1999999997746045e-05,0.2993648960738966,1335.2557419714426,1338.9815821788231,2.2197918857779912,3.333835909974823,0.0895557402110941,183;-295,54613;-88312,America/Toronto
45.510268,-73.592921,186.71547344110851,2.900000000494174e-05,-1.6499999997421355e-05,0.2493648960738994,1337.2501964613327,1340.9859761206494,2.088083706982101,2.9449573890948386,0.0844737090821666,183;-295,54613;-88312,America/Toronto
45.510249,-73.592879,187.01483833718245,2.800000000036107e-05,-1.450000000247087e-05,0.2493648960738994,1341.1456567496325,1344.8929225240086,2.0486273818513303,2.7266000590090016,0.0912026361886595,183;-295,54613;-88312,America/Toronto
45.510239,-73.592865,187.21420323325637,2.250000000003638e-05,-1.5499999999946112e-05,0.2493648960739136,1342.7033965793507,1346.4633682374536,2.174026179717202,2.458743921775408,0.1010740271852529,183;-295,54613;-88312,America/Toronto
45.510218,-73.592834,187.51356812933028,3.500000000400405e-05,-1.650000000097407e-05,0.2993648960739108,1346.063144593183,1349.8364270951452,2.0113266673900543,3.339396723388063,0.0894074047681127,183;-295,54613;-88312,America/Toronto
45.510206,-73.592795,187.81293302540416,2.69999999957804e-05,-8.499999999855845e-06,0.199364896073888,1349.3821900261269,1353.1689459513475,1.875788673649207,2.306693766672197,0.0862146059516383,183;-295,54613;-88312,America/Toronto
45.510201,-73.59278,187.91229792147809,2.6499999997042775e-05,-1.0499999998359044e-05,0.1993648960739023,1350.6765321265275,1354.4670965032642,1.948045386421952,2.3744031478116767,0.0837677297188868,183;-295,54613;-88312,America/Toronto
45.510185,-73.592742,188.211662817552,2.5499999999567532e-05,-1.100000000064938e-05,0.1993648960739023,1354.1309963217502,1357.9345079609768,1.978052174897382,2.3337166979505355,0.0852211511402086,183;-295,54613;-88312,America/Toronto
45.510179,-73.592729,188.31102771362583,2.800000000036107e-05,-1.2500000000414955e-05,0.2493648960738994,1355.3439655224286,1359.1515402795148,1.9906762840080052,2.587063463069967,0.0960923084728417,183;-295,54613;-88312,America/Toronto
45.51016,-73.592686,188.71039260969977,2.7000000002885827e-05,-1.2500000000414955e-05,0.2493648960738994,1359.3051232478902,1363.1327791377348,2.004377810718566,2.5236800947658367,0.0984903222428247,183;-295,54613;-88312,America/Toronto
45.510154,-73.592675,188.8097575057737,2.5000000000829917e-05,-1.1499999999387e-05,0.1993648960739023,1360.3913257119602,1364.223517041873,2.001935067480838,2.332578083368503,0.0852625493556007,183;-295,54613;-88312,America/Toronto
45.510137,-73.592636,189.1091224018476,2.599999999830516e-05,-1.2000000001677336e-05,0.1993648960739165,1363.9702794146272,1367.8149692477132,2.003204102443421,2.428231910646673,0.0819191663331536,183;-295,54613;-88312,America/Toronto
45.51013,-73.592623,189.2084872979215,2.3999999996249244e-05,-1.3500000001442912e-05,0.1993648960739165,1365.2477895332536,1369.096337846425,2.0831857872180843,2.398301964325924,0.0829368351282512,183;-295,54613;-88312,America/Toronto
45.51011,-73.592588,189.5078521939954,3.949999999974807e-05,-1.899999999821489e-05,0.3493648960738937,1368.766883343279,1372.6281420007858,2.019139008437301,3.744590325725312,0.0930292584627215,183;-295,54613;-88312,America/Toronto
45.510092,-73.592544,189.90721709006928,3.0000000002416986e-05,-1.0499999998359044e-05,0.2493648960738994,1372.7369701847042,1376.6182650375697,1.9074711461077736,2.630359741585721,0.0945200904860558,183;-295,54613;-88312,America/Toronto
45.510089,-73.592528,190.0065819861432,2.900000000494174e-05,-1.100000000064938e-05,0.1993648960739023,1374.0276028264504,1377.9127170446031,1.9333405640224737,2.593050837523265,0.0767333413990085,183;-295,54613;-88312,America/Toronto
45.51007,-73.592486,190.30594688221709,2.6500000004148205e-05,-1.4000000000180536e-05,0.199364896073888,1377.9230718597507,1381.8196721672534,2.056828256075666,2.606565338871178,0.0763370427084745,183;-295,54613;-88311,America/Toronto
45.510061,-73.592475,190.40531177829095,2.5499999999567532e-05,-1.650000000097407e-05,0.2493648960738994,1379.2407335041928,1383.1410750550228,2.145101157004259,2.710488333231297,0.0917417363905981,183;-295,54613;-88311,America/Toronto
45.510037,-73.592435,190.80467667436488,2.69999999957804e-05,-1.650000000097407e-05,0.2493648960738994,1383.344048526213,1387.263778838968,2.1193457293412283,2.7918670080060792,0.0890819393548055,183;-295,54613;-88311,America/Toronto
45.510028,-73.592421,190.9040415704388,2.800000000036107e-05,-1.699999999971169e-05,0.2493648960739136,1384.824467520205,1388.7475287438856,2.1164513813086443,2.887235442481483,0.0861542539865787,183;-295,54613;-88311,America/Toronto
45.510003,-73.592379,191.3034064665127,2.849999999909869e-05,-1.5499999999946112e-05,0.2493648960739136,1389.1185194111763,1393.0601119561345,2.068913036807025,2.8199558789528965,0.088199234055465,183;-295,54613;-88311,America/Toronto
45.509997,-73.592364,191.4027713625866,2.800000000036107e-05,-1.34999999978902e-05,0.2493648960738994,1390.4643792781108,1394.4096348955457,2.0200564393405944,2.6515578919152176,0.0937688792604398,183;-295,54612;-88311,America/Toronto
45.509976,-73.592323,191.8021362586605,2.599999999830516e-05,-1.4999999997655776e-05,0.2493648960738994,1394.4216351950067,1398.386991644949,2.094074648887441,2.6374592456398886,0.0942671682418522,183;-295,54612;-88311,America/Toronto
45.509967,-73.592312,191.9015011547344,2.8999999997836312e-05,-1.2500000000414955e-05,0.1993648960739023,1395.7392977693903,1399.7083954600273,1.9777671122028555,2.694670343889925,0.073850342299762,183;-295,54612;-88311,America/Toronto
45.509951,-73.592265,192.20086605080832,2.950000000367936e-05,-1.1500000002939714e-05,0.1993648960739023,1399.8109758827866,1403.791063950134,1.94250527695778,2.6441638021806284,0.0752556976053646,183;-295,54612;-88311,America/Toronto
45.509944,-73.592253,192.3002309468822,2.2999999998774e-05,-1.100000000064938e-05,0.1993648960739023,1401.0276253737518,1405.0117643091237,2.016901875782026,2.173679260248605,0.0914618251239678,183;-295,54612;-88311,America/Toronto
45.509929,-73.592219,192.5995958429561,3.499999999689862e-05,-1.1499999999387e-05,0.2493648960738994,1404.1583344032838,1408.1567537158776,1.888255062059998,3.036815067050725,0.0819301415398071,183;-295,54612;-88311,America/Toronto
45.509921,-73.592183,192.79896073903,3.399999999942338e-05,-8.000000001118224e-06,0.2493648960739136,1407.1012555078532,1411.106419966406,1.8018869940257385,2.7952023624967524,0.0889762034509651,183;-295,54612;-88311,America/Toronto
45.509913,-73.592151,193.09832563510395,4.20000000005416e-05,-1.4000000000180536e-05,0.3493648960739222,1409.7487391282773,1413.7707752095023,1.892546881191539,3.634842869259274,0.0958211947009916,183;-295,54612;-88311,America/Toronto
45.509893,-73.592099,193.49769053117785,3.600000000147929e-05,-1.2999999999152578e-05,0.2493648960738994,1414.3709412463718,1418.4101980982607,1.917335191194888,3.1587399269600382,0.0787810322803236,183;-295,54612;-88311,America/Toronto
45.509887,-73.592079,193.59705542725172,3.300000000194814e-05,-1.100000000064938e-05,0.199364896073888,1416.0662189821974,1420.1083853624214,1.892546881191539,2.8485069682698168,0.069875314436162,183;-295,54612;-88311,America/Toronto
45.509871,-73.592033,193.89642032332563,3.0000000002416986e-05,-1.1499999999387e-05,0.1993648960739023,1420.0679551829114,1424.121303497782,1.9368528425975728,2.6709407459356957,0.0745040406139502,183;-295,54612;-88311,America/Toronto
45.509864,-73.592019,193.99578521939955,2.5499999999567532e-05,-1.0499999998359044e-05,0.1993648960739023,1421.4081004740688,1425.4651274386251,1.961403370443532,2.3083765465875103,0.0861520671345454,183;-295,54612;-88311,America/Toronto
45.50985,-73.591982,194.29515011547343,3.5999999994373866e-05,-1.699999999971169e-05,0.2993648960738966,1424.6847082760864,1428.755382448384,2.0119758072636724,3.397856063320546,0.0878771463668348,183;-295,54612;-88311,America/Toronto
45.50983,-73.591947,194.59451501154732,1.9500000000505224e-05,-1.2500000000414955e-05,0.1993648960739023,1428.20381260071,1432.287197079503,2.140836790497918,2.078245613753893,0.0956367720134814,183;-295,54612;-88311,America/Toronto
45.509825,-73.591943,194.69387990762124,2.300000000587943e-05,-6.500000001352646e-06,0.1993648960739165,1428.8411995035942,1432.9322826912944,1.846222430478493,2.0144659004763525,0.0986454069143123,183;-295,54612;-88311,America/Toronto
45.509817,-73.591901,194.9932448036952,3.6500000000216914e-05,-1.650000000097407e-05,0.2993648960739108,1432.2327444016626,1436.3370141251398,1.995357707179182,3.537173273663712,0.0844327250425955,183;-295,54612;-88311,America/Toronto
45.509792,-73.59187,195.29260969976903,3.499999999689862e-05,-2.399999999980196e-05,0.2993648960738966,1435.9155460509216,1440.0319630190745,2.171870081330126,3.8273806961092314,0.0780577271242789,183;-295,54612;-88311,America/Toronto
45.509769,-73.591831,195.59197459584297,2.7000000002885827e-05,-1.4999999997655776e-05,0.1993648960739023,1439.887505793881,1444.0151882877092,2.077894831075513,2.6881348082403065,0.074029236678988,183;-295,54612;-88311,America/Toronto
45.509762,-73.591816,195.6913394919169,2.3499999997511622e-05,-1.2999999999152578e-05,0.1993648960739023,1441.2918156674025,1445.4230091582183,2.0760865149115317,2.3362759874543144,0.0851282456624154,183;-295,54612;-88311,America/Toronto
45.509743,-73.591784,195.9907043879908,3.949999999974807e-05,-2.200000000129876e-05,0.3493648960738937,1444.5600577687896,1448.7049332545805,2.0789689446580333,3.933093788193787,0.0885944712877187,183;-295,54612;-88311,America/Toronto
45.509718,-73.591737,196.39006928406465,3.0500000001154604e-05,-1.8000000000739647e-05,0.2993648960738966,1449.1580032437898,1453.320190009225,2.103952032303943,3.1184583075091723,0.0957044516515623,183;-295,54612;-88311,America/Toronto
45.509707,-73.591723,196.58943418013857,2.6499999997042775e-05,-9.5000000008838e-06,0.2493648960738994,1450.796974383808,1454.9712420252436,1.9150150098423664,2.402764184945113,0.1034122915718696,183;-295,54612;-88311,America/Toronto
45.509699,-73.591684,196.88879907621245,3.6500000000216914e-05,-1.0499999998359044e-05,0.2493648960739136,1453.96353161368,1458.151918687694,1.85090430204985,3.0923344810572644,0.080465576015359,183;-295,54612;-88311,America/Toronto
45.509686,-73.59165,197.0881639722864,3.749999999769216e-05,-1.9500000000505224e-05,0.299364896073925,1456.9816433459223,1461.17660789323,2.0503156188232885,3.6634468095409143,0.0815355647198021,183;-295,54612;-88310,America/Toronto
45.50966,-73.591609,197.4875288683603,4.299999999801685e-05,-2.3500000001064336e-05,0.3993648960738909,1461.290425232762,1465.503858021033,2.070957380581047,4.26085876006357,0.0934557001036332,183;-295,54612;-88310,America/Toronto
45.509639,-73.591564,197.88689376443415,3.0500000001154604e-05,-1.4999999997655776e-05,0.2493648960738994,1465.5033608660497,1469.7356802018958,2.0278650832658043,2.905840734155049,0.0856053318231791,183;-295,54612;-88310,America/Toronto
45.50963,-73.591548,197.9862586605081,2.5000000000829917e-05,-1.4499999998918156e-05,0.1993648960739023,1467.102106701072,1471.3375109131673,2.0963801202997185,2.5289084412614784,0.0786716584759765,183;-295,54612;-88310,America/Toronto
45.50961,-73.591514,198.285623556582,3.4499999998161e-05,-2.1499999999008423e-05,0.2993648960738966,1470.5611777485726,1474.8095120440223,2.128091861915627,3.598970952713102,0.0829896418201314,183;-295,54612;-88310,America/Toronto
45.509587,-73.591479,198.5849884526559,5.050000000039745e-05,-2.8500000002651404e-05,0.4493648960739023,1474.3000486064982,1478.560348568485,2.0845948984687204,5.060972544156925,0.0885579915938222,183;-295,54612;-88310,America/Toronto
45.509553,-73.591413,199.1843533487298,4.800000000670934e-05,-2.800000000036107e-05,0.3993648960738909,1480.6831228368865,1484.9715009539225,2.098870775166033,4.883378571012827,0.0815988609011105,183;-295,54612;-88310,America/Toronto
45.509531,-73.591383,199.38371824480367,3.6500000000216914e-05,-1.5999999998683734e-05,0.2493648960739136,1484.0668057485238,1488.3610520168645,1.9839251590408635,3.457056873698661,0.0720074227073489,183;-295,54612;-88310,America/Toronto
45.509521,-73.59134,199.6830831408776,3.749999999769216e-05,-1.7500000002002025e-05,0.299364896073925,1487.5972365842838,1491.904152527305,2.0074234866758616,3.632408407876824,0.0822291511040099,183;-295,54612;-88310,America/Toronto
45.509496,-73.591308,199.98244803695152,2.350000000461705e-05,-1.4499999998918156e-05,0.1993648960739023,1491.3316225642775,1495.650518498293,2.123637548266294,2.4925083328108717,0.0798157257334991,183;-295,54612;-88310,America/Toronto
45.509492,-73.591293,200.08181293302545,8.999999998593466e-06,-2.849999999909869e-05,0.2993648960738966,1492.5822532499055,1496.9050903353775,2.835713782220737,3.574298285179111,0.083559848960536,183;-295,54612;-88310,America/Toronto
45.509439,-73.59129,200.5811778290993,1.0999999993543952e-05,-3.850000000227283e-05,0.3493648960738937,1498.4802191346355,1502.8241584104103,2.8632929947553096,4.474918555560066,0.0779137451531274,183;-295,54612;-88310,America/Toronto
45.509415,-73.591271,200.7805427251732,2.6499999997042775e-05,-2.1499999999008423e-05,0.2493648960738994,1501.5320903610257,1505.8825345063565,2.252402149767336,3.220265706061241,0.0772819008466496,183;-295,54612;-88310,America/Toronto
45.509396,-73.591237,201.07990762124712,3.0000000002416986e-05,-2.6999999999333116e-05,0.2993648960738966,1504.9207505467582,1509.284392409822,2.303611428529061,3.8881347382272224,0.0768428697820972,183;-295,54612;-88310,America/Toronto
45.509361,-73.591211,201.379272517321,2.7000000002885827e-05,-2.7000000002885827e-05,0.2993648960738966,1509.30835983748,1513.6822026182133,2.356194490192345,3.712369455163525,0.0804657289572103,183;-295,54612;-88310,America/Toronto
45.509342,-73.591183,201.6786374133949,2.0499999997980467e-05,-1.2500000000414955e-05,0.1993648960739165,1512.3454894570853,1516.7340505284612,2.1183585627934383,2.125055745420923,0.0935425165241896,183;-295,54612;-88310,America/Toronto
45.509336,-73.59117,201.77800230946883,1.1999999998124622e-05,-1.999999999924285e-05,0.1993648960739165,1513.558471328322,1517.9510954752568,2.601173153371455,2.5447818570370373,0.0781829370394336,183;-295,54612;-88310,America/Toronto
45.509302,-73.591159,202.07736720554277,5.750000000404043e-05,-3.4499999998161e-05,0.4993648960738994,1517.435053171159,1521.839219203383,2.1112158270109638,6.433394819269438,0.0774654178916101,183;-295,54612;-88310,America/Toronto
45.509267,-73.591055,202.77673210161663,6.550000000515865e-05,-3.4499999998161e-05,0.4993648960738994,1526.4252609668608,1530.8565884132886,2.055588820095497,6.658424646540425,0.0748573159413515,183;-295,54612;-88310,America/Toronto
45.509233,-73.591028,203.0760969976905,2.3999999996249244e-05,-2.999999999886427e-05,0.2493648960738994,1530.7519024642402,1535.1935742315552,2.4668517114240083,3.824355600047397,0.0651122488569389,183;-295,54612;-88310,America/Toronto
45.509207,-73.591007,203.27546189376443,2.8999999997836312e-05,-2.8500000002651404e-05,0.2993648960738966,1534.0739721669556,1538.5216207263456,2.3474990572643746,3.9079802074870713,0.0764541697310165,183;-295,54612;-88310,America/Toronto
45.509176,-73.59097,203.67482678983836,2.800000000036107e-05,-2.8500000002651404e-05,0.2993648960738966,1538.5678628792143,1543.0332220001665,2.3650438167486647,3.871011988924352,0.0771814255752466,183;-295,54612;-88310,America/Toronto
45.50915,-73.590951,203.87419168591225,1.1499999999387e-05,-1.899999999821489e-05,0.1493648960739051,1541.8159961448043,1546.287467853328,2.5973121686258067,2.309197553882882,0.0645926161578687,183;-295,54611;-88310,America/Toronto
45.509138,-73.590947,203.97355658198612,1.0500000001911758e-05,-3.0999999999892225e-05,0.2493648960739136,1543.18625798698,1547.6613277074234,2.815011218842796,3.542825483678371,0.0702699915891141,183;-295,54611;-88310,America/Toronto
45.509088,-73.59093,204.37292147806005,1.0500000001911758e-05,-3.8499999998720114e-05,0.2993648960739108,1548.901647112161,1553.3906527263462,2.8753406043842107,4.366894690752133,0.0684461785830731,183;-295,54611;-88310,America/Toronto
45.509061,-73.590926,204.572286374134,5.50000000032469e-06,-3.1499999998629846e-05,0.2493648960738994,1551.9200473684843,1556.4156298285998,2.968732046785276,3.529205773528588,0.0705402765678447,183;-295,54611;-88310,America/Toronto
45.509025,-73.590919,204.87165127020785,-1.3000000002705292e-05,-4.350000000030718e-05,0.3493648960738937,1555.9600586592182,1560.466717407295,-2.851190710986198,5.1333772855380175,0.0679527281411463,183;-295,54611;-88310,America/Toronto
45.508974,-73.590952,205.27101616628173,-6.499999997799932e-06,-3.949999999974807e-05,0.3493648960739079,1562.1868019395604,1566.706254585604,-2.97849736143276,4.854244411481318,0.0718471337177777,183;-295,54611;-88310,America/Toronto
45.508946,-73.590932,205.5703810623557,1.0500000001911758e-05,-1.9000000001767603e-05,0.1993648960739023,1565.6685474821809,1570.2008463163445,2.636731281892972,2.298210977949225,0.086531244294907,183;-295,54611;-88310,America/Toronto
45.508936,-73.590931,205.6697459584296,6.999999996537554e-06,-2.050000000153318e-05,0.1493648960738909,1566.7832238954588,1571.3199427772852,2.812542958923588,2.3537463318326672,0.0633733896486731,183;-295,54611;-88310,America/Toronto
45.508905,-73.590918,205.86911085450345,6.999999996537554e-06,-1.9500000000505224e-05,0.1493648960739051,1570.3760401458462,1574.918286142062,2.796945338137298,2.2428911295305625,0.0664966191481394,183;-295,54611;-88310,America/Toronto
45.508897,-73.590917,205.96847575057737,-8.499999999855845e-06,-3.049999999760189e-05,0.2493648960739136,1571.26900615452,1575.816763562601,-2.8698004948991467,3.475459418728633,0.0716274498751846,183;-295,54611;-88310,America/Toronto
45.508844,-73.590935,206.36784064665127,-1.599999999513102e-05,-4.4499999997782425e-05,0.3493648960739079,1577.3269589833037,1581.887865999225,-2.796435003828148,5.103484196567138,0.0683495187806755,183;-295,54611;-88310,America/Toronto
45.508808,-73.590949,206.6672055427252,-2.250000000003638e-05,-3.799999999998249e-05,0.3493648960739079,1581.4759745476542,1586.047667616397,-2.6069983301478867,4.605241009612769,0.0757174247242642,183;-295,54611;-88310,America/Toronto
45.508768,-73.59098,207.0665704387991,-1.6000000002236447e-05,-5.050000000039745e-05,0.3993648960739051,1586.537441002529,1591.1248651695792,-2.834766364145256,5.922402294976905,0.0673309903384458,183;-295,54611;-88310,America/Toronto
45.508707,-73.590981,207.465935334873,-2.9999999995311555e-06,-5.750000000048772e-05,0.3993648960738909,1593.320779137608,1597.9199493173314,-3.08946600455272,6.400246085230833,0.0623175705631352,183;-295,54611;-88310,America/Toronto
45.508653,-73.590986,207.86530023094687,-3.999999997006398e-06,-4.350000000030718e-05,0.3493648960738937,1599.3379331729907,1603.9503419252585,-3.0498964973988154,4.8470129729367954,0.071953955799937,183;-295,54611;-88310,America/Toronto
45.50862,-73.590989,208.1646651270208,4.999999987376214e-07,-3.4500000001713715e-05,0.2493648960738994,1603.0148050834816,1607.6393806058848,3.127100914561596,3.8460032941784448,0.0647467829829203,183;-295,54611;-88310,America/Toronto
45.508584,-73.590985,208.36403002309467,-4.0000000041118255e-06,-3.750000000124487e-05,0.2493648960738994,1607.0299397613476,1611.6594618044662,-3.0353277905938003,4.225705397873298,0.0589430680676957,183;-295,54611;-88310,America/Toronto
45.508545,-73.590997,208.66339491916855,-1.499999996212864e-06,-3.949999999974807e-05,0.299364896073925,1611.4662158792282,1616.105827189259,-3.103636208496976,4.469513471745472,0.0668794100685045,183;-295,54611;-88310,America/Toronto
45.508505,-73.590988,208.9627598152425,9.499999997331088e-06,-3.949999999974807e-05,0.2993648960739108,1615.9689667048383,1620.6185186631503,2.9055689750263185,4.4544052164931145,0.0671055694674798,183;-295,54611;-88310,America/Toronto
45.508466,-73.590978,209.2621247113164,-1.5000000033182914e-06,-3.2999999998395424e-05,0.2493648960738994,1620.3750263122145,1625.0347365704497,-3.0961693740656635,3.787313976239261,0.0657472509764706,183;-295,54611;-88310,America/Toronto
45.508439,-73.590991,209.46148960739032,-8.999999998593466e-06,-3.350000000068576e-05,0.2493648960738994,1623.543594657317,1628.2095706951518,-2.879133253807806,3.8166993383629233,0.0652424934304115,183;-295,54611;-88310,America/Toronto
45.508399,-73.590996,209.7608545034642,-3.999999997006398e-06,-3.750000000124487e-05,0.2493648960738994,1628.0084249889403,1632.684425914171,-3.035327790781147,4.181833920857116,0.059559983979231,183;-295,54611;-88310,America/Toronto
45.508364,-73.590999,209.9602193995381,-1.999999999924285e-05,-3.549999999918896e-05,0.1993648960739023,1631.9072624990313,1636.588357303409,-2.628534744187174,4.416063637141974,0.045114752770178,183;-295,54611;-88310,America/Toronto
45.508328,-73.591036,210.159584295612,-3.500000000400405e-05,-3.500000000045134e-05,0.199364896073888,1636.8405522632245,1641.525673807268,-2.356194490141592,4.752802315106578,0.0419222337318088,183;-295,54610;-88310,America/Toronto
45.508294,-73.591069,210.3589491916859,-2.7500000001623448e-05,-3.1499999998629846e-05,0.1993648960739023,1641.4128671292444,1646.1023330250616,-2.423887512835517,4.112182110943877,0.0484436026750076,183;-295,54610;-88310,America/Toronto
45.508265,-73.591091,210.5583140877598,-2.599999999830516e-05,-2.849999999909869e-05,0.1993648960739165,1645.064916485112,1649.759819984639,-2.402033916090172,3.772743344202695,0.0527943772264936,183;-295,54610;-88310,America/Toronto
45.508237,-73.591121,210.75767898383373,-2.149999999545571e-05,-3.0000000002416986e-05,0.1493648960739051,1648.9583538176498,1653.6583582522703,-2.519768365897426,3.796536614173647,0.039322129391722,183;-295,54610;-88310,America/Toronto
45.508205,-73.591134,210.8570438799076,-1.7999999997186933e-05,-2.800000000036107e-05,0.0993648960739079,1652.6579897134593,1657.3593282797272,-2.5702551738331207,3.457159945254034,0.0287338595186492,183;-295,54610;-88310,America/Toronto
45.508181,-73.591157,210.95640877598157,-3.350000000068576e-05,-3.049999999760189e-05,0.1493648960739051,1655.872673708158,1660.57554757703,-2.3093537772270443,4.285172509968106,0.0348421094377134,183;-295,54610;-88310,America/Toronto
45.508144,-73.591201,211.15577367205543,-4.850000000544696e-05,-4.20000000005416e-05,0.2493648960738994,1661.2283347333955,1665.9349180045183,-2.2844944066108552,6.008387742917762,0.0414789922020056,183;-295,54610;-88310,America/Toronto
45.508097,-73.591254,211.4551385681293,-5.3499999999928605e-05,-3.949999999974807e-05,0.2493648960738994,1667.8894491939934,1672.602756124793,-2.206778780273467,6.085939232076044,0.040951031072069,183;-295,54610;-88310,America/Toronto
45.508065,-73.591308,211.65450346420323,-4.799999999960392e-05,-3.200000000092018e-05,0.1493648960738909,1673.4002131975476,1678.117125197013,-2.1587989303595445,5.172663040783732,0.0288678001096086,183;-295,54610;-88310,America/Toronto
45.508033,-73.59135,211.75386836027712,-4.3500000003859896e-05,-3.500000000045134e-05,0.1493648960739051,1678.2347752755609,1682.9527082920215,-2.248334464483221,5.162774887002229,0.0289230591975847,183;-295,54610;-88310,America/Toronto
45.507995,-73.591395,211.95323325635104,-3.999999999848569e-05,-3.6500000000216914e-05,0.1493648960739193,1683.725762971552,1688.4473140321372,-2.310474738817865,5.121685375121047,0.0291549679606857,183;-295,54610;-88310,America/Toronto
45.50796,-73.59143,212.05259815242496,-2.6499999997042775e-05,-3.24999999996578e-05,0.0993648960739079,1688.478146025803,1693.2007357551597,-2.4575409935075103,4.185568914867417,0.0237354198807078,183;-295,54610;-88310,America/Toronto
45.50793,-73.591448,212.15196304849889,-1.7999999997186933e-05,-3.1499999998629846e-05,0.0493648960738966,1692.096900801287,1696.8208544697409,-2.6224465393918543,3.773572085637852,0.0130809957441163,183;-295,54610;-88310,America/Toronto
45.507897,-73.591466,212.1513279445728,-2.5499999999567532e-05,-2.6999999999333116e-05,0.0493648960738966,1696.025290197079,1700.7492439168711,-2.3847581480272413,3.700979090096439,0.0133375432994137,183;-295,54610;-88310,America/Toronto
45.507876,-73.591499,212.25069284064665,-3.0999999999892225e-05,-2.599999999830516e-05,0.0993648960738937,1699.4988589814798,1704.2242336265736,-2.26869914935957,3.797678121236572,0.0261586757803318,183;-295,54610;-88310,America/Toronto
45.507845,-73.591528,212.35005773672052,-3.749999999769216e-05,-2.7000000002885827e-05,0.0493648960738966,1703.6206464395518,1708.3472186170982,-2.1948193798515176,4.262613715638395,0.0115803806421371,183;-295,54610;-88310,America/Toronto
45.507822,-73.591574,212.34942263279444,-4.9000000004184585e-05,-2.5000000000829917e-05,0.0493648960739108,1708.0240864127566,1712.750658636103,-2.0425738379545133,4.723318337466139,0.0104509362462224,183;-295,54610;-88310,America/Toronto
45.507795,-73.591626,212.4487875288684,-3.2000000004472895e-05,-2.9500000000126647e-05,0.0493648960739108,1713.067283114484,1717.7948341242168,-2.315566452443453,4.361130035965061,0.0113188067116997,183;-295,54610;-88310,America/Toronto
45.507763,-73.591638,212.44815242494224,-1.4999999997655776e-05,-3.0500000001154604e-05,-0.0006351039260863,1716.746346484687,1721.473897549237,-2.6845238971188854,3.5977911560100893,-0.0001765260661193,183;-295,54610;-88310,America/Toronto
45.507734,-73.591656,212.4475173210162,-1.599999999513102e-05,-3.549999999918896e-05,-0.0006351039260863,1720.2628654265045,1724.9904165484068,-2.718153247535513,4.156220849824649,-0.0001528080302012,183;-295,54610;-88310,America/Toronto
45.507692,-73.59167,212.4468822170901,-2.3499999997511622e-05,-3.900000000101045e-05,-0.0006351039261005,1725.058788184336,1729.7863393482903,-2.599289916432451,4.776890578631992,-0.0001329534164335,183;-295,54610;-88311,America/Toronto
45.507656,-73.591703,212.446247113164,-2.5500000006672963e-05,-3.8499999998720114e-05,-0.0006351039261005,1729.8166465837685,1734.5441977901114,-2.5565930438824456,4.76387863377397,-0.0001333165622304,183;-295,54610;-88311,America/Toronto
45.507615,-73.591721,212.4456120092379,-2.800000000036107e-05,-3.749999999769216e-05,-0.0506351039261119,1734.586545451884,1739.3140967005086,-2.500228293645655,4.786095614273563,-0.010579231792114,183;-295,54610;-88311,America/Toronto
45.507581,-73.591759,212.34497690531177,-3.4499999998161e-05,-3.350000000068576e-05,-0.0506351039261119,1739.3888378123154,1744.1174433816468,-2.341489667851365,4.597764779865543,-0.0110125374813967,183;-295,54610;-88311,America/Toronto
45.507548,-73.59179,212.34434180138567,-2.900000000494174e-05,-3.399999999942338e-05,-0.0506351039260977,1743.782075011615,1748.510680626853,-2.435393561069287,4.408701024134075,-0.0114847610162435,183;-295,54610;-88311,America/Toronto
45.507513,-73.591817,212.2437066974596,-2.599999999830516e-05,-3.4500000001713715e-05,-0.1006351039260948,1748.2062398605835,1752.9359898855366,-2.49577673417143,4.338614075855617,-0.0231910605903147,183;-295,54610;-88311,America/Toronto
45.507479,-73.591842,212.14307159353348,-3.949999999974807e-05,-3.350000000068576e-05,-0.1006351039260806,1752.4593031633262,1757.190243625181,-2.2741870446794032,4.918152565787182,-0.0204591177395771,183;-295,54609;-88311,America/Toronto
45.507446,-73.591896,212.0424364896074,-4.799999999960392e-05,-4.299999999801685e-05,-0.150635103926092,1758.042544992158,1762.7743923287308,-2.301304627579371,6.162211606929873,-0.0244401068875842,183;-295,54609;-88311,America/Toronto
45.507393,-73.591938,211.8418013856813,-4.899999999707916e-05,-4.700000000212867e-05,-0.2006351039261034,1764.783726377186,1769.5185587643086,-2.3353641702085324,6.526074262420138,-0.0307339328779948,183;-295,54609;-88311,America/Toronto
45.507352,-73.591994,211.6411662817552,-5.050000000039745e-05,-4.150000000180398e-05,-0.2506351039261005,1771.0946935169982,1775.8327143440133,-2.258678686922261,6.075578776061207,-0.0412294994811955,183;-295,54609;-88311,America/Toronto
45.50731,-73.592039,211.3405311778291,-2.400000000335467e-05,-4.5999999997548e-05,-0.3006351039260977,1776.9348839293084,1781.6806375238912,-2.660705373315273,5.702424872394317,-0.0526718089129278,183;-295,54609;-88311,America/Toronto
45.50726,-73.592042,211.039896073903,-1.6000000002236447e-05,-5.149999999787269e-05,-0.3006351039260977,1782.4995432617868,1787.253411963275,-2.8403670756761,5.93821677103324,-0.0505839810426609,183;-295,54609;-88311,America/Toronto
45.507207,-73.592071,210.7392609699769,-3.749999999769216e-05,-4.5500000002363095e-05,-0.3006351039260977,1788.8113174713749,1793.5723418678183,-2.4522832057654065,5.926443164671014,-0.0506843004834985,183;-295,54609;-88311,America/Toronto
45.507169,-73.592117,210.4386258660508,-4.99999999945544e-05,-3.949999999974807e-05,-0.3506351039260948,1794.3524295911288,1799.121603529463,-2.2394098947725927,5.872670636888756,-0.0596354473690688,183;-295,54609;-88311,America/Toronto
45.507128,-73.592171,210.0379907621247,-5.399999999866623e-05,-4.549999999881038e-05,-0.400635103926092,1800.5566587451524,1805.33875463605,-2.2709742592195035,6.588475836719226,-0.0607336812216903,183;-295,54609;-88311,America/Toronto
45.507078,-73.592225,209.63735565819863,-5.750000000404043e-05,-5.050000000039745e-05,-0.4506351039260892,1807.5293812645675,1812.3229774145168,-2.2914702087458148,7.186234326289423,-0.0626260980191698,183;-295,54609;-88311,America/Toronto
45.507027,-73.592286,209.13672055427253,-5.949999999899092e-05,-5.249999999890065e-05,-0.5506351039260977,1814.9291273977312,1819.739639624875,-2.293775680194413,7.457634058482426,-0.0737013564841154,183;-295,54609;-88311,America/Toronto
45.506973,-73.592344,208.53608545034643,-5.449999999740385e-05,-5.600000000072214e-05,-0.6006351039260949,1822.444649381532,1827.2791245686271,-2.3697683171409687,7.5455309160659,-0.0794339447777876,183;-295,54609;-88311,America/Toronto
45.506915,-73.592395,207.93545034642037,-5.9000000000253294e-05,-5.250000000245336e-05,-0.5506351039260977,1830.020189229863,1834.8784381245816,-2.297964429804668,7.481462298620613,-0.0734674648889269,183;-295,54609;-88311,America/Toronto
45.506868,-73.592462,207.43481524249424,-5.800000000277805e-05,-5.399999999866623e-05,-0.5506351039261119,1837.4075739787731,1842.2827671918044,-2.320495377476815,7.585618813594351,-0.0724622507025196,183;-295,54609;-88311,America/Toronto
45.506807,-73.592511,206.8341801385681,-5.399999999866623e-05,-6.050000000001887e-05,-0.6506351039261062,1845.191426857052,1850.089759452512,-2.412902184703958,7.943189803305472,-0.0817286029220406,183;-295,54609;-88312,America/Toronto
45.506747,-73.59257,206.13354503464203,-5.300000000119098e-05,-5.9000000000253294e-05,-0.650635103926092,1853.2939535853843,1858.222522140074,-2.409714758642623,7.759645362860283,-0.0836528852160357,183;-295,54609;-88312,America/Toronto
45.506689,-73.592617,205.53290993071596,-5.5000000003246896e-05,-6.249999999852207e-05,-0.650635103926092,1860.7107175827723,1865.6635671420224,-2.419937802684027,8.169504138880143,-0.0794741859785288,183;-295,54609;-88312,America/Toronto
45.506622,-73.59268,204.83227482678984,-6.549999999805323e-05,-6.800000000239947e-05,-0.7506351039260863,1869.6329618631448,1874.6132784528684,-2.3749188933991747,9.123399075795987,-0.0820909162715908,183;-295,54608;-88312,America/Toronto
45.506553,-73.592748,204.03163972286376,-6.49999999993156e-05,-6.750000000010914e-05,-0.7506351039261006,1878.9575157343645,1883.9721417100657,-2.3750601762200843,9.055538782815916,-0.0827032973021523,183;-295,54608;-88312,America/Toronto
45.506487,-73.59281,203.33100461893764,-5.550000000198452e-05,-6.999999999734996e-05,-0.7006351039261034,1887.7440394287764,1892.7865553707309,-2.4712223128715127,8.928896682304412,-0.078307815425811,183;-295,54608;-88312,America/Toronto
45.506413,-73.592859,202.63036951501155,-5.399999999866623e-05,-7.150000000066825e-05,-0.7006351039260892,1896.815309098973,1901.884842186296,-2.494743343038846,9.007944210318328,-0.0776234089877711,183;-295,54608;-88312,America/Toronto
45.506344,-73.592918,201.92973441108543,-6.349999999599731e-05,-7.100000000193063e-05,-0.7506351039261006,1905.759927849413,1910.8568594700275,-2.4118988838884685,9.31922884243943,-0.0803733958907419,183;-295,54608;-88312,America/Toronto
45.506271,-73.592986,201.12909930715932,-6.700000000137152e-05,-7.349999999917145e-05,-0.7506351039261006,1915.453766783852,1920.5837053029004,-2.4024248719248837,9.698738677785627,-0.0772411468104222,183;-295,54608;-88312,America/Toronto
45.506197,-73.593052,200.4284642032333,-5.949999999899092e-05,-7.749999999973056e-05,-0.7506351039261006,1925.1574052049843,1930.31260494042,-2.4868330645228927,9.806138557258691,-0.0763984837905749,183;-295,54608;-88312,America/Toronto
45.506116,-73.593105,199.62782909930715,-5.600000000072214e-05,-8.19999999990273e-05,-0.8006351039260977,1935.0660438983691,1940.253537357738,-2.5424173305919564,10.109842798363845,-0.0790286879482377,183;-295,54608;-88312,America/Toronto
45.506033,-73.593164,198.82719399538107,-6.100000000230921e-05,-8.599999999958641e-05,-0.8006351039260835,1945.377090801712,1950.595621519674,-2.5246507630221244,10.679139386870249,-0.074831880036067,183;-295,54608;-88312,America/Toronto
45.505944,-73.593227,198.02655889145495,-5.600000000072214e-05,-9.050000000243584e-05,-0.8006351039260977,1956.4243226721096,1961.6718279355896,-2.587475379952617,10.983304176977867,-0.07276694367231,183;-295,54608;-88312,America/Toronto
45.505852,-73.593276,197.22592378752887,-6.150000000104683e-05,-9.55000000004702e-05,-0.8006351039260977,1967.343699155668,1972.620517325618,-2.569461733028509,11.67335108953148,-0.0684793254429706,183;-295,54608;-88312,America/Toronto
45.505753,-73.59335,196.4252886836028,-6.150000000104683e-05,-9.70000000002358e-05,-0.7506351039261006,1979.7710248511728,1985.0736069226537,-2.5765328835905423,11.829917413353542,-0.063367317317721,183;-295,54607;-88313,America/Toronto
45.505658,-73.593399,195.72465357967667,-5.050000000039745e-05,-0.0001004999999985,-0.7006351039261034,1991.0035339823748,1996.327946127218,-2.675956975628514,11.848167227214958,-0.0590656866543911,183;-295,54607;-88313,America/Toronto
45.505552,-73.593451,195.02401847575055,-5.050000000039745e-05,-0.0001029999999992,-0.6006351039260949,2003.4673593056027,2008.811448489808,-2.6857421575260894,12.110359963703104,-0.0495561933788204,183;-295,54607;-88313,America/Toronto
45.505452,-73.5935,194.52338337182448,-4.949999999581678e-05,-9.449999999944224e-05,-0.5006351039261006,2015.224253909781,2020.5789973527208,-2.659079358599626,11.196352248453309,-0.0446843618106843,183;-295,54607;-88313,America/Toronto
45.505363,-73.59355,194.0227482678984,-4.500000000007276e-05,-9.299999999967667e-05,-0.4506351039260892,2025.860063802509,2031.2265833505676,-2.6909313275071627,10.931566719008856,-0.0411999589630959,183;-295,54607;-88313,America/Toronto
45.505266,-73.59359,193.6221131639723,-3.350000000068576e-05,-0.0001055,-0.400635103926092,2037.0873873477988,2042.461052740668,-2.8341268417748933,12.038494706590996,-0.0332672238015845,183;-295,54607;-88313,America/Toronto
45.505152,-73.593617,193.2214780600462,-2.250000000003638e-05,-0.0001069999999998,-0.3506351039260948,2049.937053215692,2055.3169627202446,-2.934331942929199,12.028644615665485,-0.029141757154365,183;-295,54607;-88313,America/Toronto
45.505052,-73.593635,192.9208429561201,-1.200000000523005e-05,-0.0001014999999995,-0.2506351039261005,2061.1446765791297,2066.528617500981,-3.023912317150429,11.335120815565231,-0.0221077722714197,183;-295,54607;-88313,America/Toronto
45.504949,-73.593641,192.720207852194,-1.3499999994337486e-05,-9.55000000004702e-05,-0.2006351039261034,2072.607294846822,2077.9929915351686,-3.0011618736534555,10.691841183868746,-0.0187630507464003,183;-295,54606;-88313,America/Toronto
45.504861,-73.593662,192.5195727482679,-1.999999999924285e-05,-0.0001010000000007,-0.2006351039261034,2082.5283589468672,2087.916084164089,-2.946101853349826,11.341735492705538,-0.0176881377077848,183;-295,54606;-88313,America/Toronto
45.504747,-73.593681,192.3189376443418,-7.000000003642981e-06,-0.0001040000000003,-0.1506351039261062,2095.290765832233,2100.680068023079,-3.074386327772768,11.610995252834527,-0.0129727598968586,183;-295,54606;-88313,America/Toronto
45.504653,-73.593676,192.2183025404157,7.500000002380602e-06,-8.500000000211116e-05,-0.1006351039260948,2105.7503494525363,2111.140135753943,3.0535852800364363,9.473127499755492,-0.0106228189723863,183;-295,54606;-88313,America/Toronto
45.504577,-73.593666,192.1176674364896,3.499999998268777e-06,-8.049999999926172e-05,-0.0506351039260835,2114.237020831744,2119.6274037786256,3.0981417582193296,8.97056563084584,-0.0056445232388893,183;-295,54606;-88313,America/Toronto
45.504492,-73.593669,192.11703233256355,2.500000000793534e-06,-8.249999999776492e-05,-0.0006351039260863,2123.691480714228,2129.081863682441,3.1112988936605883,9.185937328597902,-6.913871740635064e-05,183;-295,54606;-88313,America/Toronto
45.504412,-73.593661,192.11639722863745,-4.999999994481641e-06,-8.400000000108321e-05,-0.0006351039261005,2132.60889548894,2137.9992784797696,-3.082138994347364,9.401302493912452,-6.755488673464826e-05,183;-295,54606;-88313,America/Toronto
45.504324,-73.593679,192.11576212471127,-5.000000001587068e-06,-8.95000000014079e-05,-0.0506351039260977,2142.494085702053,2147.884468713285,-3.0857847423965543,10.011558486414742,-0.0050576213736636,183;-295,54606;-88313,America/Toronto
45.504233,-73.593671,192.01512702078523,-5.000000058430487e-07,-8.79999999980896e-05,-0.0506351039260977,2152.632012461769,2158.022894942711,-3.1359108964824265,9.807742076113756,-0.0051627228429608,183;-295,54606;-88313,America/Toronto
45.504148,-73.59368,192.01449191685916,-1.4000000000180536e-05,-8.300000000005525e-05,-0.0006351039261005,2162.1095698542804,2167.5004523565017,-2.9744908536566816,9.302624057194636,-6.827148138085062e-05,183;-295,54605;-88313,America/Toronto
45.504067,-73.593699,192.01385681293303,-2.199999999419333e-05,-8.100000000155205e-05,-0.0006351039261005,2171.2372605761584,2176.628143100475,-2.8763855362095776,9.17139677496084,-6.924833159757055e-05,183;-295,54605;-88313,America/Toronto
45.503986,-73.593724,192.01322170900693,-3.399999999942338e-05,-8.150000000028967e-05,-0.0006351039261005,2180.452363404202,2185.8432459504043,-2.7463659938551745,9.46469484400268,-6.710241963582749e-05,183;-295,54605;-88313,America/Toronto
45.503904,-73.593767,192.01258660508083,-3.949999999974807e-05,-8.349999999879287e-05,-0.0506351039260835,2190.166650264164,2195.557532831127,-2.699733363623116,9.7867305407392,-0.0051738067079389,183;-295,54605;-88313,America/Toronto
45.503819,-73.593803,191.9119515011548,-3.399999999942338e-05,-7.799999999846818e-05,-0.1006351039260948,2200.0258244856805,2205.417220643343,-2.7305281061989475,9.069264152803951,-0.0110958256613807,183;-295,54605;-88313,America/Toronto
45.503748,-73.593835,191.81131639722864,-3.850000000227283e-05,-7.499999999893703e-05,-0.1506351039261062,2208.305178569772,2213.6971863119857,-2.66733536309571,8.868958973213012,-0.0169828975535297,183;-295,54605;-88313,America/Toronto
45.503669,-73.59388,191.61068129330252,-5.5000000003246896e-05,-7.850000000075852e-05,-0.2506351039261005,2217.7637424321065,2223.157877871422,-2.5304393387760475,9.7513562485276,-0.0256969315474521,183;-295,54605;-88313,America/Toronto
45.503591,-73.593945,191.31004618937644,-5.5000000003246896e-05,-7.749999999973056e-05,-0.2506351039261005,2227.807891066827,2233.206524708786,-2.524401262019928,9.648272357893577,-0.0259713594319702,183;-295,54605;-88313,America/Toronto
45.503514,-73.59399,191.10941108545035,-5.299999999408556e-05,-7.199999999940587e-05,-0.2506351039261005,2237.0602871478936,2242.4610958866347,-2.5070398518626216,9.044991177231624,-0.0277027340117166,183;-295,54605;-88313,America/Toronto
45.503447,-73.594051,190.80877598152424,-6.849999999758438e-05,-6.950000000216505e-05,-0.3006351039260977,2245.89787342129,2251.303794151612,-2.363440740205447,9.3981826657689,-0.0319777379919301,183;-295,54605;-88313,America/Toronto
45.503375,-73.594127,190.50814087759812,-7.050000000674572e-05,-7.300000000043383e-05,-0.3006351039260977,2255.8566524794314,2261.267109954827,-2.3736143306992794,9.810737334514442,-0.0306338907668473,183;-295,54605;-88313,America/Toronto
45.503301,-73.594192,190.20750577367204,-6.100000000230921e-05,-7.099999999837792e-05,-0.1006351039260948,2265.519348090319,2270.9344812590844,-2.43180763339917,9.216138721660627,-0.0109190093090661,183;-295,54604;-88314,America/Toronto
45.503233,-73.594249,190.306870669746,-7.29999999933284e-05,-6.799999999884676e-05,-0.1506351039260778,2274.2889299227527,2279.704626006939,-2.320748349970753,9.51512575320453,-0.0158297983072673,183;-295,54604;-88314,America/Toronto
45.503165,-73.594338,189.90623556581988,-7.300000000043383e-05,-7.100000000193063e-05,-0.5006351039261006,2284.549599596728,2289.973114242553,-2.342306494271998,9.805804240263797,-0.0510106854864491,183;-295,54604;-88314,America/Toronto
45.503091,-73.594395,189.30560046189376,-7.750000000328328e-05,-6.500000000286832e-05,-0.6006351039261091,2293.9005384032803,2299.3433233699925,-2.2686991493908217,9.602571747639333,-0.0624680179020215,183;-295,54604;-88314,America/Toronto
45.503035,-73.594493,188.70496535796767,-9.850000000000136e-05,-5.699999999819738e-05,-0.6006351039260949,2303.7547430920067,2309.215816093484,-2.0953919783619166,9.955050065820616,-0.0602616623224192,183;-295,54604;-88314,America/Toronto
45.502977,-73.594592,188.1043302540416,-8.95000000014079e-05,-6.149999999749411e-05,-0.5506351039260977,2313.810638534921,2319.2896334278857,-2.172846537503629,9.800536904371713,-0.0561251709564351,183;-295,54604;-88314,America/Toronto
45.502912,-73.594672,187.60369515011547,-9.699999999668309e-05,-6.150000000104683e-05,-0.6006351039260949,2323.35581690075,2328.847931683473,-2.135856096810711,10.261818956808156,-0.0584643532230409,183;-295,54604;-88314,America/Toronto
45.502854,-73.594786,186.90306004618935,-0.0001069999999998,-5.750000000048772e-05,-0.6506351039261062,2334.334276448538,2339.8487254544366,-2.063901342414832,10.511882855581687,-0.0618163418479881,183;-295,54604;-88314,America/Toronto
45.502797,-73.594886,186.3024249422633,-0.0001019999999982,-5.699999999819738e-05,-0.5506351039260977,2344.379582611913,2349.9119723680337,-2.0803885915975773,10.16717467107378,-0.0541052662907205,183;-295,54604;-88314,America/Toronto
45.50274,-73.59499,185.8017898383372,-0.0001095000000006,-5.3499999999928605e-05,-0.5006351039260863,2354.6686257906854,2360.2131880750226,-2.0252698812477226,10.417925418124696,-0.0480182229125525,183;-295,54604;-88314,America/Toronto
45.50269,-73.595105,185.30115473441109,-0.0001165000000042,-4.649999999983834e-05,-0.3506351039260948,2365.215433448163,2370.771871102328,-1.9505625115785183,10.455865223481624,-0.0335222141670696,183;-295,54604;-88315,America/Toronto
45.502647,-73.595223,185.100519630485,-0.0001194999999967,-4.350000000030718e-05,-0.2506351039261005,2375.5803562376486,2381.1387355693173,-1.9199032390101152,10.49429465304638,-0.0238784477346875,183;-295,54604;-88315,America/Toronto
45.502603,-73.595344,184.79988452655888,-0.0001169999999959,-4.20000000005416e-05,-0.3006351039260977,2386.204022754256,2391.766655013959,-1.9154436424280965,10.244835345621825,-0.0293366211272233,183;-295,54604;-88315,America/Toronto
45.502563,-73.595457,184.4992494226328,-0.0001145000000022,-4.0500000000776026e-05,-0.2506351039261005,2396.0700269288923,2401.637238575211,-1.9107740290612565,9.99542000200131,-0.0250697413710979,183;-295,54604;-88315,America/Toronto
45.502522,-73.595573,184.29861431870668,-0.0001150000000009,-3.799999999998249e-05,-0.1506351039261062,2406.1948627582583,2411.764062115519,-1.8899359210645197,9.912169780330489,-0.0151958161088604,183;-295,54604;-88315,America/Toronto
45.502487,-73.595687,184.1979792147806,-0.0001129999999989,-3.549999999918896e-05,-0.1006351039260948,2415.894366489553,2421.464087891647,-1.8751921484357847,9.65113220197577,-0.0104269068918049,183;-295,54603;-88315,America/Toronto
45.502451,-73.595799,184.0973441108545,-0.0001125000000001,-3.4500000001713715e-05,-0.1006351039260806,2425.49712716221,2431.0673758681924,-1.8683580515461728,9.571607904479606,-0.0105135309579098,183;-295,54603;-88315,America/Toronto
45.502418,-73.595912,183.99670900692843,-0.0001120000000014,-3.24999999996578e-05,-0.1006351039260806,2435.0375822985125,2440.608361751839,-1.8532184594954149,9.44718320603488,-0.0106519896480423,183;-295,54603;-88316,America/Toronto
45.502386,-73.596023,183.89607390300236,-0.0001095000000006,-3.049999999760189e-05,-0.0506351039260977,2444.39149357428,2449.9628143589703,-1.8424495579687743,9.183689876290146,-0.0055135344856558,183;-295,54603;-88316,America/Toronto
45.502357,-73.596131,183.89543879907623,-0.0001059999999952,-3.150000000218256e-05,-0.0006351039261005,2453.4049620510928,2458.976282858159,-1.8596545996514624,8.978504165855611,-7.073605060590473e-05,183;-295,54603;-88316,America/Toronto
45.502323,-73.596235,183.89480369515013,-0.0001090000000019,-3.4500000001713715e-05,-0.100635103926109,2462.348501905991,2467.919822735607,-1.8773336704579835,9.321536176009886,-0.0107955590709387,183;-295,54603;-88316,America/Toronto
45.502288,-73.596349,183.694168591224,-0.0001115000000027,-3.399999999942338e-05,-0.2006351039261034,2472.0480344031125,2477.6214300822094,-1.8667724002720765,9.476515202883547,-0.0211686606019137,183;-295,54603;-88316,America/Toronto
45.502255,-73.596458,183.49353348729792,-0.0001049999999978,-3.900000000101045e-05,-0.2006351039261034,2481.301532311758,2486.8771028287056,-1.926432211110948,9.290341125552004,-0.0215927400776684,183;-295,54603;-88316,America/Toronto
45.50221,-73.596559,183.2928983833718,-0.000104499999999,-3.8499999998720114e-05,-0.2006351039261034,2490.6287166542165,2496.2064448313945,-1.9237867146139296,9.2326656483433,-0.0217275853042368,183;-295,54603;-88316,America/Toronto
45.502178,-73.596667,183.0922632794457,-0.0001085000000031,-3.799999999998249e-05,-0.2006351039260749,2499.7668636084445,2505.346794069908,-1.9076764006850664,9.470606187632027,-0.021181864459816,183;-295,54603;-88317,America/Toronto
45.502134,-73.596776,182.89162817551968,-0.0001120000000014,-4.0500000000776026e-05,-0.2006351039260892,2509.5699290294806,2515.15191243197,-1.9177739320165548,9.832375079383382,-0.020402726908908,183;-295,54603;-88317,America/Toronto
45.502097,-73.596891,182.69099307159357,-0.0001059999999952,-3.949999999974807e-05,-0.1506351039261062,2519.4316137672117,2525.0156379102723,-1.9274976777346853,9.373790878690896,-0.0160684339200257,183;-295,54603;-88317,America/Toronto
45.502055,-73.596988,182.59035796766744,-9.850000000000136e-05,-4.2499999999279225e-05,-0.150635103926092,2528.3175107868624,2533.902104771066,-1.9781360886000512,9.014596144010738,-0.0167085783242467,183;-295,54603;-88317,America/Toronto
45.502012,-73.597088,182.38972286374133,-9.850000000000136e-05,-4.299999999801685e-05,-0.1506351039261062,2537.4608060552328,2543.0476010839807,-1.982407620969571,9.0440716387443,-0.0166541335539184,183;-295,54603;-88317,America/Toronto
45.501969,-73.597185,182.28908775981523,-9.850000000000136e-05,-4.600000000110072e-05,-0.100635103926109,2546.405654064351,2551.993015178944,-2.007701341570167,9.227030730491151,-0.0109061210340295,183;-295,54603;-88317,America/Toronto
45.50192,-73.597285,182.18845265588917,-9.800000000126374e-05,-4.900000000063187e-05,-0.150635103926092,2555.914867516215,2561.5027611217783,-2.0344439357957027,9.382331467409813,-0.0160538095915861,183;-295,54603;-88317,America/Toronto
45.501871,-73.597381,181.98781755196305,-9.94999999974766e-05,-4.549999999881038e-05,-0.150635103926092,2565.1703169991706,2570.760384984113,-1.9996931049822504,9.271221819873062,-0.0162461705523125,183;-295,54603;-88317,America/Toronto
45.501829,-73.597484,181.88718244803692,-9.800000000126374e-05,-4.5500000002363095e-05,-0.1006351039260948,2574.457311155961,2580.047924372584,-2.005466541959053,9.177249390492534,-0.0109652757867215,183;-295,54603;-88317,America/Toronto
45.50178,-73.597577,181.7865473441109,-9.299999999967667e-05,-4.949999999936949e-05,-0.1006351039260948,2583.524815780156,2589.115987425625,-2.0599161323025843,9.101131191676814,-0.0110569774972299,183;-295,54603;-88318,America/Toronto
45.50173,-73.59767,181.6859122401848,-8.900000000267028e-05,-4.799999999960392e-05,-0.1006351039260948,2592.659573539315,2598.2512995025418,-2.065407487962701,8.752076242894873,-0.0114979196213942,183;-295,54603;-88318,America/Toronto
45.501684,-73.597755,181.58527713625867,-8.750000000645741e-05,-4.700000000212867e-05,-0.150635103926092,2601.0289682659454,2606.6212992345786,-2.0637148525543525,8.59168040487657,-0.0175308746218809,183;-295,54603;-88318,America/Toronto
45.501636,-73.597845,181.38464203233255,-8.849999999682723e-05,-4.749999999731358e-05,-0.2006351039261034,2609.842934349068,2615.437548582196,-2.063389078856566,8.687351686523925,-0.0230909776422883,183;-295,54602;-88318,America/Toronto
45.501589,-73.597932,181.1840069284065,-8.59999999960337e-05,-4.799999999960392e-05,-0.2506351039261005,2618.4036716389933,2624.000636657887,-2.0798672152333952,8.56904032327543,-0.0292405751937049,183;-295,54602;-88318,America/Toronto
45.50154,-73.598017,180.8833718244804,-7.64999999987026e-05,-4.850000000189425e-05,-0.2506351039261005,2626.981014995619,2632.5832470139007,-2.1358320658610195,8.049431270148943,-0.0311269386181569,183;-295,54602;-88318,America/Toronto
45.501492,-73.598085,180.68273672055423,-7.300000000043383e-05,-4.900000000063187e-05,-0.3006351039261119,2634.502534179291,2640.1074416734823,-2.161953494014158,7.87976025107605,-0.0381343276527311,183;-295,54602;-88318,America/Toronto
45.501442,-73.598163,180.28210161662813,-8.300000000360797e-05,-4.900000000063187e-05,-0.4006351039260778,2642.740535497771,2648.3551791941463,-2.104098509510886,8.464230589346244,-0.0472974251698457,183;-295,54602;-88318,America/Toronto
45.501394,-73.598251,179.8814665127021,-8.100000000155205e-05,-4.949999999936949e-05,-0.4006351039260778,2651.430995357984,2657.054868905192,-2.1193457292312314,8.389380598509206,-0.0477187749592185,183;-295,54602;-88318,America/Toronto
45.501343,-73.598325,179.480831408776,-7.64999999987026e-05,-5.099999999913507e-05,-0.4006351039261062,2659.5192966947893,2665.1530864252063,-2.158798930342464,8.229460453990669,-0.0486446284907915,183;-295,54602;-88318,America/Toronto
45.501292,-73.598404,179.0801963048499,-7.999999999697138e-05,-5.600000000072214e-05,-0.4506351039261034,2667.889916265965,2673.53328812277,-2.181522291207949,8.81831780967218,-0.0510577481603834,183;-295,54602;-88319,America/Toronto
45.501231,-73.598485,178.5795612009238,-8.350000000234559e-05,-5.9000000000253294e-05,-0.5506351039260977,2677.1559323141337,2682.812818763497,-2.185929313923875,9.24535488376364,-0.0594877567849925,183;-295,54602;-88319,America/Toronto
45.501174,-73.598571,177.9789260969977,-8.850000000393266e-05,-5.9000000000253294e-05,-0.6006351039260949,2686.3806260334923,2692.057045975333,-2.1587989303239365,9.519141315189929,-0.0630140763911978,183;-295,54602;-88319,America/Toronto
45.501113,-73.598662,177.3782909930716,-8.399999999397778e-05,-6.450000000057798e-05,-0.6006351039261091,2696.194214944513,2701.888998469248,-2.225628395431677,9.733426266048127,-0.0616303479199517,183;-295,54602;-88319,America/Toronto
45.501045,-73.598739,176.77765588914548,-7.949999999823376e-05,-7.199999999940587e-05,-0.6506351039261062,2705.8474785655885,2711.5609300791198,-2.306729921597702,10.124228992220424,-0.0641768975915462,183;-295,54602;-88319,America/Toronto
45.500969,-73.598821,176.0770207852194,-8.300000000360797e-05,-7.349999999917145e-05,-0.6506351039260778,2716.4426729289544,2722.17926484246,-2.295566010462464,10.425634558184356,-0.0623264128712056,183;-295,54602;-88319,America/Toronto
45.500898,-73.598905,175.47638568129332,-8.499999999855845e-05,-6.999999999734996e-05,-0.650635103926092,2726.698747681957,2732.452912289557,-2.259720714999503,10.221914939069164,-0.0635652483672465,183;-295,54602;-88319,America/Toronto
45.500829,-73.598991,174.7757505773672,-9.200000000220145e-05,-7.400000000146179e-05,-0.7006351039261034,2736.8865028070927,2742.6647311304187,-2.24818276549026,10.91412775298454,-0.0641072788013995,183;-295,54601;-88319,America/Toronto
45.50075,-73.599089,174.07511547344112,-9.850000000000136e-05,-7.700000000099294e-05,-0.7506351039261006,2748.5270031879263,2754.326297863283,-2.234294769567582,11.50095419587069,-0.0651747631863895,183;-295,54601;-88319,America/Toronto
45.500675,-73.599188,173.274480369515,-0.0001029999999957,-6.899999999987472e-05,-0.7506351039261006,2759.888411198834,2765.7158811989434,-2.161036063093935,11.126266265534696,-0.0673630610893568,183;-295,54601;-88320,America/Toronto
45.500612,-73.599295,172.57384526558891,-9.55000000004702e-05,-7.150000000066825e-05,-0.650635103926092,2770.779535718996,2776.6295186705897,-2.21345921281931,10.968032706415896,-0.0592516029803691,183;-295,54601;-88320,America/Toronto
45.500532,-73.599379,171.97321016166282,-8.100000000155205e-05,-8.19999999990273e-05,-0.6506351039261062,2781.824476611666,2787.6907790802647,-2.3623293825347105,11.094672713045838,-0.0585768312056758,183;-295,54601;-88320,America/Toronto
45.500448,-73.599457,171.2725750577367,-8.449999999982083e-05,-7.949999999823376e-05,-0.6506351039261062,2792.9688811450874,2798.8571859308768,-2.3257161262412693,11.045991778678172,-0.0588343919031037,183;-295,54601;-88320,America/Toronto
45.500373,-73.599548,170.6719399538106,-9.450000000299497e-05,-7.150000000066825e-05,-0.6006351039260807,2803.9164601690222,2809.821229391816,-2.218516819820432,10.84754728953476,-0.0553141078885734,183;-295,54601;-88320,America/Toronto
45.500305,-73.599646,170.07130484988454,-8.749999999935199e-05,-5.850000000151567e-05,-0.5506351039260835,2814.663975724157,2820.5855153939588,-2.1601164526521632,9.426554808442916,-0.058346884949417,183;-295,54601;-88320,America/Toronto
45.500256,-73.599723,169.57066974595844,-4.8499999998341536e-05,-4.549999999881038e-05,-0.3506351039260948,2822.769569785908,2828.7065553890075,-2.324290425711339,6.514520539017667,-0.0537717387746313,183;-295,54601;-88320,America/Toronto
45.500214,-73.599743,169.37003464203235,-2.250000000003638e-05,-3.500000000045134e-05,-0.2006351039261034,2827.693016802192,2833.634088744256,-2.570255173761297,4.298160778136435,-0.0466454326517804,183;-295,54601;-88320,America/Toronto
45.500186,-73.599768,169.16939953810623,-1.749999999844931e-05,-1.5999999998683734e-05,-0.1506351039261062,2831.365891342181,2837.312439166853,-2.3114482587408887,2.285116234583484,-0.0658248695721116,183;-295,54601;-88320,America/Toronto
45.500182,-73.599778,169.06876443418014,-8.000000001118224e-06,-5.999999999062311e-06,-0.0506351039260977,2832.263249271359,2838.2154223766647,-2.2142974354460723,0.9511697634302436,-0.0531843579563331,183;-295,54601;-88320,America/Toronto
45.500174,-73.599784,169.06812933025404,-6.499999997799932e-06,-7.500000002380602e-06,-0.0506351039260977,2833.2682308690414,2839.2204041750256,-2.4275019553022488,0.977750813839748,-0.0517411076032123,183;-295,54601;-88320,America/Toronto
45.500167,-73.599791,168.96749422632794,-6.499999997799932e-06,-7.500000002380602e-06,-0.0506351039260977,2834.2187508990387,2840.1762366664007,-2.4275019553022488,0.9777508428237524,-0.0517411060721582,183;-295,54601;-88320,America/Toronto
45.500159,-73.599797,168.96685912240184,-6.50000000490536e-06,-7.499999998827889e-06,-0.0506351039260835,2835.223732554689,2841.181218522729,-2.4275019545267837,0.9777508842446424,-0.0517411038841225,183;-295,54601;-88320,America/Toronto
45.500152,-73.599804,168.86622401847578,-6.50000000490536e-06,-7.499999998827889e-06,-0.0506351039260835,2836.174252667528,2842.1370510964857,-2.4275019545267837,0.977750913541513,-0.0517411023365418,183;-295,54601;-88320,America/Toronto
45.500144,-73.59981,168.86558891454968,-2.3999999996249244e-05,-1.999999999924285e-05,-0.100635103926109,2837.179234381772,2843.1420330114083,-2.265534603049841,2.919927788602081,-0.0344512925455357,183;-295,54601;-88320,America/Toronto
45.500112,-73.599852,168.66495381062356,-4.6999999995023245e-05,-3.24999999996578e-05,-0.2506351039261005,2842.014108244732,2847.9810680098003,-2.1757875870698693,5.151000775222656,-0.0486192096781824,183;-295,54601;-88320,America/Toronto
45.500079,-73.599904,168.36431870669747,-4.549999999881038e-05,-4.20000000005416e-05,-0.2506351039261005,2847.4812359322173,2853.456455358379,-2.3162158030885127,5.950647548378129,-0.0420940830329585,183;-295,54601;-88320,America/Toronto
45.500028,-73.599943,168.16368360277136,-4.650000000339105e-05,-4.8499999998341536e-05,-0.2506351039261005,2853.9154033414884,2859.8937501858245,-2.3772440122758782,6.529010239084755,-0.0383690772172242,183;-295,54601;-88320,America/Toronto
45.499982,-73.599997,167.86304849884527,-5.450000000450928e-05,-4.900000000063187e-05,-0.2506351039261005,2860.5392564103868,2866.524422168668,-2.303104329198664,6.910807306094057,-0.0362512355400632,182;-295,54600;-88320,America/Toronto
45.49993,-73.600052,167.66241339491916,-5.3499999999928605e-05,-5.250000000245336e-05,-0.2506351039261005,2867.7370179536765,2873.724979485917,-2.346760807810373,7.175059364719573,-0.0349172353414169,182;-295,54600;-88321,America/Toronto
45.499877,-73.600104,167.36177829099307,-5.699999999819738e-05,-5.499999999969418e-05,-0.2506351039260863,2874.889375139826,2880.883652183001,-2.3383392450658165,7.561189223584733,-0.0331354448206671,182;-295,54600;-88321,America/Toronto
45.49982,-73.600166,167.16114318706698,-6.299999999725969e-05,-5.649999999945976e-05,-0.2006351039260892,2882.859396400846,2888.856198410276,-2.301854732996444,7.974209922731916,-0.0251551921185794,182;-295,54600;-88321,America/Toronto
45.499764,-73.60023,166.9605080831409,-7.149999999711554e-05,-4.999999999810712e-05,-0.2006351039261034,2890.8377949852897,2896.837119310597,-2.18105280765169,7.92134648806109,-0.0253229948178006,182;-295,54600;-88321,America/Toronto
45.49972,-73.600309,166.75987297921478,-6.900000000342743e-05,-4.600000000110072e-05,-0.2006351039261034,2898.702089376968,2904.7039726029825,-2.1587989303305823,7.454650205064581,-0.0269075912212665,182;-295,54600;-88321,America/Toronto
45.499672,-73.600368,166.5592378752887,-5.550000000198452e-05,-5.300000000119098e-05,-0.2006351039260892,2905.747095395419,2911.75183499132,-2.333157091879253,7.33099871898844,-0.0273612152389287,182;-295,54600;-88321,America/Toronto
45.499614,-73.60042,166.3586027713626,-5.9000000000253294e-05,-5.899999999670058e-05,-0.2006351039261034,2913.364086814945,2919.371468363737,-2.3561944901622374,8.020721961497884,-0.0250093785569027,182;-295,54600;-88321,America/Toronto
45.499554,-73.600486,166.15796766743648,-6.49999999993156e-05,-6.050000000001887e-05,-0.2506351039261005,2921.7885393184147,2927.7983096716143,-2.3203532715083,8.421982884465024,-0.0297508503870264,182;-295,54600;-88321,America/Toronto
45.499493,-73.60055,165.8573325635104,-6.750000000010914e-05,-6.050000000001887e-05,-0.2506351039261005,2930.208052583875,2936.223188608013,-2.301561410952337,8.543705836038953,-0.0293272320763665,182;-295,54600;-88321,America/Toronto
45.499433,-73.600621,165.65669745958428,-6.700000000137152e-05,-6.050000000001887e-05,-0.2006351039260892,2938.8759509904926,2944.8934087454936,-2.3052581953001585,8.520739825578858,-0.0235423261267411,182;-295,54600;-88321,America/Toronto
45.499372,-73.600684,165.45606235565822,-6.700000000137152e-05,-6.250000000207478e-05,-0.2506351039260863,2947.249532235033,2953.2693933027767,-2.321459431758647,8.69415390931249,-0.0288200221343608,182;-295,54600;-88321,America/Toronto
45.499308,-73.600755,165.1554272517321,-6.799999999884676e-05,-6.30000000008124e-05,-0.2506351039261005,2956.2642588091176,2962.289131473656,-2.318045069336246,8.78500375130352,-0.0285221432329727,182;-295,54600;-88321,America/Toronto
45.499246,-73.60082,164.95479214780602,-6.949999999505962e-05,-5.849999999796296e-05,-0.2006351039261034,2964.81953973764,2970.8467646868094,-2.270467614439466,8.480782948546675,-0.0236532036059302,182;-295,54600;-88321,America/Toronto
45.499191,-73.600894,164.7541570438799,-7.250000000169621e-05,-6.000000000128125e-05,-0.2006351039261034,2973.225824706211,2979.2554436209675,-2.262133255563356,8.754529328262151,-0.0229138519100918,182;-295,54600;-88322,America/Toronto
45.499126,-73.600965,164.5535219399538,-7.700000000454565e-05,-6.550000000160594e-05,-0.150635103926092,2982.328598394164,2988.3604281491816,-2.2756672517521914,9.442856035021578,-0.0159509292188714,182;-295,54599;-88322,America/Toronto
45.49906,-73.601048,164.45288683602772,-7.499999999538431e-05,-6.349999999955003e-05,-0.1506351039261062,2992.111536776254,2998.143884124036,-2.2733520333442767,9.17153658515076,-0.0164227182548319,182;-295,54599;-88322,America/Toronto
45.498999,-73.601115,164.2522517321016,-6.450000000057798e-05,-6.150000000104683e-05,-0.1506351039261062,3000.6716715644657,3006.7063698634274,-2.3323894640113005,8.489542856880007,-0.0177417442872954,182;-295,54599;-88322,America/Toronto
45.498937,-73.601177,164.1516166281755,-6.600000000389628e-05,-6.099999999875649e-05,-0.1006351039260806,3009.090622490014,3015.1259222334133,-2.3168447337641527,8.518668057513196,-0.0118129292221879,182;-295,54599;-88322,America/Toronto
45.498877,-73.601247,164.05098152424944,-7.499999999538431e-05,-6.050000000001887e-05,-0.1506351039260778,3017.709007679492,3023.7448949505274,-2.249589110732308,8.915831169633748,-0.0168936323073651,182;-295,54599;-88322,America/Toronto
45.498816,-73.601327,163.85034642032335,-7.300000000043383e-05,-6.000000000128125e-05,-0.1506351039261062,3026.9222848292816,3032.960356430224,-2.2587596389076485,8.774995458946933,-0.0171647165622394,182;-295,54599;-88322,America/Toronto
45.498757,-73.601393,163.74971131639722,-6.549999999805323e-05,-6.299999999725969e-05,-0.1506351039261062,3035.258998597386,3041.297677575258,-2.3367416913588017,8.673029940588094,-0.017366475278221,182;-295,54599;-88322,America/Toronto
45.49869,-73.601458,163.54907621247114,-6.700000000137152e-05,-6.600000000034356e-05,-0.2006351039260892,3044.2683447104578,3050.309257449512,-2.348675834872409,9.009119726112884,-0.0222665422046965,182;-295,54599;-88322,America/Toronto
45.498625,-73.601527,163.34844110854505,-6.700000000137152e-05,-6.600000000034356e-05,-0.2006351039261034,3053.277238049612,3059.320384662085,-2.348675834872409,9.009123065207632,-0.0222665339546697,182;-295,54599;-88322,America/Toronto
45.498558,-73.601592,163.14780600461893,-6.750000000010914e-05,-6.599999999679085e-05,-0.0506351039261119,3062.286590840873,3068.3319712128728,-2.344959007909268,9.032497656101214,-0.005605821938303,182;-295,54599;-88322,America/Toronto
45.498493,-73.601662,163.24717090069282,-6.799999999884676e-05,-6.600000000034356e-05,-0.2006351039261034,3071.342233361814,3077.3881588682634,-2.341270225213337,9.0545289483141,-0.0221549102571316,182;-295,54599;-88322,America/Toronto
45.498426,-73.601728,162.74653579676672,-6.599999999679085e-05,-6.700000000137152e-05,-0.450635103926075,3080.395648737501,3086.455405720093,-2.363713145539192,9.053417115430191,-0.0497340939061973,182;-295,54599;-88323,America/Toronto
45.498359,-73.601794,162.34590069284067,-6.49999999993156e-05,-6.65000000026339e-05,-0.450635103926075,3089.4490675926745,3095.517684763121,-2.367600839624497,8.963504438495647,-0.0502321406620727,182;-295,54599;-88323,America/Toronto
45.498293,-73.601858,161.84526558891457,-7.099999999837792e-05,-6.649999999908118e-05,-0.5006351039261006,3098.3226576144925,3104.4053861185103,-2.323478894414153,9.244639960728136,-0.0541012486038152,182;-295,54598;-88323,America/Toronto
45.498226,-73.601936,161.34463048498847,-8.250000000487034e-05,-6.999999999734996e-05,-0.6006351039261091,3107.938347514131,3114.0340998308025,-2.2744101095265497,10.096239453054068,-0.0594209381814489,182;-295,54598;-88323,America/Toronto
45.498153,-73.602023,160.64399538106235,-7.950000000533919e-05,-7.100000000193063e-05,-0.7006351039261034,3118.5151365206007,3124.6340694173737,-2.299776021984831,10.041224413907456,-0.0696629545544478,182;-295,54598;-88323,America/Toronto
45.498084,-73.602095,159.94336027713626,-7.499999999538431e-05,-7.300000000043383e-05,-0.7006351039261034,3128.0207963419457,3134.165515172766,-2.342681799212747,10.003219944322836,-0.069926759398954,182;-295,54598;-88323,America/Toronto
45.498007,-73.602173,159.24272517321015,-7.599999999996498e-05,-7.45000000001994e-05,-0.7506351039261006,3138.5215764092463,3144.6896432397684,-2.3462280427877062,10.183990390785766,-0.073574320575114,182;-295,54598;-88323,America/Toronto
45.497935,-73.602247,158.44209006928406,-7.80000000020209e-05,-7.250000000169621e-05,-0.8506351039260949,3148.388777123517,3154.589272854322,-2.319665895535873,10.099251479374516,-0.0840292052706359,182;-295,54598;-88323,America/Toronto
45.497862,-73.602329,157.54145496535796,-8.349999999524016e-05,-7.45000000001994e-05,-0.9506351039260892,3158.720079367996,3164.95975739735,-2.299293952947157,10.534687398884673,-0.0899948201509518,182;-295,54598;-88323,America/Toronto
45.497786,-73.602414,156.54081986143188,-8.850000000393266e-05,-8.00000000005241e-05,-1.0506351039260835,3169.4581519212866,3175.7443516303733,-2.305792110464153,11.25671960838804,-0.0930644280314334,182;-295,54598;-88323,America/Toronto
45.497702,-73.602506,155.4401847575058,-9.15000000034638e-05,-8.39999999975305e-05,-1.1006351039260949,3181.2335185847714,3187.571044223466,-2.313485434393836,11.751720571794294,-0.0933849457819076,182;-295,54598;-88324,America/Toronto
45.497618,-73.602597,154.3395496535797,-8.649999999477131e-05,-8.79999999980896e-05,-1.100635103926109,3192.961593064875,3199.3506506957915,-2.364790267037662,11.895173057218017,-0.0922651684061407,182;-295,54598;-88324,America/Toronto
45.497526,-73.602679,153.23891454965357,-8.749999999935199e-05,-8.75000000029047e-05,-1.100635103926109,3205.0238646992075,3211.463032567761,-2.356194490212646,11.8988170639268,-0.0922370722596565,182;-295,54598;-88324,America/Toronto
45.497443,-73.602772,152.13827944572748,-9.400000000425734e-05,-8.700000000061436e-05,-1.1006351039260949,3216.7592271927288,3223.249895190458,-2.3175397210761406,12.13693460861009,-0.0904373988928361,182;-295,54597;-88324,America/Toronto
45.497352,-73.602867,151.03764434180138,-9.750000000252612e-05,-9.54999999969175e-05,-1.150635103926092,3229.297733916428,3235.836616308058,-2.3458321667729805,13.05879609388262,-0.0878849137472195,182;-295,54597;-88324,America/Toronto
45.497252,-73.602967,149.8370092378753,-9.850000000000136e-05,-0.0001010000000007,-1.1506351039261062,3242.876819380494,3249.4686772928544,-2.3687251626298758,13.604906184494666,-0.0843742199359888,182;-295,54597;-88324,America/Toronto
45.49715,-73.603064,148.73637413394917,-9.850000000000136e-05,-0.000101500000003,-1.150635103926092,3256.507546285417,3263.1437682829937,-2.37119336535938,13.650515711723983,-0.0840936355806069,182;-295,54597;-88324,America/Toronto
45.497049,-73.603164,147.5357390300231,-0.0001040000000003,-9.74999999989734e-05,-1.1506351039260778,3270.177850803942,3276.866696187854,-2.323947607750273,13.54538324352552,-0.084743219758244,182;-295,54597;-88324,America/Toronto
45.496955,-73.603272,146.435103926097,-0.0001049999999978,-9.8999999998739e-05,-1.1506351039261062,3283.598312772468,3290.332215007441,-2.326791201992434,13.726924886856978,-0.0836277245480535,182;-295,54597;-88324,America/Toronto
45.496851,-73.603374,145.2344688221709,-0.0001034999999944,-0.000104499999999,-1.2006351039261034,3297.631700577656,3304.4168697047908,-2.361002145481207,14.145734771839445,-0.0846731833909323,182;-295,54597;-88325,America/Toronto
45.496746,-73.603479,144.0338337182448,-0.0001065000000011,-0.0001050000000013,-1.150635103926092,3311.889782316147,3318.7254132894564,-2.3491024105192166,14.32582928890929,-0.0801468672946626,182;-295,54597;-88325,America/Toronto
45.496641,-73.603587,142.9331986143187,-0.0001015000000066,-0.0001055,-1.1006351039260949,3326.2833591554745,3333.1610099817176,-2.37551575701586,14.156534612880703,-0.0775914079722758,182;-295,54596;-88325,America/Toronto
45.496535,-73.603682,141.83256351039262,-0.0001004999999949,-0.0001059999999988,-1.100635103926109,3340.2028515419083,3347.1239489964087,-2.3828225773999527,14.156696016971864,-0.0775905268791752,182;-295,54596;-88325,America/Toronto
45.496429,-73.603788,140.7319284064665,-0.0001034999999944,-0.0001040000000003,-1.1506351039261062,3354.5967511894182,3361.559867557227,-2.358604124111056,14.10002561440183,-0.0814247513344369,182;-295,54596;-88325,America/Toronto
45.496327,-73.603889,139.5312933025404,-0.0001035000000015,-9.999999999976694e-05,-1.1006351039260809,3368.402902770712,3375.4181266881005,-2.3389971685421687,13.740587855208789,-0.07993036258508,182;-295,54596;-88325,America/Toronto
45.496229,-73.603995,138.53065819861433,-9.599999999920784e-05,-9.3500000001967e-05,-0.9506351039260892,3382.077926899836,3389.12971140845,-2.343002643359325,12.81390408341008,-0.0740521226711828,182;-295,54596;-88325,America/Toronto
45.49614,-73.604081,137.63002309468823,-9.049999999888314e-05,-8.700000000061436e-05,-0.8006351039260977,3394.030710937532,3401.116378578361,-2.3364787353170144,11.9797237850521,-0.0667332793038773,182;-295,54596;-88325,America/Toronto
45.496055,-73.604176,136.92938799076214,-8.55000000044015e-05,-9.14999999999111e-05,-0.7006351039261034,3406.03737446994,3413.143467117543,-2.390079820070297,12.204879287471158,-0.0573432121683801,182;-295,54596;-88326,America/Toronto
45.495957,-73.604252,136.22875288683602,-8.749999999935199e-05,-9.499999999817987e-05,-0.6506351039261062,3418.4404695124745,3425.566335392744,-2.3972672687769423,12.608458375012331,-0.0515573343922869,182;-295,54596;-88326,America/Toronto
45.495865,-73.604351,135.62811778290992,-9.449999999588954e-05,-9.000000000014552e-05,-0.4506351039260892,3431.2542912199647,3438.394226461794,-2.3318090810421563,12.426837320226696,-0.0362471736166958,182;-295,54596;-88326,America/Toronto
45.495777,-73.604441,135.32748267898384,-8.600000000313912e-05,-8.400000000108321e-05,-0.3006351039260977,3443.294144152928,3450.4378322388484,-2.3444303270307865,11.496721145989795,-0.0261436807145177,182;-295,54595;-88326,America/Toronto
45.495697,-73.604523,135.02684757505773,-7.700000000454565e-05,-7.749999999973056e-05,-0.2006351039261034,3454.2477335119443,3461.395546476392,-2.359430724817809,10.502804140985743,-0.0191006802568495,182;-295,54595;-88326,America/Toronto
45.495622,-73.604595,134.92621247113163,-7.300000000043383e-05,-7.150000000066825e-05,-0.0506351039260835,3464.2997524349,3471.448069137475,-2.3458142401953057,9.781018687301412,-0.0051768280187804,182;-295,54595;-88326,America/Toronto
45.495554,-73.604669,134.92557736720556,-0.0001049999999978,-8.649999999832403e-05,0.0993648960739079,3473.809770886547,3480.95808761033,-2.259887604194557,12.63986885968734,0.0078610664692795,182;-295,54595;-88326,America/Toronto
45.495449,-73.604805,135.12494226327945,-9.200000000220145e-05,-7.850000000075852e-05,0.1493648960738909,3489.579490154274,3496.729067039164,-2.277180450206429,11.328348950190955,0.0131842903280796,182;-295,54595;-88326,America/Toronto
45.495397,-73.604853,135.22430715935334,-5.399999999866623e-05,-4.900000000063187e-05,0.0993648960739079,3496.466468786929,3503.616762449765,-2.3076888779706706,6.9088111389883125,0.0143813521104797,182;-295,54595;-88326,America/Toronto
45.495351,-73.604913,135.32367205542727,-5.199999999661031e-05,-4.4499999997782425e-05,0.0993648960739079,3503.3971124322507,3510.5481183575957,-2.278630206069054,6.407401667231625,0.0155065870487631,182;-295,54595;-88326,America/Toronto
45.495308,-73.604957,135.42303695150116,-4.700000000212867e-05,-4.350000000030718e-05,0.1493648960738909,3509.281272121392,3516.4331169667616,-2.3175397210761406,6.069599076042096,0.0246037265345893,182;-295,54595;-88326,America/Toronto
45.495264,-73.605007,135.62240184757505,-4.150000000180398e-05,-4.850000000189425e-05,0.1493648960738909,3515.536310584335,3522.6913317708954,-2.4338159989275585,6.342614189374899,0.0235450698150949,182;-295,54595;-88327,America/Toronto
45.495211,-73.60504,135.72176674364894,-3.999999999848569e-05,-5.050000000039745e-05,0.0993648960739079,3521.966500500142,3529.1222893773424,-2.471700158245105,6.45190332920879,0.0153996481522898,182;-295,54595;-88327,America/Toronto
45.495163,-73.605087,135.82113163972286,-6.299999999725969e-05,-3.749999999769216e-05,0.049364896073925,3528.4401172427524,3535.5966686613183,-2.107707069527011,6.662066983948535,0.0074097112426349,182;-295,54595;-88327,America/Toronto
45.495136,-73.605166,135.8204965357968,-9.10000000047262e-05,-9.999999999621425e-06,-0.0506351039260977,3535.290634468039,3542.447185916045,-1.6802472759265104,7.458211209976071,-0.0067890710720175,182;-295,54595;-88327,America/Toronto
45.495143,-73.605269,135.71986143187067,-0.0001010000000007,1.34999999978902e-05,-0.1506351039261062,3543.356539662705,3550.5137188784443,-1.437920540315838,8.048230298724093,-0.0187143648241808,182;-295,54595;-88327,America/Toronto
45.495163,-73.605368,135.51922632794458,-9.999999999621424e-05,2.050000000153318e-05,-0.2006351039260892,3551.3870950654878,3558.5467802203048,-1.3685977298898735,8.120969940103805,-0.0247007807371281,182;-295,54595;-88327,America/Toronto
45.495184,-73.605469,135.3185912240185,-9.94999999974766e-05,2.250000000003638e-05,-0.2006351039261034,3559.598479542912,3566.7606154682885,-1.348405973320292,8.151338482863366,-0.0246087929806475,182;-295,54595;-88327,America/Toronto
45.495208,-73.605567,135.11795612009237,-0.0001030000000028,2.2999999998774e-05,-0.2006351039261034,3567.689772031214,3574.854395090701,-1.3510996320708506,8.4287545971506,-0.0237991532789615,182;-295,54595;-88327,America/Toronto
45.49523,-73.605675,134.91732101616628,-0.0001025000000041,2.250000000003638e-05,-0.150635103926092,3576.4559887372134,3583.622907494836,-1.3547113545061753,8.373819938096176,-0.0179868757404598,182;-295,54595;-88327,America/Toronto
45.495253,-73.605772,134.8166859122402,-9.449999999588954e-05,2.10000000002708e-05,-0.1506351039261062,3584.4374119074064,3591.6049650770533,-1.3521273809090129,7.728515918381163,-0.0194883513003993,182;-295,54595;-88327,America/Toronto
45.495272,-73.605864,134.61605080831407,-0.0001019999999982,2.050000000153318e-05,-0.2006351039260892,3591.913020573976,3599.0832656447365,-1.3724582601375714,8.270812185754721,-0.0242534539551577,182;-295,54595;-88328,America/Toronto
45.495294,-73.605976,134.415415704388,-0.0001055000000036,1.9500000000505224e-05,-0.1506351039260778,3600.979036278916,3608.151501151556,-1.3880249528338855,8.505320319573002,-0.0177088400432479,182;-295,54595;-88328,America/Toronto
45.495311,-73.606075,134.31478060046192,-9.649999999794544e-05,1.899999999821489e-05,-0.1506351039261062,3608.9236612131217,3616.096763436047,-1.3763917849585952,7.817236498514831,-0.0192672261615941,182;-295,54595;-88328,America/Toronto
45.495332,-73.606169,134.1141454965358,-8.59999999960337e-05,2.5000000000829917e-05,-0.1506351039261062,3616.6135092759455,3623.789228429418,-1.2878954732455508,7.285865293495362,-0.0206720327831678,182;-295,54595;-88328,America/Toronto
45.495361,-73.606247,134.0135103926097,-8.300000000360797e-05,2.3500000001064336e-05,-0.1006351039260948,3623.495391800112,3630.6718467175824,-1.2948851982788938,7.0135054991988,-0.014347774919038,182;-295,54595;-88328,America/Toronto
45.495379,-73.606335,133.9128752886836,-8.95000000014079e-05,2.449999999853958e-05,-0.1006351039260948,3630.640520274343,3637.817683851005,-1.3035990983604997,7.515637247067616,-0.0133892957867785,182;-295,54595;-88328,America/Toronto
45.49541,-73.606426,133.8122401847575,-8.650000000187674e-05,2.200000000129876e-05,-0.0506351039260977,3638.526666294248,3645.704471947017,-1.3217415992763946,7.219487153469572,-0.0070135554784923,182;-295,54595;-88328,America/Toronto
45.495423,-73.606508,133.8116050808314,-8.300000000360797e-05,1.100000000064938e-05,-0.0506351039261119,3645.079494581282,3652.257300264829,-1.439034060314943,6.588077842322718,-0.0076857177654097,182;-295,54595;-88328,America/Toronto
45.495432,-73.606592,133.7109699769053,-8.749999999935199e-05,1.34999999978902e-05,-0.1006351039260948,3651.702821978893,3658.881392145237,-1.4177176296206295,6.996604315193508,-0.0143824290132316,182;-295,54595;-88328,America/Toronto
45.49545,-73.606683,133.61033487297922,-8.949999999430247e-05,2.10000000002708e-05,-0.1506351039260778,3659.072703211669,3666.251960427898,-1.3403285184238816,7.364903718611004,-0.0204502475426247,182;-295,54595;-88329,America/Toronto
45.495474,-73.606771,133.40969976905313,-8.649999999477131e-05,1.9500000000505224e-05,-0.150635103926092,3666.432629416115,3673.614620828855,-1.3490692864599694,7.095938789892671,-0.0212251665281313,182;-295,54595;-88329,America/Toronto
45.495489,-73.606856,133.30906466512704,-8.300000000360797e-05,1.999999999924285e-05,-0.100635103926109,3673.264580791455,3680.447313344924,-1.334340184613501,6.8651530679806,-0.0146577790268382,182;-295,54595;-88329,America/Toronto
45.495514,-73.606937,133.20842956120092,-7.100000000548334e-05,2.399999999980196e-05,-0.100635103926109,3680.162935552076,3687.3464021128366,-1.2448263881811832,6.148558954900636,-0.0163658053562804,182;-295,54595;-88329,America/Toronto
45.495537,-73.606998,133.10779445727482,-6.199999999978445e-05,1.749999999844931e-05,-0.1006351039260948,3685.561698701256,3692.746103119845,-1.2956949511499702,5.243641046801258,-0.0191894811694931,182;-295,54595;-88329,America/Toronto
45.495549,-73.607061,133.00715935334873,-5.999999999772854e-05,1.2500000000414955e-05,-0.0506351039260977,3690.650217645679,3697.835617091914,-1.365400937590942,4.880279740454398,-0.0103750788438726,182;-295,54595;-88329,America/Toronto
45.495562,-73.607118,133.00652424942265,-6.100000000230921e-05,1.3500000001442912e-05,-0.0506351039260977,3695.3222581821647,3702.507657671567,-1.3529954362439147,4.986077008301663,-0.0101549501304698,182;-295,54595;-88329,America/Toronto
45.495576,-73.607183,132.90588914549653,-6.849999999758438e-05,6.500000001352646e-06,-0.0506351039260835,3700.622371662282,3707.8087264625055,-1.4761890916522802,5.456579913845417,-0.0092793748785827,182;-295,54595;-88329,America/Toronto
45.495575,-73.607255,132.90525404157046,-7.599999999996498e-05,-1.0000000010279564e-06,-0.0506351039260835,3706.235418009856,3713.4217728460094,-1.5839534622811815,5.924766051853339,-0.0085461384872075,182;-295,54595;-88329,America/Toronto
45.495574,-73.607335,132.80461893764436,-8.050000000281443e-05,8.999999998593466e-06,-0.0506351039260977,3712.471903765989,3719.659070498887,-1.4594574424893496,6.447019080141217,-0.0078538720265698,182;-295,54595;-88329,America/Toronto
45.495593,-73.607416,132.80398383371826,-7.449999999664669e-05,1.6000000002236447e-05,-0.0506351039261119,3719.129456170138,3726.316622933329,-1.359244698424228,6.075653893475646,-0.0083339065289616,182;-295,54595;-88329,America/Toronto
45.495606,-73.607484,132.70334872979214,-7.250000000169621e-05,1.9000000001767603e-05,-0.100635103926109,3724.62321155294,3731.8112999602536,-1.3144912871759336,6.053976173386445,-0.0166214456919456,182;-295,54595;-88329,America/Toronto
45.495631,-73.607561,132.60271362586604,-7.250000000169621e-05,3.049999999760189e-05,-0.1006351039260948,3731.237408516911,3738.426262462214,-1.172582237615237,6.628087721391466,-0.0151819614007227,182;-295,54595;-88330,America/Toronto
45.495667,-73.607629,132.50207852193995,-6.549999999805323e-05,2.9500000000126647e-05,-0.1006351039260948,3737.879386995723,3745.069003277356,-1.1476250410914832,6.089254445902043,-0.0165251664448356,182;-295,54595;-88330,America/Toronto
45.49569,-73.607692,132.40144341801386,-6.750000000010914e-05,1.6000000002236447e-05,-0.1006351039260948,3743.415917408715,3750.606448215061,-1.3380548150090643,5.618497703265803,-0.0179094749992192,182;-295,54595;-88330,America/Toronto
45.495699,-73.607764,132.30080831408776,-7.04999999996403e-05,2.099999999671809e-05,-0.1006351039260948,3749.116382402255,3756.307801437474,-1.2812926548748704,6.105562734338719,-0.0164810348342807,182;-295,54595;-88330,America/Toronto
45.495732,-73.607833,132.2001732101617,-7.000000000090267e-05,2.6999999999333116e-05,-0.150635103926092,3755.627042877392,3762.81923962321,-1.202665555482356,6.258563861544644,-0.02406399131819,182;-295,54595;-88330,America/Toronto
45.495753,-73.607904,131.99953810623558,-7.349999999917145e-05,1.8000000000739647e-05,-0.150635103926092,3761.633510125344,3768.8290568621655,-1.3306253189226251,6.080253003076905,-0.0247694128049374,182;-295,54595;-88330,America/Toronto
45.495768,-73.60798,131.89890300230948,-7.099999999837792e-05,2.9000000001389022e-05,-0.1006351039260948,3767.787548883546,3774.9839183928257,-1.1830261548948138,6.588609351241303,-0.015272916280054,182;-295,54595;-88330,America/Toronto
45.495811,-73.608046,131.7982678983834,-6.750000000010914e-05,3.0999999999892225e-05,-0.100635103926109,3774.8107288278266,3782.007819300006,-1.1402691319900675,6.400680358925456,-0.01572126824241,182;-295,54595;-88330,America/Toronto
45.49583,-73.608115,131.69763279445726,-6.849999999758438e-05,2.099999999671809e-05,-0.100635103926109,3780.588909601397,3787.7868763577103,-1.2733235621477033,5.831549348413091,-0.0172552969786159,182;-295,54595;-88330,America/Toronto
45.495853,-73.608183,131.59699769053117,-6.700000000137152e-05,2.10000000002708e-05,-0.1006351039260948,3786.4738275246527,3793.672654673923,-1.2670618409544716,5.723056563757154,-0.0175823412755297,182;-295,54596;-88330,America/Toronto
45.495872,-73.608249,131.49636258660507,-6.850000000468981e-05,1.7500000002002025e-05,-0.1006351039260948,3792.035022728912,3799.234760347497,-1.3206719114765908,5.687060296506388,-0.0176936056114522,182;-295,54596;-88330,America/Toronto
45.495888,-73.60832,131.39572748267898,-6.450000000057798e-05,2.600000000185787e-05,-0.0506351039260835,3797.8479481176655,3805.048556783508,-1.1876197290378807,5.925607362759365,-0.0085449251753786,182;-295,54596;-88330,America/Toronto
45.495924,-73.608378,131.3950923787529,-5.399999999866623e-05,2.9500000000126647e-05,-0.0506351039260835,3803.88623745443,3811.086846153672,-1.0708010967628716,5.349840339421235,-0.0094645052549982,182;-295,54596;-88331,America/Toronto
45.495947,-73.608428,131.2944572748268,-4.349999999675447e-05,1.699999999971169e-05,-0.100635103926109,3808.547628796508,3815.749323678352,-1.1982420683204875,3.896976492384965,-0.0258181548634926,182;-295,54596;-88331,America/Toronto
45.495958,-73.608465,131.1938221709007,-4.450000000133514e-05,1.0499999998359044e-05,-0.0506351039261119,3811.6801904392,3818.883501380622,-1.3390794856460826,3.667684631604516,-0.0138048639368612,182;-295,54596;-88331,America/Toronto
45.495968,-73.608517,131.1931870669746,-3.450000000526643e-05,4.9999999980343546e-06,-0.0506351039260977,3815.882998059717,3823.0863090491257,-1.4268708774841516,2.763920459608016,-0.0183179802132325,182;-295,54596;-88331,America/Toronto
45.495968,-73.608534,131.0925519630485,-2.849999999909869e-05,2.9999999995311555e-06,-0.0506351039260977,3817.208031358416,3824.415158426144,-1.4659193880776409,2.256672061182144,-0.022434189597048,182;-295,54596;-88331,America/Toronto
45.495974,-73.608574,131.0919168591224,-2.749999999451802e-05,3.5000000018214905e-06,-0.0006351039261005,3820.396342182081,3827.6034693130655,-1.4442041994247776,2.181366780563621,-0.0002911495278162,182;-295,54596;-88331,America/Toronto
45.495975,-73.608589,131.0912817551963,-3.0999999999892225e-05,0.0,-0.0506351039260977,3821.5707649195433,3828.777892222253,-1.5707963267948966,2.4197184303820904,-0.0209229777377316,182;-295,54596;-88331,America/Toronto
45.495974,-73.608636,130.9906466512702,-3.0999999999892225e-05,-1.0000000010279564e-06,-0.0506351039260835,3825.2357790428455,3832.444287720307,-1.603043209263388,2.4197184411764283,-0.0209229776444158,182;-295,54596;-88331,America/Toronto
45.495973,-73.608651,130.99001154734412,-3.4499999998161e-05,0.0,-0.0006351039260863,3826.410201801896,3833.6187106510833,-1.5707963267948966,2.6924101063291346,-0.0002358867665864,182;-295,54596;-88331,America/Toronto
45.495974,-73.608705,130.98937644341802,-3.700000000605996e-05,1.4999999997655775e-06,-0.0006351039261005,3830.620599255504,3837.829108152591,-1.530277974329504,2.892521655060364,-0.0002195675578723,182;-295,54596;-88331,America/Toronto
45.495976,-73.608725,130.98874133949192,-3.600000000147929e-05,4.500000002849447e-06,-0.0006351039261005,3832.195245112017,3839.403754137183,-1.446441332175259,2.850875833125656,-0.0002227750181942,182;-295,54596;-88331,America/Toronto
45.495983,-73.608777,130.98810623556582,-5.199999999661031e-05,8.000000001118224e-06,-0.0506351039260977,3836.322350921755,3843.530859995788,-1.4181469983688275,4.150934978220221,-0.0121978765904494,182;-295,54596;-88331,America/Toronto
45.495992,-73.608829,130.88747113163973,-5.600000000072214e-05,8.999999998593466e-06,-0.1006351039260948,3840.497115068457,3847.706836900026,-1.4114446859174845,4.478614155688319,-0.0224663631254228,182;-295,54596;-88331,America/Toronto
45.496001,-73.608889,130.78683602771363,-6.199999999978445e-05,7.000000000090267e-06,-0.1506351039261062,3845.279579233132,3852.4903597556768,-1.4583691959628813,4.900854484757474,-0.0307268241995003,182;-295,54596;-88331,America/Toronto
45.496006,-73.608953,130.58620092378752,-6.49999999993156e-05,1.999999998503199e-06,-0.1506351039261062,3850.298824037972,3857.513612970064,-1.5400368007471097,5.082344962243042,-0.0296302236651621,182;-295,54596;-88331,America/Toronto
45.496005,-73.609019,130.48556581986142,-6.450000000057798e-05,1.0000000010279564e-06,-0.1506351039260778,3855.444269157618,3862.660042111073,-1.5552936928540857,5.033588567406923,-0.0299170578268595,182;-295,54596;-88331,America/Toronto
45.496008,-73.609082,130.28493071593536,-6.450000000057798e-05,4.000000000559112e-06,-0.2006351039260892,3860.366001172786,3867.585861887928,-1.5088601422360108,5.047965940916129,-0.0397248232229426,182;-295,54596;-88331,America/Toronto
45.496013,-73.609148,130.08429561200924,-7.200000000295859e-05,3.499999998268777e-06,-0.1506351039261062,3865.54020103945,3872.763950213277,-1.5222234515147448,5.628912794518328,-0.0267545733627945,182;-295,54596;-88331,America/Toronto
45.496015,-73.609226,129.98366050808315,-9.599999999920784e-05,-4.499999999296733e-06,-0.2006351039261034,3871.623826761823,3878.848408229736,-1.6176370397039426,7.526464046962019,-0.0266509742729651,182;-295,54596;-88332,America/Toronto
45.496004,-73.60934,129.68302540415704,-9.649999999794544e-05,-3.499999998268777e-06,-0.2006351039261034,3880.593129133374,3887.822747564641,-1.6070498655691825,7.571424527957561,-0.0264927902545756,182;-295,54596;-88332,America/Toronto
45.496008,-73.609419,129.58239030023094,-6.649999999552847e-05,-4.499999999296733e-06,-0.1006351039260948,3886.766675817738,3893.997114421912,-1.6383624942253974,5.311893195783796,-0.0189429762142571,182;-295,54596;-88332,America/Toronto
45.495995,-73.609473,129.48175519630485,-6.49999999993156e-05,-2.0000000020559128e-06,-0.1006351039260948,3891.2169155249417,3898.448491835221,-1.601555852897289,5.228927200416138,-0.0192434657565981,182;-295,54596;-88332,America/Toronto
45.496004,-73.609549,129.38112009237875,-7.650000000580803e-05,-5.50000000032469e-06,-0.1006351039260948,3897.22453021857,3904.456949352025,-1.6425682597295084,6.204008551060497,-0.0162195583894191,182;-295,54596;-88332,America/Toronto
45.495984,-73.609626,129.28048498845266,-7.449999999664669e-05,-1.5499999999946112e-05,-0.0506351039260835,3903.624932627063,3910.8581428668926,-1.7759236913410965,6.072027971602893,-0.0083388829048395,182;-295,54596;-88332,America/Toronto
45.495973,-73.609698,129.27984988452658,-7.249999999459078e-05,-8.999999998593466e-06,-0.0506351039260977,3909.368586161776,3916.6017964367193,-1.6943024251009504,5.743247570545464,-0.0088162300877325,182;-295,54596;-88332,America/Toronto
45.495966,-73.609771,129.17921478060046,-6.350000000310274e-05,-1.2500000000414955e-05,-0.0506351039261119,3915.1114277681536,3922.34551971871,-1.765161592886946,5.2017174461389,-0.0097339975119728,182;-295,54596;-88332,America/Toronto
45.495948,-73.609825,129.17857967667436,-6.800000000595219e-05,-1.699999999971169e-05,-0.0006351039261005,3919.7720210540538,3927.006113047883,-1.8157749898971745,5.647467658188134,-0.0001124581780477,182;-295,54596;-88332,America/Toronto
45.495932,-73.609907,129.17794457274826,-7.749999999617785e-05,-1.34999999978902e-05,-0.0506351039260977,3926.40636308453,3933.6404551087594,-1.743259398303643,6.227089810941834,-0.0081312442102437,182;-295,54596;-88332,America/Toronto
45.495921,-73.60998,129.07730946882216,-7.29999999933284e-05,-1.3000000002705292e-05,-0.0506351039260977,3932.2262006759374,3939.4611627130366,-1.747031024583267,5.874560972973768,-0.0086191717571438,182;-295,54596;-88332,America/Toronto
45.495906,-73.610053,129.07667436489606,-8.500000000566388e-05,-1.1500000002939714e-05,-0.0006351039261005,3938.155485030477,3945.390447101591,-1.7052738967966872,6.770964877814549,-9.379814187471892e-05,182;-295,54596;-88333,America/Toronto
45.495898,-73.61015,129.07603926096996,-8.700000000061436e-05,-9.499999997331088e-06,-0.0506351039260977,3945.768130431567,3953.0030925291726,-1.6795608057184552,6.868823224720018,-0.0073715955540866,182;-295,54596;-88333,America/Toronto
45.495887,-73.610227,128.97540415704387,-7.999999999697138e-05,-1.2999999999152578e-05,-0.0006351039260863,3951.893131479917,3959.1289202500966,-1.7318882313281505,6.402922963028914,-9.918968690872147e-05,182;-295,54596;-88333,America/Toronto
45.495872,-73.61031,129.0747690531178,-8.600000000313912e-05,-1.450000000247087e-05,0.0493648960739108,3958.573976357624,3965.810504019126,-1.737830016136427,6.895162382702438,0.0071592298975652,182;-295,54596;-88333,America/Toronto
45.495858,-73.610399,129.0741339491917,-8.749999999935199e-05,-8.999999998593466e-06,-0.0506351039260977,3965.6834562453214,3972.9199839351913,-1.6732930260300949,6.913671559288105,-0.0073237784252977,182;-295,54596;-88333,America/Toronto
45.495854,-73.610485,128.9734988452656,-8.59999999960337e-05,-7.99999999756551e-06,-0.150635103926092,3972.401319476201,3979.638600892045,-1.6635526469592286,6.776252607590095,-0.0222261930106379,182;-295,54596;-88333,America/Toronto
45.495842,-73.610571,128.7728637413395,-9.250000000093904e-05,-1.2000000001677336e-05,-0.1506351039261062,3979.2359614605034,3986.476187125396,-1.699805543070812,7.332774732107964,-0.020539826368037,182;-295,54596;-88333,America/Toronto
45.49583,-73.61067,128.67222863741338,-8.250000000487034e-05,-2.200000000129876e-05,-0.1506351039261062,3987.066868940417,3994.3077412101934,-1.8313987185422376,7.042931810837445,-0.0213848642634357,182;-295,54595;-88333,America/Toronto
45.495798,-73.610736,128.4715935334873,-7.399999999790907e-05,-2.8999999997836312e-05,-0.150635103926092,3993.3218250821774,4000.565914328628,-1.9442934728856267,6.634889151793686,-0.0226995850194406,182;-295,54595;-88333,America/Toronto
45.495772,-73.610818,128.3709584295612,-8.249999999776492e-05,-1.999999999924285e-05,-0.1506351039261062,4000.336647244004,4007.5814583122537,-1.8086322542498825,6.834395204440625,-0.0220371684665078,182;-295,54595;-88333,America/Toronto
45.495758,-73.610901,128.17032332563508,-8.350000000234559e-05,-9.00000000214618e-06,-0.150635103926092,4006.990615491058,4014.238450717067,-1.6781662488528586,6.608153329458446,-0.0227913931723627,182;-295,54595;-88334,America/Toronto
45.495754,-73.610985,128.069688221709,-7.699999999744023e-05,3.499999998268777e-06,-0.1006351039260877,4013.5529539029208,4020.801560715836,-1.5253730473942486,6.076900351063614,-0.0165587553114211,182;-295,54595;-88334,America/Toronto
45.495765,-73.611055,127.9690531177829,-7.349999999917145e-05,-8.999999998593466e-06,-0.1006351039260948,4019.144416193186,4026.393928547765,-1.69263876379732,6.2022735249147445,-0.0162240948582553,182;-295,54595;-88334,America/Toronto
45.495736,-73.611132,127.86841801385684,-8.300000000360797e-05,-1.5999999998683734e-05,-0.1506351039260991,4025.9575009527503,4033.207756500183,-1.761231442185081,6.879034317518062,-0.0218942117307903,182;-295,54595;-88334,America/Toronto
45.495733,-73.611221,127.66778290993072,-8.300000000360797e-05,-6.500000001352646e-06,-0.1506351039261062,4032.902484828222,4040.1556378661458,-1.6489500688791876,6.524384700957853,-0.023083915757824,182;-295,54595;-88334,America/Toronto
45.495723,-73.611298,127.5671478060046,-8.499999999855845e-05,-1.5000000001208493e-05,-0.1006351039260948,4039.006270354666,4046.26025293812,-1.7454685258198268,6.843001440630815,-0.0147052212099943,182;-295,54595;-88334,America/Toronto
45.495703,-73.611391,127.46651270207852,-8.549999999729607e-05,-7.499999998827889e-06,-0.150635103926092,4046.588487709484,4053.84313810406,-1.6582916675864363,6.843589531132011,-0.0220075712113029,182;-295,54595;-88334,America/Toronto
45.495708,-73.611469,127.26587759815244,-7.64999999987026e-05,-8.499999999855845e-06,-0.150635103926092,4052.69344941693,4059.9513957848,-1.6814535479687922,6.22096925949154,-0.024209358343661,182;-295,54595;-88334,America/Toronto
45.495686,-73.611544,127.16524249422632,-7.699999999744023e-05,-1.8000000000739647e-05,-0.1006351039261019,4059.0304262284662,4066.289171619751,-1.800438769096508,6.344125943921654,-0.0158613913546014,182;-295,54595;-88334,America/Toronto
45.495672,-73.611623,127.06460739030022,-8.100000000155205e-05,-1.1499999999387e-05,-0.1006351039261019,4065.381701304773,4072.641243920903,-1.7118290773691027,6.448768398316133,-0.0156040548852313,182;-295,54595;-88334,America/Toronto
45.495663,-73.611706,126.96397228637412,-7.650000000580803e-05,-1.699999999971169e-05,-0.150635103926092,4071.927963025099,4079.18827912282,-1.7894652726491695,6.334837038901242,-0.0237743640845822,182;-295,54595;-88335,America/Toronto
45.495638,-73.611776,126.76333718244804,-7.750000000328328e-05,-2.050000000153318e-05,-0.150635103926092,4078.051375382576,4085.314977527722,-1.8293898823613048,6.491670527995666,-0.0232002033816692,182;-295,54595;-88335,America/Toronto
45.495622,-73.611861,126.66270207852196,-8.150000000028967e-05,-1.8499999999477268e-05,-0.1006351039261019,4084.9113040810894,4092.175644344646,-1.794007746285449,6.686274934630774,-0.0150498606326662,182;-295,54595;-88335,America/Toronto
45.495601,-73.611939,126.56206697459584,-7.799999999491547e-05,-1.1999999998124622e-05,-0.1506351039260991,4091.423925251837,4098.689042991881,-1.7234456551764712,6.300685217313685,-0.0239031801430522,182;-295,54595;-88335,America/Toronto
45.495598,-73.612017,126.36143187066976,-7.499999999538431e-05,-9.5000000008838e-06,-0.150635103926092,4097.512674515718,4104.781097000451,-1.6967920089781794,5.98797670163367,-0.0251509562653074,182;-295,54595;-88335,America/Toronto
45.495582,-73.612089,126.26079676674364,-7.40000000050145e-05,-1.4499999998918156e-05,-0.1006351039260948,4103.399878655105,4110.669161198722,-1.7642907360574318,5.992373221316484,-0.0167922859564797,182;-295,54595;-88335,America/Toronto
45.495569,-73.612165,126.16016166281756,-8.19999999990273e-05,-1.4000000000180536e-05,-0.1506351039260991,4109.497420958351,4116.7675338967465,-1.7398975528003808,6.578235490241696,-0.0228950123753082,182;-295,54595;-88335,America/Toronto
45.495554,-73.612253,125.95952655889144,-7.999999999697138e-05,-1.450000000247087e-05,-0.1506351039260991,4116.556349635588,4123.829313312393,-1.7500997716738962,6.441395054328041,-0.0233812166243004,182;-295,54595;-88335,America/Toronto
45.49554,-73.612325,125.85889145496536,-7.64999999987026e-05,-1.100000000064938e-05,-0.150635103926092,4122.380211067007,4129.654044155661,-1.7136082942377429,6.099832482215334,-0.0246899393408438,182;-295,54595;-88335,America/Toronto
45.495532,-73.612406,125.65825635103928,-7.80000000020209e-05,-6.499999997799932e-06,-0.1506351039260991,4128.756014600019,4136.033003721021,-1.653937558653182,6.123981607171572,-0.0245926171052102,182;-295,54595;-88335,America/Toronto
45.495527,-73.612481,125.55762124711316,-7.550000000122736e-05,-4.9999999980343546e-06,-0.1006351039261019,4134.62817428135,4141.906025664381,-1.6369249301324764,5.910959032110441,-0.0170235289777058,182;-295,54595;-88335,America/Toronto
45.495522,-73.612557,125.45698614318708,-7.80000000020209e-05,-7.500000002380602e-06,-0.150635103926092,4140.57793266424,4147.856635065014,-1.6666554739326824,6.141813862758681,-0.0245212431080996,182;-295,54595;-88336,America/Toronto
45.495512,-73.612637,125.25635103926098,-8.350000000234559e-05,-9.999999999621425e-06,-0.2006351039260963,4146.911802006867,4154.193681324464,-1.6899891253009824,6.602770108207551,-0.0303771573714652,182;-295,54595;-88336,America/Toronto
45.495502,-73.612724,125.05571593533487,-8.79999999980896e-05,-5.999999999062311e-06,-0.1506351039260991,4153.783472880655,4161.068280588609,-1.6388727850437632,6.906115632435103,-0.0218083840783632,182;-295,54595;-88336,America/Toronto
45.4955,-73.612813,124.95508083140878,-8.700000000061436e-05,-7.500000002380602e-06,-0.1506351039260991,4160.724033271737,4168.0095705239455,-1.6567906180156944,6.8608236409531855,-0.021952306868983,182;-295,54595;-88336,America/Toronto
45.495487,-73.612898,124.75444572748268,-8.700000000061436e-05,-9.5000000008838e-06,-0.1506351039260991,4167.505120162561,4174.793624906527,-1.6795608057588098,6.87504719670369,-0.0219069050180237,182;-295,54595;-88336,America/Toronto
45.495481,-73.612987,124.65381062355658,-9.399999999715192e-05,-1.999999998503199e-06,-0.150635103926092,4174.474127665145,4181.763358975716,-1.592069712803686,7.344324243032588,-0.0205075349845078,182;-295,54595;-88336,America/Toronto
45.495483,-73.613086,124.45317551963048,-9.099999999762076e-05,-1.4999999997655775e-06,-0.2006351039260963,4182.193768648626,4189.485606793468,-1.587278350627754,7.106411742637192,-0.0282254712909027,182;-295,54595;-88336,America/Toronto
45.495478,-73.613169,124.2525404157044,-8.350000000234559e-05,-4.000000000559112e-06,-0.1506351039260991,4188.686951150419,4195.981888302648,-1.6186639250908796,6.524477794544509,-0.0230835865052346,182;-295,54595;-88336,America/Toronto
45.495475,-73.613253,124.1519053117783,-8.900000000267028e-05,-7.000000000090267e-06,-0.1506351039260991,4195.242724237715,4202.538433749472,-1.649286429430891,6.991944342670649,-0.0215407613924779,182;-295,54595;-88336,America/Toronto
45.495464,-73.613347,123.9512702078522,-9.50000000017326e-05,-1.4999999997655775e-06,-0.2006351039260963,4202.6708398357605,4209.969258453557,-1.5865844885279663,7.481707255358287,-0.026810328582141,182;-295,54595;-88337,America/Toronto
45.495472,-73.613443,123.7506351039261,-9.099999999762076e-05,9.999999999621425e-06,-0.150635103926092,4210.206138748432,4217.507227951255,-1.4613453776548049,7.184992046002208,-0.0209621720745525,182;-295,54595;-88337,America/Toronto
45.495484,-73.613529,123.65,-9.049999999888314e-05,7.000000000090267e-06,-0.1506351039260991,4217.040823927765,4224.342653974901,-1.493601959840667,7.1213426917884135,-0.0211494727989949,182;-295,54595;-88337,America/Toronto
45.495486,-73.613624,123.4493648960739,-9.200000000220145e-05,5.00000002290335e-07,-0.150635103926092,4224.448824132009,4231.753370638693,-1.5653615976692965,7.17294490148015,-0.0209973682404513,182;-295,54595;-88337,America/Toronto
45.495485,-73.613713,123.34872979214782,-9.250000000093904e-05,4.999999987376214e-07,-0.1006351039260948,4231.386713730725,4238.691990062478,-1.5653909740480496,7.211899354460002,-0.0139531305163448,182;-295,54595;-88337,America/Toronto
45.495487,-73.613809,123.24809468822173,-9.250000000093904e-05,1.4999999997655775e-06,-0.1506351039261062,4238.872622840929,4246.178575574603,-1.5545815317931926,7.211899231791449,-0.0208839861835367,182;-295,54595;-88337,America/Toronto
45.495488,-73.613898,123.0474595842956,-9.250000000093904e-05,-1.999999998503199e-06,-0.2006351039260963,4245.810512194308,4253.119365380141,-1.5924145800150102,7.220560553440009,-0.0277794902133312,182;-295,54595;-88337,America/Toronto
45.495483,-73.613994,122.84682448036952,-8.79999999980896e-05,0.0,-0.150635103926092,4253.313743947809,4260.625279128091,-1.5707963267948966,6.8817365196041465,-0.0218856174332978,182;-295,54595;-88337,America/Toronto
45.495488,-73.614074,122.74618937644344,-9.249999999383364e-05,4.999999987376214e-07,-0.1506351039260991,4259.573985233516,4266.886329230065,-1.5653909740476344,7.228208900014579,-0.0208368773910593,182;-295,54595;-88337,America/Toronto
45.495484,-73.614179,122.54555427251732,-0.0001019999999982,-1.4999999997655775e-06,-0.2006351039260963,4267.770161747838,4275.084961060977,-1.5855011491706996,7.956707138701404,-0.0252105038902279,182;-295,54595;-88338,America/Toronto
45.495485,-73.614278,122.34491916859125,-0.0001440000000059,-7.000000000090267e-06,-0.2506351039261005,4275.487399510919,4282.804806469847,-1.6193692020996615,11.271370604116328,-0.0222327714507663,182;-295,54595;-88338,America/Toronto
45.49547,-73.614467,122.04428406466512,-0.0001350000000002,-2.9999999995311555e-06,-0.2006351039260963,4290.312902956071,4297.633357776967,-1.5930148921181086,10.608888102730816,-0.0189097280688278,182;-295,54595;-88338,America/Toronto
45.495479,-73.614548,121.94364896073904,-8.700000000061436e-05,8.499999999855845e-06,-0.1006351039260877,4296.705175716381,4304.026422649651,-1.473404278227192,6.847712770087128,-0.014695105253443,182;-295,54595;-88338,America/Toronto
45.495487,-73.614641,121.84301385681296,-9.649999999794544e-05,7.499999998827889e-06,-0.1006351039261019,4304.008328496245,4311.330268756339,-1.49323204267445,7.568150300591242,-0.0132964025934694,182;-295,54595;-88338,America/Toronto
45.495494,-73.614741,121.74237875288684,-9.399999999715192e-05,5.000000001587068e-06,-0.1006351039261019,4311.841476317563,4319.164062997623,-1.517654917931518,7.350154149628452,-0.0136907082856897,182;-295,54595;-88338,America/Toronto
45.495497,-73.614829,121.64174364896074,-8.95000000014079e-05,1.0000000010279564e-06,-0.1006351039260948,4318.708636795502,4326.031960816745,-1.5596236073448488,6.980458357603311,-0.0144156912925287,182;-295,54595;-88338,America/Toronto
45.495496,-73.61492,121.54110854503465,-9.34999999984143e-05,2.9999999995311555e-06,-0.1006351039260948,4325.80239303277,4333.126430844726,-1.5387217690220614,7.30836726483858,-0.0137689774709544,182;-295,54595;-88338,America/Toronto
45.495503,-73.615016,121.44047344110857,-0.0001000000000033,7.499999998827889e-06,-0.1006351039260948,4333.325371325179,4340.650082206412,-1.4959364790982612,7.838897116563203,-0.0128372109429536,182;-295,54595;-88339,America/Toronto
45.495511,-73.61512,121.33983833718246,-0.0001010000000007,9.5000000008838e-06,-0.1006351039261019,4341.480187265896,4348.805519070928,-1.4770128442118222,7.945307534837411,-0.0126653024407363,182;-295,54595;-88339,America/Toronto
45.495522,-73.615218,121.23920323325636,-9.599999999920784e-05,1.999999999924285e-05,-0.1506351039260991,4349.215986394854,4356.541972753832,-1.3654009376110403,7.870369989991559,-0.019137183454826,182;-295,54595;-88339,America/Toronto
45.495551,-73.615312,121.03856812933026,-9.34999999984143e-05,2.749999999807073e-05,-0.150635103926092,4357.22092724588,4364.549427560033,-1.2847448850919785,7.9044842684634204,-0.0190546109771651,182;-295,54595;-88339,America/Toronto
45.495577,-73.615405,120.93793302540416,-8.899999999556485e-05,3.350000000068576e-05,-0.2006351039260963,4365.0249549317805,4372.354104077766,-1.2107948878918295,7.923139823484689,-0.0253172656220886,182;-295,54595;-88339,America/Toronto
45.495618,-73.61549,120.63729792147808,-8.400000000108321e-05,4.649999999983834e-05,-0.3006351039260977,4373.067206892849,4380.401973241155,-1.0652152719276289,8.35947725307642,-0.0359478930318568,182;-295,54595;-88339,America/Toronto
45.49567,-73.615573,120.33666281755195,-8.750000000645741e-05,4.699999999857596e-05,-0.3506351039260948,4381.743909437933,4389.083882508223,-1.0778778010669516,8.617109028459254,-0.0406681378428104,182;-295,54595;-88339,America/Toronto
45.495712,-73.615665,119.93602771362588,-9.049999999888314e-05,4.250000000283194e-05,-0.4006351039260991,4390.301424949767,4397.650771104544,-1.131752253228088,8.49133227354423,-0.0471466904999282,182;-295,54595;-88339,America/Toronto
45.495755,-73.615754,119.53539260969976,-9.34999999984143e-05,4.150000000180398e-05,-0.350635103926102,4398.726573985022,4406.08544031873,-1.15306827506815,8.632101345968294,-0.0405975826771963,182;-295,54595;-88339,America/Toronto
45.495795,-73.615852,119.23475750577369,-9.200000000220145e-05,4.299999999801685e-05,-0.2506351039261005,4407.565627641704,4414.929605118836,-1.133574283080779,8.635413496869205,-0.0290159540554796,182;-295,54595;-88340,America/Toronto
45.495841,-73.615938,119.03412240184755,-9.299999999967667e-05,4.999999999810712e-05,-0.2006351039260892,4415.99740097876,4423.363765186822,-1.0774963946201572,9.135385422948277,-0.0219588824502993,182;-295,54596;-88340,America/Toronto
45.495895,-73.616038,118.8334872979215,-9.399999999715192e-05,5.000000000165983e-05,-0.150635103926092,4425.8363984876005,4433.204808140894,-1.081943972440823,9.197605574204315,-0.0163761792929523,182;-295,54596;-88340,America/Toronto
45.495941,-73.616126,118.73285219399538,-8.749999999935199e-05,4.649999999983834e-05,-0.1506351039261062,4434.392612127169,4441.761613576924,-1.082323119366784,8.55874482272884,-0.0175983226644296,182;-295,54596;-88340,America/Toronto
45.495988,-73.616213,118.53221709006928,-9.200000000220145e-05,4.4499999997782425e-05,-0.2006351039260963,4442.953888133058,4450.325240220697,-1.1202770663765438,8.723933026682516,-0.0229941863712411,182;-295,54596;-88340,America/Toronto
45.49603,-73.61631,118.3315819861432,-9.750000000252612e-05,4.700000000212867e-05,-0.2006351039260892,4451.840478180534,4459.214094877897,-1.1216105194212485,9.233349495762468,-0.0217259766054849,182;-295,54596;-88340,America/Toronto
45.496082,-73.616408,118.1309468822171,-9.649999999794544e-05,4.9500000002922206e-05,-0.2006351039260963,4461.420587124583,4468.796304530413,-1.0968398046152272,9.321626109762748,-0.0215202935297965,182;-295,54596;-88340,America/Toronto
45.496129,-73.616503,117.930311778291,-9.399999999715192e-05,4.999999999810712e-05,-0.1506351039260991,4470.483730400059,4477.86166831113,-1.0819439724702828,9.202621337110486,-0.0163672552747739,182;-295,54596;-88340,America/Toronto
45.496182,-73.616596,117.8296766743649,-9.000000000014552e-05,5.299999999763827e-05,-0.1506351039260991,4479.825829798804,4487.204309725643,-1.0385868227012094,9.163088084047558,-0.0164378575148234,182;-295,54596;-88340,America/Toronto
45.496235,-73.616683,117.6290415704388,-8.95000000014079e-05,5.300000000119098e-05,-0.1506351039260991,4488.8099065681545,4496.190626537469,-1.036147578620402,9.132909412904157,-0.0164921647322811,182;-295,54596;-88341,America/Toronto
45.496288,-73.616775,117.5284064665127,-9.050000000598855e-05,5.000000000165983e-05,-0.1006351039260948,4498.091648624612,4505.47291413411,-1.0660463385308672,8.983488345151272,-0.0112017615887791,182;-295,54596;-88341,America/Toronto
45.496335,-73.616864,117.4277713625866,-9.099999999762076e-05,4.649999999983834e-05,-0.1006351039260948,4506.776883258457,4514.15873177375,-1.0983962060616457,8.778436724371204,-0.0114633959226109,182;-295,54596;-88341,America/Toronto
45.496381,-73.616957,117.32713625866052,-9.000000000014552e-05,4.549999999881038e-05,-0.0506351039260977,4515.648522073355,4523.030941345562,-1.1027141570740857,8.649478641291353,-0.005854055209989,182;-295,54596;-88341,America/Toronto
45.496426,-73.617044,117.32650115473442,-8.499999999855845e-05,4.350000000030718e-05,-0.0006351039260934,4524.07584054104,4531.458259837178,-1.0977813102865706,8.203067725520668,-7.742273330848813e-05,182;-295,54596;-88341,America/Toronto
45.496468,-73.617127,117.32586605080832,-8.399999999397778e-05,3.999999999848569e-05,-0.0506351039260977,4532.054657524396,4539.437076845811,-1.1263771168806638,7.918342446042061,-0.0063945723620073,182;-295,54596;-88341,America/Toronto
45.496506,-73.617212,117.22523094688222,-8.400000000108321e-05,3.999999999848569e-05,-0.1006351039261019,4539.912525433124,4547.295589141097,-1.1263771169134986,7.918338720554857,-0.0127084341491051,182;-295,54596;-88341,America/Toronto
45.496548,-73.617295,117.12459584295613,-8.100000000155205e-05,4.150000000180398e-05,-0.1006351039261019,4547.891334965506,4555.275033293303,-1.0973210243663054,7.820152088703253,-0.0128679785473592,182;-295,54596;-88341,America/Toronto
45.496589,-73.617374,117.02396073903002,-7.899999999949614e-05,4.0000000002038405e-05,-0.1006351039260948,4555.55282961053,4562.937188839876,-1.10209825566191,7.596386592827457,-0.0132469847416911,182;-295,54596;-88341,America/Toronto
45.496628,-73.617453,116.92332563510394,-7.750000000328328e-05,3.799999999998249e-05,-0.1006351039260877,4563.084108151161,4570.469139708058,-1.1149205820542392,7.371740401059014,-0.0136506235445051,182;-295,54596;-88341,America/Toronto
45.496665,-73.617529,116.82269053117784,-6.65000000026339e-05,5.149999999787269e-05,-0.0506351039260977,4570.296310412648,4577.682044038822,-0.9118386606950084,7.895522274654922,-0.0064130538806412,182;-295,54596;-88342,America/Toronto
45.496731,-73.617586,116.82205542725174,-3.499999999689862e-05,6.600000000034356e-05,0.0493648960738966,4578.875152700471,4586.260886350153,-0.4875951258841828,7.993662299358675,0.0061754258184775,182;-295,54597;-88342,America/Toronto
45.496797,-73.617599,116.92142032332563,2.500000000793534e-06,7.750000000328328e-05,-0.0506351039260977,4586.283635011366,4593.67003498771,0.0322468824441172,8.701890474844731,-0.0058187968001563,182;-295,54597;-88342,America/Toronto
45.496886,-73.617581,116.72078521939954,2.8999999997836312e-05,7.850000000075852e-05,-0.150635103926092,4596.27893365016,4603.667347092652,0.3538756044464305,9.08703987359786,-0.0165753986350831,182;-295,54597;-88342,America/Toronto
45.496954,-73.617541,116.62015011547344,3.399999999942338e-05,6.999999999734996e-05,-0.1006351039261019,4604.457714758561,4611.846747305582,0.4521538622939886,8.238466438127944,-0.0122146639522621,182;-295,54597;-88342,America/Toronto
45.497026,-73.617513,116.51951501154734,2.950000000367936e-05,6.849999999758438e-05,-0.0506351039261048,4612.755866526416,4620.145509272676,0.4066523479044849,7.959495579858867,-0.0063615112752444,182;-295,54597;-88342,America/Toronto
45.497091,-73.617482,116.51887990762124,2.599999999830516e-05,6.550000000160594e-05,-0.0006351039260934,4620.376705918279,4627.766348691003,0.3778713370670576,7.570006281236601,-8.389741051834164e-05,182;-295,54597;-88341,America/Toronto
45.497157,-73.617461,116.51824480369515,1.699999999971169e-05,6.899999999987472e-05,0.0493648960739108,4627.895879088889,4635.285521888435,0.2415657070918084,7.7945353026284465,0.006333185258577,182;-295,54597;-88341,America/Toronto
45.497229,-73.617448,116.61760969976906,2.200000000129876e-05,6.899999999987472e-05,0.0993648960739008,4635.965776523536,4643.356031041412,0.3086508670944763,7.898136380272717,0.0125801390870653,182;-295,54597;-88341,America/Toronto
45.497295,-73.617417,116.71697459584296,3.199999999736747e-05,6.400000000184036e-05,0.0993648960739008,4643.692151849435,4651.083045281028,0.4636476089563972,7.54231508090561,0.0131735610252023,182;-295,54597;-88341,America/Toronto
45.497357,-73.617384,116.81633949191686,3.2000000004472895e-05,6.099999999875649e-05,0.1493648960739051,4651.050406685347,4658.441970991537,0.4831256648832217,7.226994033665505,0.0206646959569507,182;-295,54597;-88341,America/Toronto
45.497417,-73.617353,117.01570438799077,3.4499999998161e-05,6.050000000001887e-05,0.1993648960739023,4658.146139916766,4665.54050439311,0.5182556425086811,7.248529866955323,0.0274972512603217,182;-295,54597;-88341,America/Toronto
45.497478,-73.617315,117.21506928406468,3.84999999951674e-05,5.550000000198452e-05,0.1493648960739051,4665.547466419258,4672.944515492391,0.6064809928438227,6.868886404334717,0.0217417135045799,182;-295,54597;-88341,America/Toronto
45.497528,-73.617276,117.31443418013858,4.050000000432874e-05,5.050000000039745e-05,0.149364896073898,4671.883912725435,4679.281740845307,0.6759472143044096,6.442192637122844,0.0231812596656811,182;-295,54598;-88341,America/Toronto
45.497579,-73.617234,117.51379907621246,3.949999999974807e-05,4.899999999707916e-05,0.1993648960739023,4678.431851693504,4685.832714138744,0.6784630094284738,6.25847689337752,0.0318444096165697,182;-295,54598;-88341,America/Toronto
45.497626,-73.617197,117.71316397228638,3.999999999848569e-05,4.649999999983834e-05,0.1993648960739094,4684.40086651219,4691.80505741986,0.7103946168633731,6.04208539777801,0.0329840738896209,182;-295,54598;-88341,America/Toronto
45.497672,-73.617154,117.91252886836028,4.600000000465343e-05,4.5500000002363095e-05,0.2493648960738994,4690.51602248906,4697.923462357687,0.7908625899065472,6.204927250857054,0.0401665913017756,182;-295,54598;-88341,America/Toronto
45.497717,-73.617105,118.21189376443418,4.750000000086629e-05,4.5999999997548e-05,0.2493648960738994,4696.810721013904,4704.225275498337,0.8014395680798447,6.316218749608652,0.0394595987179601,182;-295,54598;-88341,America/Toronto
45.497764,-73.617059,118.41125866050808,4.500000000007276e-05,4.4499999997782425e-05,0.1993648960739094,4703.148459988277,4710.566149386775,0.7909846974838277,6.065908624160329,0.0328546257474663,182;-295,54598;-88341,America/Toronto
45.497806,-73.617015,118.610623556582,4.899999999707916e-05,4.450000000133514e-05,0.2493648960739065,4708.942538262225,4716.363656558518,0.8334893966674012,6.252135231638022,0.0398636279486213,182;-295,54598;-88341,America/Toronto
45.497853,-73.616961,118.9099884526559,4.8499999998341536e-05,4.500000000007276e-05,0.2993648960738966,4715.652730451553,4723.0805232803405,0.8228138488531433,6.274589690524863,0.0476745208257412,182;-295,54598;-88341,America/Toronto
45.497896,-73.616918,119.2093533487298,4.3000000005122274e-05,4.350000000030718e-05,0.2993648960738966,4721.491717643275,4728.927179655235,0.7796178810098133,5.884685376922789,0.0508280443934258,182;-295,54598;-88341,America/Toronto
45.49794,-73.616875,119.50871824480367,4.299999999801685e-05,4.250000000283194e-05,0.2993648960739108,4727.422101205399,4734.865114358051,0.7912460498949639,5.794349462517857,0.0516190750934846,182;-295,54598;-88341,America/Toronto
45.497981,-73.616832,119.8080831408776,4.500000000007276e-05,4.2499999999279225e-05,0.3493648960739079,4733.08041656831,4740.531343446886,0.8139618212454813,5.885147899266485,0.0592942391406763,182;-295,54598;-88341,America/Toronto
45.498025,-73.616785,120.2074480369515,4.150000000180398e-05,3.949999999974807e-05,0.3493648960738937,4739.192397003932,4746.656357501208,0.8100845054779411,5.4549000352194525,0.0639587122700302,182;-295,54598;-88341,America/Toronto
45.49806,-73.616749,120.5068129330254,4.349999999675447e-05,3.350000000068576e-05,0.2993648960739037,4743.990216638749,4751.463507653766,0.9145454534795052,5.066366065683724,0.0590200574070551,182;-295,54598;-88341,America/Toronto
45.498092,-73.616698,120.80617782909933,4.8499999998341536e-05,3.3499999997133045e-05,0.3493648960739079,4749.325129135299,4756.806812874961,0.966324624175599,5.313220982580788,0.065659361399838,182;-295,54598;-88341,America/Toronto
45.498127,-73.616652,121.20554272517322,4.649999999628562e-05,3.6500000000216914e-05,0.3993648960739051,4754.616658603911,4762.113391474907,0.9053021487207892,5.441877899346309,0.0732560079670676,182;-295,54598;-88340,America/Toronto
45.498165,-73.616605,121.60490762124712,4.100000000306636e-05,3.6500000000216914e-05,0.3493648960739008,4760.208884933992,4767.719859850548,0.8433975566395933,5.1724408792924805,0.0674410923796203,182;-295,54598;-88340,America/Toronto
45.4982,-73.61657,121.90427251732102,4.20000000005416e-05,3.750000000124487e-05,0.399364896073898,4764.961540362496,4772.481934289603,0.8419416003321799,5.307544389761915,0.0751032327422252,182;-295,54598;-88340,America/Toronto
45.49824,-73.616521,122.40363741339492,4.5999999997548e-05,3.550000000274167e-05,0.4493648960739094,4770.823973713515,4778.365597272353,0.9135267248750092,5.335073505088076,0.0840300951301947,182;-295,54598;-88340,America/Toronto
45.498271,-73.616478,122.80300230946884,4.150000000180398e-05,3.2999999998395424e-05,0.3993648960739051,4775.631687372672,4783.189869543759,0.8990008841979716,4.897132409706046,0.0813706981415405,182;-295,54598;-88340,America/Toronto
45.498306,-73.616438,123.20236720554271,3.749999999769216e-05,3.500000000045134e-05,0.4493648960738952,4780.618238532928,4788.19238738921,0.8198672643598258,4.869601334292838,0.0920190005040857,182;-295,54598;-88340,America/Toronto
45.498341,-73.616403,123.70173210161664,3.350000000068576e-05,3.750000000124487e-05,0.4493648960739023,4785.370890041258,4792.971201223109,0.7291196271023636,4.925997572235247,0.0909713391765357,182;-295,54599;-88340,America/Toronto
45.498381,-73.616371,124.10109699769052,2.6000000005410584e-05,4.099999999951365e-05,0.4493648960739094,4790.470233677398,4798.086159467285,0.5651494401062414,5.011403359139422,0.0894293030954956,182;-295,54599;-88340,America/Toronto
45.498423,-73.616351,124.60046189376445,2.1500000002561137e-05,4.149999999825127e-05,0.4493648960739023,4795.393696759536,4803.034881930771,0.4780006903404931,4.911112607315772,0.0912455363051469,182;-295,54599;-88340,America/Toronto
45.498464,-73.616328,124.99982678983834,2.3499999997511622e-05,4.149999999825127e-05,0.4493648960738952,4800.29245889203,4807.949895944074,0.5152449636587088,4.964813894902818,0.0902639714847765,182;-295,54599;-88340,America/Toronto
45.498506,-73.616304,125.49919168591224,2.149999999545571e-05,4.150000000180398e-05,0.5493648960739037,4805.323324549342,4813.005484392648,0.4780006901705418,4.912166620414155,0.1113747871602498,182;-295,54599;-88340,America/Toronto
45.498547,-73.616285,126.09855658198614,1.4499999998918156e-05,4.150000000180398e-05,0.5493648960739108,4810.116792132858,4817.836278297677,0.3361380507487998,4.764121750744835,0.1148058733458877,182;-295,54599;-88340,America/Toronto
45.498589,-73.616275,126.59792147806006,1.100000000064938e-05,4.2499999999279225e-05,0.4993648960739065,4814.851568050832,4822.597314770217,0.253265766249187,4.803386178258279,0.1035888906626267,182;-295,54599;-88340,America/Toronto
45.498632,-73.616263,127.09728637413396,8.999999998593466e-06,4.099999999951365e-05,0.4993648960738923,4819.723564489374,4827.494836040881,0.2160849722665419,4.616869721331568,0.1077420765024201,182;-295,54599;-88340,America/Toronto
45.498671,-73.616257,127.59665127020784,2.9999999995311555e-06,4.20000000005416e-05,0.4993648960738923,4824.085307493495,4831.8850714939545,0.0713074647732676,4.682757351552937,0.1062375780939653,182;-295,54599;-88340,America/Toronto
45.498716,-73.616257,128.09601616628174,-2.500000000793534e-06,4.350000000030718e-05,0.4993648960738994,4829.08907919248,4836.913699190951,-0.0574081146545772,4.845094612662706,0.1027034420341306,182;-295,54599;-88340,America/Toronto
45.498758,-73.616262,128.59538106235564,-8.000000001118224e-06,4.2499999999279225e-05,0.4993648960738994,4833.77549671882,4841.6266467326295,-0.1860581771774977,4.772026889500921,0.1042647162376397,182;-295,54599;-88340,America/Toronto
45.498801,-73.616273,129.09474595842954,-1.1999999998124622e-05,4.149999999825127e-05,0.4493648960739165,4838.633132971482,4846.509882879142,-0.281479298497584,4.709689235563019,0.0951248923607585,182;-295,54599;-88340,America/Toronto
45.498841,-73.616286,129.49411085450348,-1.0999999993543952e-05,4.0500000000776026e-05,0.3993648960739193,4843.194875189946,4851.089073242944,-0.265207117298521,4.587190858155282,0.0868419178542795,182;-295,54599;-88340,America/Toronto
45.498882,-73.616295,129.89347575057738,-8.000000001118224e-06,3.949999999974807e-05,0.3493648960739079,4847.807514687793,4855.718969079495,-0.199828645101425,4.43656131886064,0.0785846069529438,182;-295,54599;-88340,America/Toronto
45.49892,-73.616302,130.1928406466513,-1.00000000458067e-06,4.0500000000776026e-05,0.2493648960738994,4852.067997827668,4859.98995677863,-0.0246863421681606,4.528859642315638,0.055005756290437,182;-295,54599;-88340,America/Toronto
45.498963,-73.616297,130.39220554272518,1.3500000001442912e-05,4.2499999999279225e-05,0.2493648960738994,4856.865233972424,4864.791333767614,0.307567108441066,4.886121586729132,0.0509911041366158,182;-295,54599;-88340,America/Toronto
45.499005,-73.616275,130.6915704387991,2.5499999999567532e-05,3.8499999998720114e-05,0.3493648960738937,4861.840241001126,4869.775339613982,0.5849996095790667,4.737776490595024,0.0736070424871497,182;-295,54599;-88340,America/Toronto
45.49904,-73.616246,131.09093533487297,3.4499999998161e-05,3.500000000045134e-05,0.3993648960738909,4866.340786953614,4874.293570040894,0.7782040428740599,4.743535246348074,0.0839933248978806,182;-295,54599;-88340,America/Toronto
45.499075,-73.616206,131.49030023094687,4.150000000180398e-05,2.749999999807073e-05,0.3993648960739051,4871.327311493822,4879.296061351263,0.9855792314156564,4.504319257499446,0.0884314151975701,182;-295,54599;-88340,America/Toronto
45.499095,-73.616163,131.88966512702078,4.3000000005122274e-05,2.250000000003638e-05,0.3993648960739193,4875.349425468613,4883.337953624249,1.0887176254482611,4.188174461765357,0.0950679187173686,182;-295,54599;-88340,America/Toronto
45.49912,-73.61612,132.2890300230947,3.999999999848569e-05,2.10000000002708e-05,0.3993648960739193,4879.703660417353,4887.71046483739,1.0873493252068096,3.901154065920764,0.1020155847347054,182;-295,54599;-88340,America/Toronto
45.499137,-73.616083,132.68839491916862,3.900000000101045e-05,1.699999999971169e-05,0.3993648960738909,4883.151733600455,4891.181588718245,1.159731779420735,3.580406102314555,0.1110826251245781,182;-295,54599;-88340,America/Toronto
45.499154,-73.616042,133.0877598152425,4.150000000180398e-05,1.699999999971169e-05,0.3993648960738909,4886.864472621982,4894.91574503021,1.1820085655260544,3.746382979534701,0.1061990699113515,182;-295,54599;-88340,America/Toronto
45.499171,-73.616,133.4871247113164,4.149999999469856e-05,1.9000000001767603e-05,0.3993648960739051,4890.644499559524,4898.716810139987,1.1414489853501673,3.8688889928926073,0.1028603924333254,182;-295,54600;-88340,America/Toronto
45.499192,-73.615959,133.8864896073903,4.100000000306636e-05,2.3000000002326715e-05,0.4493648960739023,4894.602250607767,4902.694659518745,1.059565614505854,4.09658763751986,0.1092556824388378,182;-295,54600;-88340,America/Toronto
45.499217,-73.615918,134.3858545034642,4.150000000180398e-05,2.3500000001064336e-05,0.4493648960739023,4898.837674834564,4906.959420201405,1.0555513631080724,4.160970509727122,0.107578278484767,182;-295,54600;-88340,America/Toronto
45.499239,-73.615876,134.7852193995381,4.500000000007276e-05,1.899999999821489e-05,0.4493648960739023,4902.924191627221,4911.0654050792255,1.1712808328297688,4.114534489173366,0.1087828878314739,182;-295,54600;-88340,America/Toronto
45.499255,-73.615828,135.284584295612,4.549999999881038e-05,1.5499999999946112e-05,0.4493648960739165,4907.06674381291,4915.237946739962,1.2424669199383185,3.943011614960597,0.1134753105193275,182;-295,54600;-88339,America/Toronto
45.49927,-73.615785,135.68394919168594,4.5999999997548e-05,1.5000000001208493e-05,0.3993648960739051,4910.810214857143,4919.002660245559,1.2555816270047278,3.9554010635588384,0.1006259654837984,182;-295,54600;-88339,America/Toronto
45.499285,-73.615736,136.08331408775982,4.650000000339105e-05,1.4999999997655776e-05,0.3993648960738909,4914.977545940028,4923.189083620542,1.2587542052993326,3.99036672387092,0.099750091447163,182;-295,54600;-88339,America/Toronto
45.4993,-73.615692,136.48267898383372,4.5999999997548e-05,1.5999999998683734e-05,0.4493648960739023,4918.790948304884,4927.023341034502,1.236059489487069,4.002454645902162,0.1118041290354519,182;-295,54600;-88339,America/Toronto
45.499317,-73.615644,136.98204387990762,4.649999999628562e-05,1.699999999971169e-05,0.4493648960739023,4922.982455231832,4931.2444896481,1.220299699364284,4.0878605181205785,0.1094870733391458,182;-295,54600;-88339,America/Toronto
45.499334,-73.615599,137.38140877598153,4.450000000133514e-05,1.650000000097407e-05,0.3993648960739051,4926.966669341125,4935.2486692630655,1.215724776510544,3.923771530144222,0.1014315814923771,182;-295,54600;-88339,America/Toronto
45.49935,-73.615555,137.78077367205543,4.500000000007276e-05,1.650000000097407e-05,0.3993648960739051,4930.829998292121,4939.132585186952,1.2193515327727869,3.9581588697660655,0.100556327207777,182;-295,54600;-88339,America/Toronto
45.499367,-73.615509,138.18013856812934,4.400000000259752e-05,1.699999999971169e-05,0.4493648960739023,4934.882987080658,4943.205202335693,1.2021004241623945,3.916502501305331,0.1142367332091163,182;-295,54600;-88339,America/Toronto
45.499384,-73.615467,138.67950346420324,4.100000000306636e-05,1.699999999971169e-05,0.3993648960739051,4938.663003294731,4947.01806056517,1.1777383076454255,3.712939508953696,0.107148361839715,182;-295,54600;-88339,America/Toronto
45.499401,-73.615427,138.97886836027715,4.149999999469856e-05,1.8000000000739647e-05,0.3993648960739051,4942.308866098565,4950.6761932753625,1.1615504315342278,3.803781144379173,0.1046083044159057,182;-295,54600;-88339,America/Toronto
45.49942,-73.615384,139.47823325635105,4.099999999596093e-05,2.10000000002708e-05,0.4493648960739023,4946.27056558349,4954.669240746691,1.0974402849147775,3.967043370445026,0.1127937271249004,182;-295,54600;-88339,America/Toronto
45.499443,-73.615345,139.87759815242495,4.050000000432874e-05,2.2999999998774e-05,0.4493648960739023,4950.242952839455,4958.661652653242,1.0543133221669547,4.063206345854724,0.1101460599534275,182;-295,54600;-88339,America/Toronto
45.499466,-73.615303,140.37696304849885,4.000000000559112e-05,2.2999999998774e-05,0.4493648960739023,4954.396978275199,4962.845585327203,1.0489620470639225,4.03354782723909,0.1109493533836839,182;-295,54600;-88339,America/Toronto
45.499489,-73.615265,140.77632794457276,3.6999999998954536e-05,2.3500000001064336e-05,0.3493648960738937,4958.310048493933,4966.778982187037,1.004941999653552,3.892654107408816,0.0895099709508889,182;-295,54600;-88339,America/Toronto
45.499513,-73.615229,141.07569284064664,3.799999999642978e-05,2.5000000000829917e-05,0.3993648960738909,4962.182286490017,4970.662774977509,0.9888912085966292,4.061986945905119,0.0980026554774321,182;-295,54600;-88339,America/Toronto
45.499539,-73.615189,141.57505773672054,3.499999999689862e-05,2.5000000000829917e-05,0.3993648960739051,4966.434022385743,4974.943735550376,0.9505468407544636,3.899900561713366,0.102048147400979,182;-295,54600;-88339,America/Toronto
45.499563,-73.615159,141.87442263279445,3.0999999999892225e-05,2.650000000059549e-05,0.299364896073925,4969.982087613444,4978.504407706166,0.8634998411046176,3.8123238193416,0.0783647601053295,182;-295,54600;-88339,America/Toronto
45.499592,-73.615127,142.1737875288684,3.2000000004472895e-05,2.6999999999333116e-05,0.3493648960739079,4974.058670024427,4982.59196730751,0.8699419189915124,3.90563068061374,0.0892141495588487,182;-295,54600;-88339,America/Toronto
45.499617,-73.615095,142.57315242494226,3.1499999998629846e-05,2.5000000000829917e-05,0.3493648960738937,4977.793348974671,4986.347938444462,0.8999388601567847,3.7088835127719904,0.0939196533231306,182;-295,54600;-88339,America/Toronto
45.499642,-73.615064,142.87251732101618,2.9999999995311555e-05,2.800000000036107e-05,0.3493648960739079,4981.476437049971,4990.043172822876,0.8198672643125688,3.9025280468758874,0.0892847014421872,182;-295,54600;-88339,America/Toronto
45.499673,-73.615035,143.27188221709008,3.0500000001154604e-05,2.8999999997836312e-05,0.3493648960738937,4985.598405068423,4994.184442273824,0.8106029087805515,4.012502466650403,0.0868500505933411,182;-295,54600;-88339,America/Toronto
45.4997,-73.615003,143.57124711316396,3.1500000005735274e-05,2.849999999909869e-05,0.3493648960738937,4989.501441983271,4998.0989430720965,0.8353565592257067,4.0109665490467705,0.0868831409615246,182;-295,54600;-88339,America/Toronto
45.49973,-73.614972,143.97061200923787,2.8999999997836312e-05,2.8500000002651404e-05,0.3493648960739079,4993.620338166516,5002.237155015505,0.7940935963254188,3.892598442480903,0.0895112441349978,182;-295,54600;-88338,America/Toronto
45.499757,-73.614945,144.26997690531178,2.749999999451802e-05,2.800000000036107e-05,0.3493648960739079,4997.286638868233,5005.915657452151,0.7763893980009287,3.779984094085648,0.0921631291034423,182;-295,54600;-88338,America/Toronto
45.499786,-73.614917,144.66934180138568,2.900000000494174e-05,2.8999999997836312e-05,0.3993648960739051,5001.180306354688,5009.829752343092,0.7853981635199557,3.938394752510249,0.1010575306246794,182;-295,54600;-88338,America/Toronto
45.499815,-73.614887,145.0687066974596,2.950000000367936e-05,2.9500000000126647e-05,0.3993648960739051,5005.163428373254,5013.832845314159,0.7853981634576638,4.006279726043886,0.0993564901097819,182;-295,54600;-88338,America/Toronto
45.499845,-73.614858,145.4680715935335,2.9499999996573933e-05,3.0500000001154604e-05,0.3993648960739051,5009.192865806775,5017.882025274457,0.7687330396065535,4.09732326188032,0.0971627889397759,182;-295,54600;-88338,America/Toronto
45.499876,-73.614828,145.8674364896074,2.7500000001623448e-05,3.24999999996578e-05,0.3993648960739051,5013.358074897014,5022.066336339092,0.7022569315433091,4.209196463300486,0.0945959551643008,182;-295,54600;-88338,America/Toronto
45.49991,-73.614803,146.2668013856813,2.400000000335467e-05,3.24999999996578e-05,0.3993648960739051,5017.611258733376,5026.338228784614,0.6360755027755779,4.069231671709076,0.0978292868881006,182;-295,54600;-88338,America/Toronto
45.499941,-73.61478,146.6661662817552,2.9999999995311555e-05,4.450000000133514e-05,0.5493648960738966,5021.4965382404325,5030.243979566239,0.5931705161100294,5.47496259502077,0.1000065676089784,182;-295,54600;-88338,America/Toronto
45.499999,-73.614743,147.3655311778291,3.0999999999892225e-05,4.549999999881038e-05,0.5493648960738966,5028.561183923418,5037.343157679513,0.5980778293822556,5.609649689780326,0.0976208318169697,182;-295,54600;-88338,America/Toronto
45.500032,-73.614718,147.764896073903,2.4500000002092293e-05,3.2999999998395424e-05,0.3993648960739051,5032.715837619993,5041.51696165894,0.6386349672181303,4.136665610225919,0.0962444313875628,183;-295,54601;-88338,America/Toronto
45.500065,-73.614694,148.1642609699769,2.3999999996249244e-05,3.200000000092018e-05,0.3993648960739051,5036.83451514387,5045.6549559636605,0.6435011087044665,4.020261291222141,0.0990132083943795,183;-295,54601;-88338,America/Toronto
45.500096,-73.61467,148.5636258660508,2.400000000335467e-05,3.200000000092018e-05,0.3493648960739079,5040.7563602024375,5049.597082418206,0.6435011088465751,4.0202608086488,0.0866832855707905,183;-295,54601;-88338,America/Toronto
45.500129,-73.614646,148.86299076212472,2.4500000002092293e-05,3.6999999998954536e-05,0.3993648960739051,5044.875036761167,5053.726624273719,0.5848776137723527,4.538289761175747,0.0877728858822406,183;-295,54601;-88338,America/Toronto
45.50017,-73.614621,149.36235565819862,1.7999999997186933e-05,2.999999999886427e-05,0.3493648960738937,5049.832939724789,5058.709612041726,0.5404195002183384,3.618962182104042,0.0962390902258531,183;-295,54601;-88338,America/Toronto
45.500189,-73.61461,149.5617205542725,1.650000000097407e-05,2.250000000003638e-05,0.1493648960739051,5052.112961125376,5060.998333070799,0.6327488350295644,2.820650206846949,0.0529046519571186,183;-295,54601;-88338,America/Toronto
45.500215,-73.614588,149.66108545034643,2.849999999909869e-05,3.150000000218256e-05,0.1993648960739023,5055.474240138483,5064.361080457465,0.7354397676253009,4.148819626154364,0.0480164656854715,183;-295,54601;-88338,America/Toronto
45.500252,-73.614553,149.96045034642032,2.5000000000829917e-05,3.6500000000216914e-05,0.2493648960738994,5060.410600377684,5069.3065098374245,0.6005411313917137,4.55329665706131,0.0547111371127075,183;-295,54601;-88338,America/Toronto
45.500288,-73.614538,150.15981524249423,2.100000000382352e-05,3.549999999918896e-05,0.1993648960739023,5064.5808334526055,5073.481505677058,0.5341825749951811,4.297263179255424,0.0463602152486558,183;-295,54601;-88338,America/Toronto
45.500323,-73.614511,150.35918013856812,2.8999999997836312e-05,3.500000000045134e-05,0.1993648960739023,5069.005126736195,5077.910288514475,0.6919213821958686,4.502538385444495,0.0442494305219865,183;-295,54601;-88338,America/Toronto
45.500358,-73.61448,150.55854503464204,3.299999999484271e-05,3.6500000000216914e-05,0.1493648960739193,5073.585910223495,5082.495408329627,0.7350809588552683,4.805095397096011,0.0310746828667508,183;-295,54601;-88338,America/Toronto
45.500396,-73.614445,150.65790993071596,3.199999999736747e-05,3.900000000101045e-05,0.1493648960739051,5078.615317530387,5087.525797105974,0.6871242100883928,5.009261625055842,0.0298089148004817,183;-295,54601;-88338,America/Toronto
45.500436,-73.614416,150.85727482678985,3.0500000001154604e-05,4.299999999801685e-05,0.1493648960738909,5083.604433473606,5092.518894767413,0.6169418905871626,5.339853510783541,0.0279644298907821,183;-295,54601;-88338,America/Toronto
45.500482,-73.614384,150.95663972286374,3.350000000068576e-05,4.600000000110072e-05,0.0993648960738937,5089.295024551954,5098.210353297838,0.6294422811559688,5.74373138879082,0.0172979860104099,183;-295,54601;-88338,America/Toronto
45.500528,-73.614349,151.05600461893764,3.4499999998161e-05,4.500000000007276e-05,0.0993648960739079,5095.091896251188,5104.008076547524,0.6540827243878413,5.680477257271377,0.017490566162123,183;-295,54601;-88338,America/Toronto
45.500572,-73.614315,151.15536951501156,3.850000000227283e-05,4.39999999990448e-05,0.0993648960739079,5100.655979066497,5109.5730465347015,0.718829999661639,5.747188183288017,0.0172875837642389,183;-295,54601;-88338,America/Toronto
45.500616,-73.614272,151.25473441108545,3.949999999974807e-05,4.400000000259752e-05,0.0993648960738937,5106.586272617764,5115.504172480655,0.731558031391629,5.785136717275236,0.0171742054512461,183;-295,54601;-88338,America/Toronto
45.50066,-73.614236,151.35409930715934,3.300000000194814e-05,4.549999999881038e-05,0.0993648960739079,5112.226252501047,5121.145027599023,0.6274882427284164,5.682657751846364,0.0174838562187984,183;-295,54601;-88338,America/Toronto
45.500707,-73.614206,151.45346420323327,3.0000000002416986e-05,4.899999999707916e-05,0.0993648960739079,5117.951588121457,5126.871225408119,0.5493744848339737,5.929680552440459,0.0167556407252362,183;-295,54601;-88338,America/Toronto
45.500758,-73.614176,151.55282909930716,3.399999999942338e-05,4.799999999960392e-05,0.0993648960739079,5124.085613605928,5133.006055644297,0.6162969373919641,5.974276184234441,0.0166305895769943,183;-295,54601;-88338,America/Toronto
45.500803,-73.614138,151.65219399538108,3.300000000194814e-05,4.5500000002363095e-05,0.0993648960739079,5129.900140489925,5138.821431493483,0.6274882426913065,5.687774436059954,0.017468131058303,183;-295,54601;-88337,America/Toronto
45.500849,-73.61411,151.75155889145498,2.69999999957804e-05,4.649999999983834e-05,0.0993648960738937,5135.461162478048,5144.383341141703,0.5260664189304093,5.583136488823129,0.0177954465490639,183;-295,54602;-88337,America/Toronto
45.500896,-73.614084,151.85092378752887,3.199999999736747e-05,4.799999999960392e-05,0.0993648960738937,5141.066413467572,5149.989472788224,0.5880026035134068,5.903337528832708,0.0168303969242969,183;-295,54602;-88337,America/Toronto
45.500945,-73.614046,151.95028868360276,3.0500000001154604e-05,4.700000000212867e-05,0.0993648960738937,5147.267837535714,5156.191692862964,0.5756269977569711,5.758291081526295,0.0172542571833567,183;-295,54602;-88337,America/Toronto
45.50099,-73.614023,152.04965357967666,3.600000000147929e-05,4.4499999997782425e-05,0.0993648960739079,5152.582995630624,5161.507779671553,0.6801979140213551,5.76084696718226,0.0172466035931153,183;-295,54602;-88337,America/Toronto
45.501034,-73.613974,152.14901847575058,4.400000000259752e-05,4.500000000007276e-05,0.049364896073925,5158.789531470078,5167.715110862089,0.7741626811681871,6.078225471942915,0.0081214181622155,183;-295,54602;-88337,America/Toronto
45.50108,-73.613935,152.1483833718245,3.850000000227283e-05,4.600000000110072e-05,0.0493648960739108,5164.73944657451,5173.665026000417,0.6968727446907109,5.930197592128934,0.0083241334066031,183;-295,54602;-88337,America/Toronto
45.501126,-73.613897,152.2477482678984,4.20000000005416e-05,4.39999999990448e-05,0.0493648960738966,5170.649926654336,5179.576341264941,0.7621465406042689,5.899015733376928,0.008368132249551,183;-295,54602;-88337,America/Toronto
45.501168,-73.613851,152.2471131639723,4.399999999549209e-05,4.350000000030718e-05,0.0493648960738966,5176.537478041264,5185.463892686124,0.7911123868618919,5.933436079769308,0.0083195902787158,183;-295,54602;-88337,America/Toronto
45.501213,-73.613809,152.3464780600462,4.349999999675447e-05,4.549999999881038e-05,0.0493648960738966,5182.516798813875,5191.444039029178,0.7629300347874151,6.0905765742004405,0.0081049494309315,183;-295,54602;-88337,America/Toronto
45.501259,-73.613764,152.3458429561201,4.3500000003859896e-05,4.549999999881038e-05,-0.0006351039261005,5188.718631189665,5197.645871437488,0.7629300348690042,6.090575126065232,-0.0001042765109456,183;-295,54602;-88337,America/Toronto
45.501304,-73.613722,152.345207852194,4.8499999998341536e-05,4.350000000030718e-05,-0.0006351039261005,5194.697949066005,5203.625189347557,0.8396925752852474,6.159218240156861,-0.0001031143724878,183;-295,54602;-88337,America/Toronto
45.501346,-73.613667,152.3445727482679,5.199999999661031e-05,4.700000000212867e-05,-0.0006351039261005,5201.037067669979,5209.964307983346,0.8358603373593466,6.634263186499084,-9.573089072693014e-05,183;-295,54602;-88337,America/Toronto
45.501398,-73.613618,152.3439376443418,4.450000000133514e-05,5.200000000016303e-05,-0.0006351039260863,5207.966475439003,5216.893715781475,0.7078338792798459,6.74919117481295,-9.410074596521432e-05,183;-295,54602;-88337,America/Toronto
45.50145,-73.613578,152.34330254041572,4.299999999801685e-05,5.149999999787269e-05,-0.0006351039260863,5214.5354500196045,5223.462690392778,0.6956924743780204,6.639037940598882,-9.56620416740272e-05,183;-295,54602;-88337,America/Toronto
45.501501,-73.613532,152.34266743648962,5.000000000165983e-05,5.000000000165983e-05,-0.0006351039261005,5221.244551320201,5230.171791723436,0.7853981633974483,6.79687187545187,-9.344062031622987e-05,183;-295,54602;-88337,America/Toronto
45.50155,-73.613478,152.34203233256352,4.800000000670934e-05,4.850000000189425e-05,-0.0006351039261005,5228.129193770508,5237.056434203037,0.7802168626635677,6.572887224481292,-9.662480161815912e-05,183;-295,54602;-88337,America/Toronto
45.501598,-73.613436,152.34139722863742,4.450000000133514e-05,5.3499999999928605e-05,-0.0006351039261005,5234.390325769164,5243.317566233904,0.6938183132701694,6.8874742663115285,-9.221144061574678e-05,183;-295,54602;-88337,America/Toronto
45.501657,-73.613389,152.34076212471132,4.299999999801685e-05,5.600000000072214e-05,-0.0006351039261005,5241.904142303131,5250.831382794712,0.6548320685693133,7.072392853202473,-8.980043071360038e-05,183;-295,54602;-88337,America/Toronto
45.50171,-73.61335,152.34012702078522,4.399999999549209e-05,5.399999999866623e-05,-0.0006351039261005,5248.535111475569,5257.462351997564,0.683709311596296,6.920531282301454,-9.177097803774668e-05,183;-295,54603;-88337,America/Toronto
45.501765,-73.613301,152.33949191685912,4.949999999581678e-05,5.249999999890065e-05,-0.0006351039261005,5255.745204867734,5264.672445417701,0.7559948751617134,6.999728921012775,-9.073264572449345e-05,183;-295,54603;-88336,America/Toronto
45.501815,-73.613251,152.33885681293302,4.9500000002922206e-05,5.1500000001425406e-05,0.0493648960739108,5262.534569317594,5271.461809897266,0.7655987708467215,6.905903576926448,0.0071480950682825,183;-295,54603;-88336,America/Toronto
45.501868,-73.613202,152.43822170900694,4.850000000544696e-05,5.300000000119098e-05,0.0993648960739079,5269.557012021587,5278.484955553839,0.7410922019914146,7.0014043801757,0.0141911851155155,183;-295,54603;-88336,America/Toronto
45.501921,-73.613154,152.53758660508083,4.750000000086629e-05,5.299999999763827e-05,0.1493648960739051,5276.5373780779455,5285.466028799647,0.73072633200951,6.959637917593227,0.0214582959192571,183;-295,54603;-88336,America/Toronto
45.501974,-73.613107,152.73695150115475,4.299999999801685e-05,4.999999999810712e-05,0.1993648960739023,5283.4762878567735,5292.407802008309,0.7102710074826017,6.492328608436765,0.0306981175322329,183;-295,54603;-88336,America/Toronto
45.502021,-73.613068,152.93631639722864,4.100000000306636e-05,4.750000000086629e-05,0.2493648960738994,5289.522035294819,5298.45683568704,0.71208347532215,6.173979454908022,0.040367712936948,183;-295,54603;-88336,America/Toronto
45.502069,-73.613025,153.23568129330255,3.999999999848569e-05,4.649999999983834e-05,0.2993648960738966,5295.82424676659,5304.76615330275,0.7103946168633731,6.038698963402112,0.0495338510858719,183;-295,54603;-88336,America/Toronto
45.502114,-73.612988,153.53504618937643,3.749999999769216e-05,4.150000000180398e-05,0.2993648960738966,5301.599433221623,5310.549093552434,0.7348084545758262,5.467546540721742,0.0546984421101835,183;-295,54603;-88336,America/Toronto
45.502152,-73.61295,153.83441108545034,3.500000000400405e-05,4.0000000002038405e-05,0.2993648960739108,5306.759339848033,5315.717677085112,0.7188299996530645,5.227131546977034,0.0572088591258954,183;-295,54603;-88336,America/Toronto
45.502194,-73.612918,154.13377598152425,3.199999999736747e-05,3.999999999848569e-05,0.3493648960739079,5312.053696315577,5321.020490465426,0.6747409422018897,5.100422097366391,0.0683904254345109,183;-295,54603;-88336,America/Toronto
45.502232,-73.612886,154.53314087759816,3.299999999484271e-05,3.8999999997457735e-05,0.3493648960739079,5316.960184042766,5325.943204568161,0.7022569314640877,5.041881744441071,0.0691819771598601,183;-295,54603;-88336,America/Toronto
45.502272,-73.612852,154.83250577367207,3.399999999942338e-05,3.8499999998720114e-05,0.3493648960739079,5322.13745980446,5331.1291281747735,0.7234087222110079,5.035473526716032,0.0692697379758699,183;-295,54603;-88336,America/Toronto
45.502309,-73.612818,155.23187066974597,3.1499999998629846e-05,3.600000000147929e-05,0.3993648960739051,5327.031131096198,5336.0390681980125,0.7188299995797046,4.697075318217685,0.0848201638517979,183;-295,54603;-88336,America/Toronto
45.502344,-73.612789,155.63123556581988,2.849999999909869e-05,3.4500000001713715e-05,0.3993648960738909,5331.531610440895,5340.557232277842,0.6904464570147738,4.432839420682285,0.0898497759255917,183;-295,54603;-88336,America/Toronto
45.502378,-73.612761,156.03060046189375,2.900000000494174e-05,3.6999999998954536e-05,0.3993648960738909,5335.8968099375625,5344.940662323585,0.6647744949137994,4.695032294609973,0.084856896102542,183;-295,54603;-88336,America/Toronto
45.502418,-73.612731,156.42996535796766,2.7000000002885827e-05,3.6500000000216914e-05,0.3993648960739051,5340.921675030115,5349.981372741628,0.636893275501431,4.571753308820917,0.0871336795265662,183;-295,54603;-88336,America/Toronto
45.502451,-73.612707,156.82933025404157,2.6499999997042775e-05,3.6500000000216914e-05,0.3993648960739051,5345.040316555204,5354.119331215611,0.6279812906149781,4.553860048571551,0.0874743092125617,183;-295,54603;-88336,America/Toronto
45.502491,-73.612678,157.22869515011547,2.599999999830516e-05,3.350000000068576e-05,0.3493648960739079,5350.029395127258,5359.124368410112,0.6600090430144434,4.242865783174239,0.0821563837309157,183;-295,54603;-88336,America/Toronto
45.502518,-73.612655,157.52806004618938,4.0000000041118255e-06,3.399999999942338e-05,0.2493648960739136,5353.526048121553,5362.633813024793,0.1171087446881173,4.101568610534741,0.060722702556269,183;-295,54604;-88336,America/Toronto
45.502559,-73.61267,157.7274249422633,-2.5000000000829917e-05,4.149999999825127e-05,0.1993648960739023,5358.232532348327,5367.344517870001,-0.5421894099601771,5.057448805256627,0.0393996524451767,183;-295,54604;-88336,America/Toronto
45.502601,-73.612705,157.9267898383372,-4.450000000133514e-05,3.24999999996578e-05,0.1493648960738909,5363.640945732066,5372.756604500053,-0.9399987088479542,5.166503699620989,0.0289021962305237,183;-295,54604;-88336,America/Toronto
45.502624,-73.612759,158.02615473441108,-5.600000000072214e-05,2.250000000003638e-05,0.0993648960739079,5368.565539747569,5377.682200870047,-1.1887514893617466,5.032133232205524,0.0197435123701286,183;-295,54604;-88336,America/Toronto
45.502646,-73.612817,158.125519630485,-6.549999999805323e-05,2.650000000059549e-05,0.0993648960739079,5373.705212196477,5382.822833736206,-1.186347788745396,5.895824326896673,0.0168518402781727,183;-295,54604;-88336,America/Toronto
45.502677,-73.61289,158.2248845265589,-7.399999999790907e-05,2.399999999980196e-05,-0.0006351039261005,5380.357188401363,5389.475552038745,-1.257175674572328,6.397541151689893,-9.927312837158468e-05,183;-295,54604;-88336,America/Toronto
45.502694,-73.612965,158.1242494226328,-7.80000000020209e-05,1.9000000001767603e-05,-0.0506351039260977,5386.500294499857,5395.619482373759,-1.3318598861932986,6.436893604637135,-0.0078662259531393,183;-295,54604;-88336,America/Toronto
45.502715,-73.613046,158.1236143187067,-8.299999999650254e-05,2.650000000059549e-05,-0.0506351039260977,5393.230975610637,5402.350163514503,-1.2617492632065712,7.12510595289541,-0.0071064559420488,183;-295,54604;-88336,America/Toronto
45.502747,-73.613131,158.0229792147806,-8.650000000187674e-05,3.24999999996578e-05,-0.150635103926092,5400.750506405648,5409.8703676873465,-1.2113923443966792,7.648827163657643,-0.0196913370737033,183;-295,54604;-88336,America/Toronto
45.50278,-73.613219,157.82234411085452,-8.700000000061436e-05,2.800000000036107e-05,-0.150635103926092,5408.528629937952,5417.651078460066,-1.2594260223952936,7.475895698495151,-0.0201467127177536,183;-295,54604;-88336,America/Toronto
45.502803,-73.613305,157.72170900692842,-8.79999999980896e-05,2.6999999999333116e-05,-0.2006351039261034,5415.702297802638,5424.825452164924,-1.2730961170844344,7.494477172813731,-0.0267646680167395,183;-295,54604;-88336,America/Toronto
45.502834,-73.613395,157.4210739030023,-9.10000000047262e-05,3.0500000001154604e-05,-0.2506351039261005,5423.51758428358,5432.646518859749,-1.2473983274349385,7.861604362507478,-0.0318701157648296,183;-295,54604;-88337,America/Toronto
45.502864,-73.613487,157.22043879907622,-9.299999999967667e-05,3.350000000068576e-05,-0.2506351039261005,5431.425506527653,5440.556985891679,-1.2250503787987492,8.154955928161598,-0.0307244129250975,183;-295,54604;-88337,America/Toronto
45.502901,-73.613581,156.9198036951501,-9.34999999984143e-05,3.6999999998954536e-05,-0.3506351039261091,5439.827496139903,5448.964352358657,-1.1939833770284491,8.368055810266014,-0.04187712403787,183;-295,54604;-88337,America/Toronto
45.502938,-73.613674,156.519168591224,-8.95000000014079e-05,4.549999999881038e-05,-0.4506351039261034,5448.161618148185,5457.308098407971,-1.100467302758535,8.666362222464159,-0.0519513962027196,183;-295,54604;-88337,America/Toronto
45.502992,-73.61376,156.0185334872979,-7.999999999697138e-05,5.9000000000253294e-05,-0.450635103926075,5457.160220584831,5466.320616442355,-0.9353433339507587,9.079238677347805,-0.0495928811423546,183;-295,54604;-88337,America/Toronto
45.503056,-73.613834,155.61789838337185,-6.700000000137152e-05,6.85000000011371e-05,-0.450635103926075,5466.320095502881,5475.489248674089,-0.7743285048692761,9.26380230260429,-0.0486064086540261,183;-295,54604;-88337,America/Toronto
45.503129,-73.613894,155.11726327944575,-5.3499999999928605e-05,7.150000000066825e-05,-0.4506351039261034,5475.68782519004,5484.870346424298,-0.6423812884275779,8.985075862003669,-0.0501117450765987,183;-295,54604;-88337,America/Toronto
45.503199,-73.613941,154.71662817551965,-4.500000000007276e-05,6.949999999861234e-05,-0.4506351039261034,5484.290247226888,5493.482092669198,-0.5746030705574536,8.4873939201957,-0.0530448297891793,183;-295,54604;-88337,America/Toronto
45.503268,-73.613984,154.21599307159354,-3.949999999974807e-05,6.750000000010914e-05,-0.5006351039261006,5492.662613030431,5501.869413138551,-0.5294550273892812,8.114613338216714,-0.0616173975203831,183;-295,54604;-88337,America/Toronto
45.503334,-73.61402,153.71535796766744,-2.800000000036107e-05,6.199999999978445e-05,-0.5006351039261006,5500.519473903321,5509.742207958895,-0.4241944079099078,7.245920424723408,-0.068982368102497,183;-295,54605;-88337,America/Toronto
45.503392,-73.61404,153.21472286374134,-1.850000000302998e-05,5.750000000048772e-05,-0.5006351039261006,5507.154453879878,5516.396048563884,-0.3112797329372245,6.5550391112456055,-0.0762261042846965,183;-295,54605;-88337,America/Toronto
45.503449,-73.614057,152.71408775981524,-1.54999999963934e-05,5.750000000048772e-05,-0.5506351039260977,5513.629552125813,5522.890471771666,-0.2633065495085548,6.50802129550857,-0.0844076506563633,183;-295,54605;-88337,America/Toronto
45.503507,-73.614071,152.11345265588915,-1.4999999997655776e-05,5.949999999899092e-05,-0.650635103926092,5520.170496470895,5529.458935477399,-0.2469549451059006,6.71874781579163,-0.0965377269347541,183;-295,54605;-88337,America/Toronto
45.503568,-73.614087,151.41281755196306,-1.650000000097407e-05,6.050000000001887e-05,-0.650635103926092,5527.067047757396,5536.390984899914,-0.2662520491658318,6.849259310772595,-0.0947093026158016,183;-295,54605;-88337,America/Toronto
45.503628,-73.614104,150.81218244803696,-1.800000000429236e-05,6.249999999852207e-05,-0.7006351039261034,5533.86901509244,5543.219419724607,-0.2804115883530672,7.0898771523234245,-0.0985020775276685,183;-295,54605;-88337,America/Toronto
45.503693,-73.614123,150.01154734411085,-1.9000000001767603e-05,6.250000000207478e-05,-0.7506351039261006,5541.246802062043,5550.640521875802,-0.2951224672252505,7.105911223135081,-0.1052449938701556,183;-295,54605;-88337,America/Toronto
45.503753,-73.614142,149.31091224018476,-1.94999999933998e-05,6.050000000001887e-05,-0.7006351039260892,5548.080837538711,5557.510378529707,-0.3118006339049185,6.896851867670193,-0.1012403535307963,183;-295,54605;-88337,America/Toronto
45.503814,-73.614162,148.61027713625867,-2.3499999997511622e-05,6.149999999749411e-05,-0.7006351039261034,5555.040505797383,5564.505224619481,-0.364992812172985,7.083857807323966,-0.0985852363576155,183;-295,54605;-88337,America/Toronto
45.503876,-73.614189,147.90964203233256,-3.1500000005735274e-05,6.050000000001887e-05,-0.7506351039261006,5562.248553153358,5571.747243415013,-0.4800395833832637,7.171632155409043,-0.1042875370004164,183;-295,54605;-88338,America/Toronto
45.503935,-73.614225,147.10900692840647,-3.8000000003535206e-05,5.750000000048772e-05,-0.8006351039260977,5569.383770108201,5578.927239066984,-0.5839784804390199,7.049415952756135,-0.1130900759165177,183;-295,54605;-88338,America/Toronto
45.503991,-73.614265,146.30837182448036,-4.399999999549209e-05,5.649999999945976e-05,-0.8006351039260977,5576.347385058871,5585.936729044923,-0.6616555386005134,7.161642764800945,-0.1113326158589835,183;-295,54605;-88338,America/Toronto
45.504048,-73.614313,145.50773672055428,-5.449999999740385e-05,5.7000000001750095e-05,-0.8506351039260807,5583.707055637803,5593.339820804454,-0.7629803948469829,7.6412335949544286,-0.1108652358069697,183;-295,54605;-88338,America/Toronto
45.504105,-73.614374,144.6071016166282,-6.150000000104683e-05,5.600000000072214e-05,-0.900635103926092,5591.62985224878,5601.313643584609,-0.8321725325220313,7.858451035948292,-0.1141093407940027,183;-295,54605;-88338,America/Toronto
45.50416,-73.614436,143.7064665127021,-6.49999999993156e-05,5.200000000016303e-05,-0.9006351039261062,5599.4239577097,5609.159612200808,-0.8960553845646785,7.697379253003874,-0.1164758197543927,183;-295,54605;-88338,America/Toronto
45.504209,-73.614504,142.805831408776,-6.249999999852207e-05,4.850000000189425e-05,-0.8006351039260977,5607.024610754787,5616.813439367802,-0.9108618049097384,7.2723462937724435,-0.1096515068461228,183;-295,54606;-88338,America/Toronto
45.504257,-73.614561,142.1051963048499,-6.100000000230921e-05,4.299999999801685e-05,-0.7506351039261006,5613.9686502972445,5623.792735515413,-0.9567772898265016,6.770274103062548,-0.110421205685409,183;-295,54606;-88338,America/Toronto
45.504295,-73.614626,141.3045612009238,-6.550000000515865e-05,3.6999999998954536e-05,-0.8006351039261119,5620.565158960912,5630.437654109308,-1.056596586103433,6.557072413441347,-0.1215010869388356,183;-295,54606;-88338,America/Toronto
45.504331,-73.614692,140.50392609699767,-6.349999999599731e-05,3.200000000092018e-05,-0.7006351039261034,5627.082795124127,5637.004281685598,-1.1040040740347603,6.100140932928298,-0.1143544698785574,183;-295,54606;-88338,America/Toronto
45.504359,-73.614753,139.90329099307158,-4.750000000086629e-05,2.599999999830516e-05,-0.5006351039260863,5632.765440826769,5642.718581704832,-1.06997576686555,4.72165530891516,-0.1056348957486322,183;-295,54606;-88338,America/Toronto
45.504383,-73.614787,139.5026558891455,-4.150000000180398e-05,1.999999999924285e-05,-0.4506351039260892,5636.5261057419575,5646.500526851291,-1.1217107952186356,3.9867092612398665,-0.1125566061635001,183;-295,54606;-88338,America/Toronto
45.504399,-73.614836,139.0020207852194,-4.8499999998341536e-05,1.3500000001442912e-05,-0.5006351039261006,5640.738859349249,5650.742923398413,-1.2993178443595368,4.074179678513247,-0.1222670452130962,183;-295,54606;-88338,America/Toronto
45.50441,-73.614884,138.5013856812933,-5.050000000039745e-05,1.3500000001442912e-05,-0.4506351039260892,5644.674465098984,5654.710243416339,-1.3095777921556584,4.2164240681968295,-0.1064719692344857,183;-295,54606;-88338,America/Toronto
45.504426,-73.614937,138.10075057736722,-6.299999999725969e-05,1.5499999999946112e-05,-0.400635103926092,5649.171707485642,5659.225295749464,-1.3295559640015489,5.21285029083765,-0.0767044995205981,183;-295,54606;-88338,America/Toronto
45.504441,-73.61501,137.70011547344112,-6.700000000137152e-05,1.999999999924285e-05,-0.4006351039261062,5655.100165680659,5665.167275643115,-1.280709394489855,5.7177018827010215,-0.0699549173355764,183;-295,54606;-88339,America/Toronto
45.504466,-73.615071,137.299480369515,-5.149999999787269e-05,2.399999999980196e-05,-0.3506351039261091,5660.607111251044,5670.688775258409,-1.1347007990291933,4.830370442431104,-0.0724625957732041,183;-295,54606;-88339,America/Toronto
45.504489,-73.615113,136.9988452655889,-4.299999999801685e-05,2.399999999980196e-05,-0.3006351039260977,5664.7609065655215,5674.853435746406,-1.061725438356398,4.284021712443973,-0.0700610475033037,183;-295,54606;-88339,America/Toronto
45.504514,-73.615157,136.6982101616628,-4.250000000638465e-05,2.2999999998774e-05,-0.2506351039260863,5669.175154675932,5679.277909483019,-1.0747526485139136,4.185877163630721,-0.059804961517935,183;-295,54606;-88339,America/Toronto
45.504535,-73.615198,136.49757505773673,-4.20000000005416e-05,1.999999999924285e-05,-0.2006351039260892,5673.132660892783,5683.240498270837,-1.1263771169134986,3.9594735960831713,-0.0506288630692859,183;-295,54606;-88339,America/Toronto
45.504554,-73.615241,136.29693995381064,-4.149999999469856e-05,1.850000000302998e-05,-0.2006351039260892,5677.094101868099,5687.207016775248,-1.1514546791364524,3.832967873498092,-0.052296853889657,183;-295,54606;-88339,America/Toronto
45.504572,-73.615281,136.09630484988455,-3.750000000479759e-05,1.7500000002002025e-05,-0.2006351039261034,5680.798596639779,5690.916940758072,-1.1341691669865417,3.511542928958079,-0.057073830388045,183;-295,54606;-88339,America/Toronto
45.504589,-73.615316,135.89566974595843,-3.300000000194814e-05,1.6499999997421355e-05,-0.2006351039261034,5684.117187726015,5694.241591302501,-1.1071487178802168,3.1594352643683123,-0.0634183131096166,183;-295,54606;-88339,America/Toronto
45.504605,-73.615347,135.69503464203234,-2.199999999419333e-05,1.0499999998359044e-05,-0.1006351039260948,5687.117467168516,5697.248571711153,-1.1254952828653615,2.077956760333564,-0.0483920253853483,183;-295,54606;-88339,America/Toronto
45.50461,-73.61536,135.69439953810624,-2.599999999830516e-05,8.499999999855845e-06,-0.100635103926109,5688.273101246682,5698.404205963837,-1.2548260548276722,2.2374780786881274,-0.0449467316729475,183;-295,54606;-88339,America/Toronto
45.504622,-73.615399,135.49376443418012,-2.7000000002885827e-05,7.499999998827889e-06,-0.1506351039261062,5691.592423325892,5701.729586169236,-1.299849476524341,2.267477495854564,-0.0663354270741618,183;-295,54606;-88339,America/Toronto
45.504625,-73.615414,135.39312933025403,-2.400000000335467e-05,1.2000000001677336e-05,-0.1506351039260778,5692.808056238391,5702.949377463718,-1.1071487177940904,2.3446558257560355,-0.0641579722912966,183;-295,54606;-88339,America/Toronto
45.504646,-73.615447,135.19249422632797,-2.599999999830516e-05,2.4500000002092293e-05,-0.2006351039260892,5696.281734977404,5706.428845587842,-0.8150924029291976,3.4606480974757687,-0.0579113381629436,183;-295,54606;-88339,America/Toronto
45.504674,-73.615466,134.99185912240185,-1.54999999963934e-05,2.849999999909869e-05,-0.2506351039261005,5699.729352433343,5709.88229611846,-0.4981167099159266,3.4025682593196507,-0.0735277736295566,183;-295,54606;-88339,America/Toronto
45.504703,-73.615478,134.69122401847576,-1.850000000302998e-05,2.849999999909869e-05,-0.3006351039260977,5703.086871496043,5713.253247871617,-0.5757583176124768,3.5151553393852737,-0.0853177931431593,183;-295,54606;-88339,America/Toronto
45.504731,-73.615503,134.39058891454965,-3.300000000194814e-05,2.9500000000126647e-05,-0.3006351039260977,5706.759663112113,5716.938323138254,-0.8413397346582088,4.186460542343866,-0.0716882235578455,183;-295,54606;-88339,America/Toronto
45.504762,-73.615544,134.08995381062357,-4.799999999960392e-05,2.5000000000829917e-05,-0.3506351039260948,5711.459792580731,5721.648057577422,-1.0906212971743885,4.739366194020931,-0.0738490002906119,183;-295,54606;-88339,America/Toronto
45.504781,-73.615599,133.68931870669746,-5.699999999819738e-05,1.5999999998683734e-05,-0.4006351039261062,5716.238395500155,5726.443425587077,-1.2971370057259832,4.799201881072349,-0.0832864157550417,183;-295,54606;-88339,America/Toronto
45.504794,-73.615658,133.28868360277136,-6.599999999679085e-05,1.0499999998359044e-05,-0.4506351039261034,5721.058196342876,5731.279848712693,-1.4130275892156472,5.288942939211665,-0.0849979586894056,183;-295,54606;-88339,America/Toronto
45.504802,-73.615731,132.78804849884526,-7.40000000050145e-05,5.50000000032469e-06,-0.5006351039260863,5726.816281378578,5737.05965656293,-1.4966084091029193,5.806207301489394,-0.0860113856515307,183;-295,54606;-88339,America/Toronto
45.504805,-73.615806,132.28741339491918,-7.899999999949614e-05,-4.499999999296733e-06,-0.6006351039260807,5732.670610945855,5742.935353133514,-1.6276968640612206,6.229395885919985,-0.0961223395638502,183;-295,54606;-88339,America/Toronto
45.504793,-73.615889,131.5867782909931,-8.949999999430247e-05,-1.4499999998918156e-05,-0.7006351039261034,5739.275073150418,5749.576874838693,-1.7314119436890063,7.1604746814196005,-0.097537090432478,183;-295,54606;-88340,America/Toronto
45.504776,-73.615985,130.88614318706698,-9.70000000037885e-05,-2.3500000001064336e-05,-0.8006351039261119,5746.991560308694,5757.325104546999,-1.8084847181084889,8.025233814614694,-0.0994356841711264,183;-295,54606;-88340,America/Toronto
45.504746,-73.616083,129.98550808314087,-9.599999999920784e-05,-3.900000000101045e-05,-0.900635103926092,5755.325540779648,5765.707608592967,-1.9566789962048825,8.698837372733124,-0.1031675247135745,183;-295,54606;-88340,America/Toronto
45.504698,-73.616177,129.0848729792148,-7.199999999585316e-05,-5.599999999716943e-05,-0.900635103926092,5764.38923505416,5774.815939806325,-2.2318394956489995,8.588550224618757,-0.1044827575982452,183;-295,54606;-88340,America/Toronto
45.504634,-73.616227,128.1842378752887,-6.550000000515865e-05,-7.45000000001994e-05,-1.100635103926102,5772.502641228885,5782.979180789323,-2.4203918665277504,9.739547612811748,-0.1125293996540484,183;-295,54606;-88340,America/Toronto
45.504549,-73.616308,126.8836027713626,-7.700000000454565e-05,-8.700000000061436e-05,-1.2006351039260963,5783.868330279784,5794.419047015607,-2.417094698444539,11.390345682778843,-0.1050203256180854,183;-295,54606;-88340,America/Toronto
45.50446,-73.616381,125.7829676674365,-7.04999999996403e-05,-9.099999999762076e-05,-1.1506351039260991,5795.283332594443,5805.886988220361,-2.4824542443301185,11.517447753612942,-0.0995732585210514,183;-295,54606;-88340,America/Toronto
45.504367,-73.616449,124.5823325635104,-6.700000000137152e-05,-9.400000000070464e-05,-1.1506351039260991,5806.903225787009,5817.568745042835,-2.522350216605825,11.68453892817297,-0.0981585359055394,183;-295,54606;-88340,America/Toronto
45.504272,-73.616515,123.4816974595843,-7.199999999585316e-05,-9.449999999944224e-05,-1.1006351039260949,5818.652410450789,5829.3693695134125,-2.490515932170233,11.920279311983904,-0.0920719388712951,183;-295,54606;-88340,America/Toronto
45.504178,-73.616593,122.3810623556582,-7.749999999617785e-05,-9.400000000070464e-05,-1.0506351039260975,5830.743784410977,5841.5107335997545,-2.4521091897994944,12.071881367257449,-0.0868128491937535,183;-295,54606;-88340,America/Toronto
45.504084,-73.61667,121.3804272517321,-7.550000000122736e-05,-9.450000000299497e-05,-1.0006351039261006,5842.796173185304,5853.604589303322,-2.4674972890762064,12.043789518048015,-0.0828926973102889,183;-295,54605;-88341,America/Toronto
45.503989,-73.616744,120.379792147806,-7.300000000043383e-05,-9.449999999944224e-05,-0.9006351039260991,5854.831363447073,5865.6813055477405,-2.4838546508103527,11.9491974675866,-0.0752297726461132,183;-295,54605;-88341,America/Toronto
45.503895,-73.616816,119.5791570438799,-7.000000000090267e-05,-9.14999999999111e-05,-0.8506351039260878,5866.694568120477,5877.571496534126,-2.488543223864138,11.544561907639036,-0.0735498408665743,183;-295,54605;-88341,America/Toronto
45.503806,-73.616884,118.67852193995382,-6.65000000026339e-05,-8.899999999911756e-05,-0.8006351039260906,5877.920487262351,5888.833485886382,-2.499891722846185,11.171692397059816,-0.0715440934934664,183;-295,54605;-88341,America/Toronto
45.503717,-73.616949,117.97788683602772,-7.64999999987026e-05,-9.199999999864872e-05,-0.7506351039261006,5889.037952914597,5899.973007064498,-2.4479244679434866,11.855971697087623,-0.0632284346899905,183;-295,54605;-88341,America/Toronto
45.503622,-73.617037,117.17725173210162,-8.649999999477131e-05,-9.14999999999111e-05,-0.7506351039261006,5901.632430656527,5912.592907466705,-2.384276993326475,12.205499987370786,-0.0614223826335519,183;-295,54605;-88341,America/Toronto
45.503534,-73.617122,116.47661662817552,-9.50000000017326e-05,-8.449999999982083e-05,-0.7006351039260963,5913.448952889338,5924.430182796246,-2.297765251386972,11.9927224996909,-0.0583553585307628,183;-295,54605;-88341,America/Toronto
45.503453,-73.617227,115.77598152424945,-0.0001184999999992,-7.700000000099294e-05,-0.7506351039260934,5925.617875655908,5936.619258677854,-2.1470232234564897,12.63645573906706,-0.0593326227953451,183;-295,54605;-88341,America/Toronto
45.50338,-73.617359,114.97534642032332,-0.0001389999999972,-6.30000000008124e-05,-0.850635103926102,5938.721864367472,5949.747683439509,-1.9963392216609372,12.958922334304589,-0.0655468497324415,183;-295,54605;-88341,America/Toronto
45.503327,-73.617505,114.07471131639724,-0.0001530000000045,-4.350000000030718e-05,-0.9006351039260991,5951.535720324518,5962.593151437147,-1.8478006497310255,12.921833536132908,-0.0695861725959317,183;-295,54604;-88342,America/Toronto
45.503293,-73.617665,113.17407621247114,-0.0001575000000002,-3.599999999792658e-05,-0.8506351039260949,5964.565531439738,5975.654051914861,-1.7955074951966772,12.913562597683722,-0.0657764249888391,183;-295,54604;-88342,America/Toronto
45.503255,-73.61782,112.37344110854504,-0.0001339999999956,-3.4499999998161e-05,-0.5506351039260977,5977.362845519885,5988.47638650087,-1.822786268542076,11.127172517071358,-0.049445291897271,183;-295,54604;-88342,America/Toronto
45.503224,-73.617933,112.07280600461894,-0.0001080000000044,-2.9500000000126647e-05,-0.2006351039260963,5986.819876473881,5997.9381947810325,-1.8374400719603063,9.033399967850984,-0.0222067132290796,183;-295,54604;-88342,America/Toronto
45.503196,-73.618036,111.97217090069284,-0.0001065000000011,-2.9500000000126647e-05,-0.1506351039260991,5995.429645455587,6006.548551878302,-1.8410166090832556,8.924743108307666,-0.0168767661171914,183;-295,54604;-88342,America/Toronto
45.503165,-73.618146,111.77153579676674,-0.0001174999999946,-2.7500000001623448e-05,-0.3506351039260948,6004.669362690496,6015.790447193983,-1.8007007549499778,9.670144824987348,-0.0362436721432123,183;-295,54604;-88342,America/Toronto
45.503141,-73.618271,111.27090069284066,-0.0001315000000019,-9.5000000008838e-06,-0.650635103926092,6014.769935105562,6025.903418993571,-1.6429143831402364,10.434857765564177,-0.0622714658977075,183;-295,54604;-88342,America/Toronto
45.503146,-73.618409,110.47026558891456,-0.0001225000000033,1.999999999924285e-05,-0.7506351039261006,6025.539078221625,6036.702282823802,-1.4089588955668508,9.985731651088372,-0.0750296570221994,183;-295,54604;-88343,America/Toronto
45.503181,-73.618516,109.76963048498844,-8.79999999980896e-05,3.949999999974807e-05,-0.600635103926102,6034.741398407738,6045.931236521628,-1.148887803352585,8.236183486018035,-0.0727975174766269,183;-295,54604;-88343,America/Toronto
45.503225,-73.618585,109.26899538106235,-5.949999999899092e-05,3.750000000124487e-05,-0.400635103926092,6042.011445193661,6053.2185004647545,-1.0084291317463825,6.236273644526591,-0.0641545465166023,183;-295,54604;-88343,America/Toronto
45.503256,-73.618635,108.96836027713628,-4.3500000003859896e-05,2.599999999830516e-05,-0.3006351039260906,6047.213945696792,6058.429680076972,-1.0320688723546336,4.456470034485847,-0.0673583103441387,183;-295,54604;-88343,America/Toronto
45.503277,-73.618672,108.66772517321016,-3.6999999998954536e-05,2.449999999853958e-05,-0.2506351039261005,6050.924385262632,6062.152279066585,-0.9859187130892954,3.97702994428164,-0.062937440247063,183;-295,54604;-88343,America/Toronto
45.503305,-73.618709,108.46709006928408,-2.5000000000829917e-05,3.700000000250725e-05,0.0493648960738966,6055.168005585355,6066.400639678439,-0.5942137037843985,4.728978767987883,0.0104384277318551,183;-295,54604;-88343,America/Toronto
45.503351,-73.618722,108.76645496535797,1.2999999995599865e-05,4.850000000189425e-05,0.0493648960739037,6060.382342798608,6071.623563372551,0.2618852645861088,5.824209938421518,0.0084756069119598,183;-295,54605;-88343,America/Toronto
45.503402,-73.618683,108.56581986143188,4.500000000007276e-05,4.999999999810712e-05,-0.2006351039260963,6066.816425462198,6078.060773495487,0.7328151018061348,6.589130663465767,-0.0304399990344763,183;-295,54605;-88343,America/Toronto
45.503451,-73.618632,108.36518475750576,4.850000000544696e-05,5.200000000016303e-05,-0.1506351039260991,6073.56060412554,6084.8079358833365,0.75058636198603,6.916577797988339,-0.0217754066784858,183;-295,54605;-88343,America/Toronto
45.503506,-73.618586,108.26454965357968,4.850000000544696e-05,5.499999999969418e-05,-0.1506351039260991,6080.649581058175,6091.897627087866,0.722678601589331,7.191378110225742,-0.0209435627599205,183;-295,54605;-88343,America/Toronto
45.503561,-73.618535,108.06391454965356,4.899999999707916e-05,5.249999999890065e-05,-0.150635103926092,6087.943360345991,6099.194165359149,0.7509290623786518,6.97582023991481,-0.021590535846975,183;-295,54605;-88343,America/Toronto
45.503611,-73.618488,107.9632794457275,4.149999999469856e-05,5.300000000119098e-05,-0.0506351039260906,6094.601221538004,6105.852787069102,0.6643004862477764,6.743813755397241,-0.0075082370694509,183;-295,54605;-88343,America/Toronto
45.503667,-73.618452,107.9626443418014,3.249999999610509e-05,5.850000000151567e-05,-0.0506351039261048,6101.430987856786,6112.682553417413,0.507098504330461,6.989634464723167,-0.0072441868643426,183;-295,54605;-88343,America/Toronto
45.503728,-73.618423,107.86200923787528,3.300000000194814e-05,5.9000000000253294e-05,-0.0506351039261048,6108.5804904674505,6119.832764253749,0.5099720597247349,7.056353103186211,-0.0071756945982596,183;-295,54605;-88343,America/Toronto
45.503785,-73.618386,107.86137413394918,4.550000000591581e-05,5.699999999819738e-05,-0.0006351039260934,6115.543694063158,6126.79596787842,0.6736702788999093,7.285606216206361,-8.717241992464228e-05,183;-295,54605;-88343,America/Toronto
45.503842,-73.618332,107.8607390300231,5.649999999945976e-05,5.399999999866623e-05,-0.0006351039260934,6123.151702899863,6134.403976741634,0.8080187387603232,7.454387180249796,-8.519867685964053e-05,183;-295,54605;-88342,America/Toronto
45.503893,-73.618273,107.860103926097,6.249999999852207e-05,5.000000000165983e-05,-0.0006351039261005,6130.452468423658,6141.704742293053,0.8960553845436154,7.396798292686071,-8.586200399270341e-05,183;-295,54605;-88342,America/Toronto
45.503942,-73.618207,107.8594688221709,6.350000000310274e-05,5.250000000245336e-05,-0.0006351039261005,6137.945299485235,6149.197573381547,0.879943034938636,7.663481537558709,-8.287407251311611e-05,183;-295,54605;-88342,America/Toronto
45.503998,-73.618146,107.8588337182448,5.550000000198452e-05,5.9000000000253294e-05,-0.0006351039260934,6145.779431498775,6157.03170542083,0.7548399931356514,7.876608178378774,-8.063165138268991e-05,183;-295,54605;-88342,America/Toronto
45.50406,-73.618096,107.85819861431872,4.5999999997548e-05,5.849999999796296e-05,-0.0006351039260934,6153.698515841993,6164.950789789516,0.6663465958427832,7.42780852440319,-8.55035401705864e-05,183;-295,54605;-88342,America/Toronto
45.504115,-73.618054,107.8575635103926,4.399999999549209e-05,5.699999999819738e-05,0.0493648960739037,6160.635048547581,6171.887322524179,0.6573891046899919,7.206294442997205,0.0068501397385787,183;-295,54605;-88342,America/Toronto
45.504174,-73.618008,107.95692840646652,5.149999999787269e-05,6.000000000128125e-05,0.0493648960739037,6168.111104727987,6179.36403900905,0.7093121430453942,7.792036441559048,0.0063352162201654,183;-295,54606;-88342,America/Toronto
45.504235,-73.617951,107.95629330254042,5.399999999866623e-05,5.949999999899092e-05,-0.0506351039260977,6176.2191214307,6187.472055736636,0.7369778899480219,7.841827909119729,-0.0064569639644684,183;-295,54606;-88342,America/Toronto
45.504293,-73.6179,107.85565819861432,5.3499999999928605e-05,5.600000000072214e-05,-0.0506351039260977,6183.794760546227,6195.048363243123,0.7625710788689556,7.499298260065188,-0.0067518763382375,183;-295,54606;-88342,America/Toronto
45.504347,-73.617844,107.85502309468822,5.3499999999928605e-05,5.9000000000253294e-05,-0.0006351039261005,6191.21771795083,6202.471320674896,0.7365481689035656,7.787043683302272,-8.155905508199403e-05,183;-295,54606;-88342,America/Toronto
45.504411,-73.617793,107.85438799076212,5.000000000165983e-05,6.199999999978445e-05,-0.0006351039261005,6199.368847912831,6210.62245066164,0.6786624907662331,7.919180642861647,-8.019818632517603e-05,183;-295,54606;-88342,America/Toronto
45.504471,-73.617744,107.85375288683602,5.10000000062405e-05,5.950000000254363e-05,-0.0006351039260934,6207.056079236553,6218.309682011597,0.7086262721670082,7.719826581260349,-8.226919581358275e-05,183;-295,54606;-88342,America/Toronto
45.50453,-73.617691,107.85311778290992,5.3499999999928605e-05,5.799999999922534e-05,-0.0006351039260934,6214.808501075352,6226.062103876411,0.7450613101063533,7.6801999343201715,-8.269367074777883e-05,183;-295,54606;-88342,America/Toronto
45.504587,-73.617637,107.85248267898383,4.749999999376087e-05,5.7499999996935e-05,-0.0006351039261005,6222.4164791051935,6233.670081932762,0.6904464570163705,7.402693830089447,-8.579362312146903e-05,183;-295,54606;-88342,America/Toronto
45.504645,-73.617596,107.85184757505772,4.20000000005416e-05,5.649999999945976e-05,-0.0506351039260977,6229.613888735531,6240.86749159112,0.6392397709617386,7.085518903716547,-0.0071461586192574,183;-295,54606;-88342,America/Toronto
45.5047,-73.617553,107.75121247113164,5.200000000371574e-05,5.650000000301248e-05,-0.0506351039260906,6236.587516912627,6247.8418458534525,0.7439472653482953,7.492812032781785,-0.0067577209892998,183;-295,54606;-88342,America/Toronto
45.504758,-73.617492,107.75057736720557,5.7499999996935e-05,5.600000000072214e-05,-0.0006351039260934,6244.599512801095,6255.8538417670925,0.7986132530532202,7.672190499093631,-8.277999936495189e-05,183;-295,54606;-88341,America/Toronto
45.504812,-73.617438,107.74994226327944,5.3499999999928605e-05,5.549999999843181e-05,-0.0006351039261005,6251.931897910814,6263.186226904317,0.7670515982977796,7.448761720461789,-8.526302067320784e-05,183;-295,54606;-88341,America/Toronto
45.504869,-73.617385,107.74930715935336,5.150000000497812e-05,5.649999999945976e-05,-0.0006351039261005,6259.497036242018,6270.75136526218,0.7391349010259763,7.455357477504549,-8.518758845308063e-05,183;-295,54606;-88341,America/Toronto
45.504925,-73.617335,107.74867205542724,5.399999999866623e-05,5.3499999999928605e-05,-0.0006351039260934,6266.842612865823,6278.096941913441,0.7900492926368756,7.298729572489719,-8.701568104185294e-05,183;-295,54606;-88341,America/Toronto
45.504976,-73.617277,107.74803695150116,5.3499999999928605e-05,5.1500000001425406e-05,-0.0006351039260934,6274.094495386998,6285.348824462426,0.8044434793649692,7.090577298631615,-8.957012915120145e-05,183;-295,54606;-88341,America/Toronto
45.505028,-73.617228,107.74740184757506,4.9000000004184585e-05,5.300000000119098e-05,-0.0506351039260977,6281.023767463086,6292.27809656762,0.7462025615017611,7.022585522097415,-0.0072101972000148,183;-295,54607;-88341,America/Toronto
45.505082,-73.617179,107.64676674364895,4.649999999628562e-05,4.799999999960392e-05,-0.0506351039260977,6288.139666431192,6299.39470710554,0.7695264803698627,6.454856720659336,-0.0078443360598378,183;-295,54607;-88341,America/Toronto
45.505124,-73.617135,107.64613163972288,4.299999999801685e-05,4.39999999990448e-05,-0.0006351039260934,6293.933480904405,6305.1885216135615,0.7739044166702156,5.933184702199924,-0.0001070426685743,183;-295,54607;-88341,America/Toronto
45.50517,-73.617093,107.64549653579678,4.600000000465343e-05,5.3499999999928605e-05,-0.0006351039260934,6300.006035835592,6311.26107657796,0.7101635499835027,6.947493854714139,-9.141482347528666e-05,183;-295,54607;-88341,America/Toronto
45.505231,-73.617043,107.64486143187068,4.549999999881038e-05,5.399999999866623e-05,-0.0006351039261005,6307.828468613833,6319.083509381983,0.7001779324246067,6.9739640843686175,-9.10678513197907e-05,183;-295,54607;-88341,America/Toronto
45.505278,-73.617002,107.64422632794458,4.500000000007276e-05,4.949999999936949e-05,-0.0006351039261005,6313.9539640043295,6325.209004805404,0.7378150601276097,6.527378088712339,-9.729847351644188e-05,183;-295,54607;-88341,America/Toronto
45.50533,-73.616953,107.64359122401848,4.750000000086629e-05,5.000000000165983e-05,-0.0506351039260977,6320.883224791258,6332.138265621438,0.7597627548683012,6.679364788540624,-0.0075806810349273,183;-295,54607;-88341,America/Toronto
45.505378,-73.616907,107.54295612009238,4.399999999549209e-05,4.900000000063187e-05,-0.0506351039260977,6327.312693581411,6338.568521941967,0.7316864340368743,6.440556834561448,-0.0078617520221778,183;-295,54607;-88341,America/Toronto
45.505428,-73.616865,107.54232101616628,4.450000000133514e-05,4.699999999857596e-05,-0.0006351039261005,6333.764338460381,6345.020166852197,0.7580825548627923,6.2816674708265055,-0.0001011043527671,183;-295,54607;-88341,America/Toronto
45.505472,-73.616818,107.54168591224018,4.500000000007276e-05,4.799999999960392e-05,-0.0506351039260977,6339.876028523064,6351.131856947879,0.7531512809671185,6.397334839608448,-0.0079148657752182,183;-295,54607;-88341,America/Toronto
45.505524,-73.616775,107.44105080831407,4.349999999675447e-05,4.9500000002922206e-05,-0.0506351039260906,6346.559008139598,6357.81559422422,0.7209713239056266,6.466798560999905,-0.0078298509980556,183;-295,54607;-88341,America/Toronto
45.505571,-73.616731,107.440415704388,4.20000000005416e-05,4.649999999983834e-05,-0.0006351039260934,6352.809625645064,6364.066211761951,0.7345944593473704,6.12029507027728,-0.0001037701477659,183;-295,54607;-88341,America/Toronto
45.505617,-73.616691,107.4397806004619,4.3500000003859896e-05,4.799999999960392e-05,-0.0006351039261005,6358.799598280152,6370.056184430709,0.7362574290296866,6.323880117329736,-0.0001004294692786,183;-295,54607;-88341,America/Toronto
45.505667,-73.616644,107.4391454965358,4.600000000465343e-05,4.949999999936949e-05,-0.0006351039261005,6365.457385879723,6376.713972060573,0.748765344230199,6.568670294464027,-9.668683244107326e-05,183;-295,54607;-88340,America/Toronto
45.505716,-73.616599,107.4385103926097,4.299999999801685e-05,4.649999999983834e-05,-0.0006351039260934,6371.93693886908,6383.193525081056,0.7463119347397433,6.1615080585197575,-0.0001030760518061,183;-295,54607;-88340,America/Toronto
45.50576,-73.616558,107.4378752886836,3.949999999974807e-05,4.549999999881038e-05,-0.0006351039260934,6377.7804019967625,6389.036988243252,0.7149268188284384,5.925154506270701,-0.0001071877405034,183;-295,54607;-88340,America/Toronto
45.505807,-73.61652,107.43724018475751,4.20000000005416e-05,4.39999999990448e-05,-0.0506351039261048,6383.787247881622,6395.0438341616855,0.7621465406042689,5.903202526495079,-0.0085773547382297,183;-295,54607;-88340,America/Toronto
45.505848,-73.616474,107.3366050808314,4.349999999675447e-05,4.500000000007276e-05,-0.0506351039261048,6389.586807049753,6400.84426638427,0.7684506335529518,6.057920551498228,-0.0083583012268227,183;-295,54608;-88340,America/Toronto
45.505897,-73.616433,107.3359699769053,4.2499999999279225e-05,5.050000000039745e-05,-0.0006351039260934,6395.903088984618,6407.160548351065,0.6995878986887137,6.519331107997459,-9.741857156253704e-05,183;-295,54608;-88340,America/Toronto
45.505949,-73.616389,107.33533487297922,3.749999999769216e-05,4.900000000063187e-05,-0.0506351039260906,6402.625469265748,6413.882928662196,0.6532252754996114,6.189573575077702,-0.0081805271056579,183;-295,54608;-88340,America/Toronto
45.505995,-73.616358,107.23469976905312,3.499999999689862e-05,4.500000000007276e-05,-0.0506351039260977,6408.2822361347735,6419.540590620519,0.6610431688069611,5.708239588786455,-0.0088702961929351,183;-295,54608;-88340,America/Toronto
45.506039,-73.616319,107.23406466512702,4.450000000133514e-05,4.500000000007276e-05,-0.0006351039261005,6414.0419484433205,6425.300302964081,0.7798116293509846,6.09487052278655,-0.0001042030214468,183;-295,54608;-88340,America/Toronto
45.506085,-73.616269,107.23342956120092,4.20000000005416e-05,4.999999999810712e-05,-0.0506351039260906,6420.471977180347,6431.730331732472,0.6986598247464588,6.496578620752189,-0.0077939607272402,183;-295,54608;-88340,America/Toronto
45.506139,-73.616235,107.13279445727484,3.600000000147929e-05,4.850000000189425e-05,-0.0506351039260906,6427.035105684825,6438.294231730982,0.6385342622207573,6.093633233153469,-0.0083093183689131,183;-295,54608;-88340,America/Toronto
45.506182,-73.616197,107.13215935334874,4.150000000180398e-05,4.250000000283194e-05,-0.0006351039261005,6432.6592436466535,6443.91836972867,0.7734939638275595,5.732185284274237,-0.0001107961260854,183;-295,54608;-88340,America/Toronto
45.506224,-73.616152,107.13152424942264,4.799999999960392e-05,4.549999999881038e-05,-0.0006351039261005,6438.499476253373,6449.758602369922,0.8121297622261751,6.292146927750764,-0.0001009359652971,183;-295,54608;-88340,America/Toronto
45.506273,-73.616101,107.13088914549654,3.799999999642978e-05,4.5999999997548e-05,-0.0006351039260934,6445.243537502155,6456.502663648608,0.690446457034733,5.953560088418271,-0.0001066763271474,183;-295,54608;-88340,America/Toronto
45.506316,-73.616076,107.13025404157044,3.550000000274167e-05,4.350000000030718e-05,-0.0006351039260934,6450.40659643021,6461.665722615725,0.6844763787645265,5.614166640027179,-0.0001131252355169,183;-295,54608;-88340,America/Toronto
45.50636,-73.61603,107.12961893764437,4.3500000003859896e-05,4.150000000180398e-05,-0.0006351039261005,6456.471870782209,6467.730997000976,0.808923234405272,5.725899105867029,-0.0001109177636129,183;-295,54608;-88340,America/Toronto
45.506399,-73.615989,107.12898383371824,3.999999999848569e-05,4.20000000005416e-05,-0.0006351039261005,6461.858394641944,6473.117520898151,0.7610127541993834,5.62048659109314,-0.0001129980319504,183;-295,54608;-88340,America/Toronto
45.506444,-73.61595,107.12834872979217,3.900000000101045e-05,4.149999999825127e-05,-0.0006351039260934,6467.712843964396,6478.971970255052,0.7543522411873831,5.529670536904632,-0.0001148538451002,183;-295,54608;-88340,America/Toronto
45.506482,-73.615911,107.12771362586606,3.799999999642978e-05,4.0500000000776026e-05,0.0493648960739037,6472.917735715753,6484.176862045158,0.7535617899138912,5.394190693467408,0.0091512371082104,183;-295,54608;-88340,America/Toronto
45.506525,-73.615874,107.22707852193996,3.6999999998954536e-05,4.2499999999279225e-05,0.0493648960738966,6478.5012253513305,6489.761235769504,0.7163258312277679,5.53602876156674,0.0089167867209102,183;-295,54608;-88340,America/Toronto
45.506567,-73.615837,107.22644341801386,3.250000000321052e-05,3.8999999997457735e-05,-0.0006351039261005,6483.989793238887,6495.249803693806,0.6947382762773449,5.023826428133816,-0.0001264183649261,183;-295,54608;-88340,America/Toronto
45.506603,-73.615809,107.22580831408776,3.249999999610509e-05,3.6500000000216914e-05,-0.0006351039260934,6488.548878207598,6499.808888706754,0.7274919580868692,4.791536315133271,-0.0001325470330608,183;-295,54608;-88339,America/Toronto
45.50664,-73.615772,107.22517321016169,3.550000000274167e-05,3.399999999942338e-05,0.0493648960739037,6493.572865869153,6504.832876408453,0.8069775470110294,4.685832072830635,0.0105345367011223,183;-295,54608;-88339,America/Toronto
45.506671,-73.615738,107.32453810623556,3.250000000321052e-05,3.24999999996578e-05,0.0493648960738966,6497.920542353259,6509.181688222388,0.7853981634521054,4.417112841212656,0.0111753633631964,183;-295,54609;-88339,America/Toronto
45.506705,-73.615707,107.32390300230946,3.0499999994049176e-05,3.4000000002976094e-05,0.0493648960739037,6502.407091551579,6513.668237465658,0.7311877637822941,4.465811164195202,0.0110535093790986,183;-295,54609;-88339,America/Toronto
45.506739,-73.615677,107.42326789838336,2.8999999997836312e-05,3.4500000001713715e-05,0.0493648960739108,6506.85216468165,6518.114421055464,0.6989996139777852,4.453419831926112,0.0110842624879051,183;-295,54609;-88339,America/Toronto
45.506774,-73.615649,107.42263279445729,2.849999999909869e-05,3.64999999966642e-05,0.0493648960739037,6511.313931215431,6522.576187634447,0.6629371060090985,4.626780181857612,0.0106689795274619,183;-295,54609;-88339,America/Toronto
45.506812,-73.61562,107.52199769053118,3.350000000068576e-05,3.600000000147929e-05,0.0493648960738966,6516.105725045365,6527.36901159232,0.7494424430665649,4.797055568846645,0.0102903026515856,183;-295,54609;-88339,America/Toronto
45.506846,-73.615582,107.52136258660508,3.600000000147929e-05,3.600000000147929e-05,0.0493648960739037,6520.908042353124,6532.171328942075,0.7853981633974483,4.894860776167207,0.0100847041068551,183;-295,54609;-88339,America/Toronto
45.506884,-73.615548,107.620727482679,3.550000000274167e-05,3.749999999769216e-05,0.0993648960739079,6525.895446597699,6537.159722920239,0.758007754991868,5.005691823340385,0.0198477755910777,183;-295,54609;-88339,America/Toronto
45.506921,-73.615511,107.7200923787529,3.949999999974807e-05,4.0500000000776026e-05,0.0993648960739008,6530.919425999805,6542.184684851971,0.772898814365321,5.455187948889943,0.0182127380742253,183;-295,54609;-88339,America/Toronto
45.506965,-73.615469,107.8194572748268,4.349999999675447e-05,4.5500000002363095e-05,0.0493648960738966,6536.805822495479,6548.0719199489295,0.7629300347484137,6.090025714129752,0.0081056825144483,183;-295,54609;-88339,America/Toronto
45.507012,-73.615424,107.81882217090067,4.400000000259752e-05,5.050000000039745e-05,0.0993648960739008,6543.099477428064,6554.36557491356,0.7167232611907496,6.584953258455698,0.0150885437529231,183;-295,54609;-88339,America/Toronto
45.507066,-73.615381,108.0181870669746,4.400000000259752e-05,5.449999999740385e-05,0.1493648960739122,6549.975729012391,6561.244716009128,0.679200221524745,6.963013197512282,0.0214478973262715,183;-295,54609;-88339,America/Toronto
45.507121,-73.615336,108.11755196304853,4.549999999881038e-05,5.449999999740385e-05,0.0993648960739079,6557.025503823089,6568.295191047317,0.6956399892180702,7.021464611470492,0.0141506465077205,183;-295,54609;-88339,America/Toronto
45.507175,-73.61529,108.2169168591224,4.799999999960392e-05,5.7000000001750095e-05,0.0993648960738937,6564.018658235332,6575.289051355905,0.6998928697000502,7.359648898637261,0.0135004890198185,183;-295,54609;-88339,America/Toronto
45.507235,-73.61524,108.3162817551963,4.9500000002922206e-05,5.200000000016303e-05,0.0993648960739008,6571.744801620363,6583.015833673833,0.7607726005588955,6.966209294206692,0.0142628729439164,183;-295,54609;-88339,America/Toronto
45.507279,-73.615191,108.4156466512702,4.9500000002922206e-05,4.999999999810712e-05,0.0993648960739079,6577.951076823745,6589.222904261694,0.7803730801150796,6.775881669138926,0.0146634458984333,183;-295,54609;-88339,America/Toronto
45.507335,-73.615141,108.51501154734412,4.8499999998341536e-05,5.3499999999928605e-05,0.0993648960739079,6585.296564958641,6596.5690644370825,0.7364177624573696,7.048174118443967,0.0140970288446608,183;-295,54609;-88339,America/Toronto
45.507386,-73.615094,108.61437644341802,4.6999999995023245e-05,5.100000000268778e-05,0.0993648960739008,6592.047425060633,6603.320655767964,0.7446044804505516,6.750859202412812,0.0147177890109636,183;-295,54609;-88339,America/Toronto
45.507437,-73.615047,108.71374133949192,4.700000000212867e-05,5.000000000165983e-05,0.0993648960738937,6598.798283363467,6610.0722452998825,0.7544801838404412,6.658004422486101,0.0149230180079795,183;-295,54609;-88339,America/Toronto
45.507486,-73.615,108.8131062355658,4.750000000086629e-05,5.249999999890065e-05,0.0493648960739037,6605.363433905605,6616.638147752974,0.7354397676949967,6.914580455142186,0.007139125465273,183;-295,54609;-88338,America/Toronto
45.507542,-73.614952,108.81247113163973,4.899999999707916e-05,5.450000000095656e-05,0.0493648960739108,6612.627444273751,6623.902158148884,0.7323080024001296,7.164459180789436,0.0068901383401934,183;-295,54610;-88338,America/Toronto
45.507595,-73.614902,108.91183602771363,4.9000000004184585e-05,5.3499999999928605e-05,0.0993648960739008,6619.692352267184,6630.967764870054,0.7415238980490108,7.069601306940967,0.0140543079264107,183;-295,54610;-88338,America/Toronto
45.507649,-73.614854,109.01120092378753,4.9500000002922206e-05,5.499999999969418e-05,0.0993648960739008,6626.766646887633,6638.042757291216,0.7328151018186255,7.230700124246141,0.0137412201064755,183;-295,54610;-88338,America/Toronto
45.507705,-73.614803,109.11056581986143,5.099999999913507e-05,5.499999999969418e-05,0.0993648960739079,6634.153752515676,6645.430531173952,0.7476802109249008,7.29387051233698,0.0136222256226161,183;-295,54610;-88338,America/Toronto
45.507759,-73.614752,109.20993071593534,4.899999999707916e-05,5.699999999819738e-05,0.1493648960739051,6641.354387912307,6652.631852129011,0.7100692725552746,7.405769553197388,0.0201659864236519,183;-295,54610;-88338,America/Toronto
45.507819,-73.614705,109.40929561200925,4.949999999581678e-05,5.549999999843181e-05,0.149364896073898,6648.965291622071,6660.2453665370285,0.72831738096324,7.290412525083411,0.0204849865599567,183;-295,54610;-88338,America/Toronto
45.50787,-73.614653,109.50866050808314,5.200000000371574e-05,5.050000000039745e-05,0.0993648960739008,6655.935212962474,6667.215996126526,0.8000312652305688,6.924836341665468,0.0143480758847902,183;-295,54610;-88338,America/Toronto
45.50792,-73.614601,109.60802540415705,5.150000000497812e-05,5.3499999999928605e-05,0.0993648960739079,6662.814964305402,6674.096465000309,0.7663528474643948,7.180408535285096,0.0138374513843034,183;-295,54610;-88338,America/Toronto
45.507977,-73.61455,109.70739030023095,5.049999999329202e-05,5.450000000095656e-05,0.1493648960739051,6670.296030033044,6681.578190590296,0.7473213377326714,7.22673559199302,0.02066543475501,183;-295,54610;-88338,America/Toronto
45.508029,-73.6145,109.90675519630486,4.949999999581678e-05,5.300000000119098e-05,0.149364896073898,6677.268435489388,6688.553445726091,0.751265083837304,7.044097592593516,0.0212010856316741,183;-295,54610;-88338,America/Toronto
45.508083,-73.614451,110.00612009237877,4.650000000339105e-05,5.200000000016303e-05,0.149364896073898,6684.384225218231,6695.66992918688,0.7296185224052307,6.823900235515794,0.0218849988854449,183;-295,54610;-88338,America/Toronto
45.508133,-73.614407,110.20548498845264,3.900000000101045e-05,5.000000000165983e-05,0.1493648960739051,6690.91623596042,6702.204981650162,0.662426293829617,6.345396210396757,0.023534750729095,183;-295,54610;-88338,America/Toronto
45.508183,-73.614373,110.30484988452656,4.700000000212867e-05,5.750000000048772e-05,0.1993648960739094,6697.075017639025,6708.364564846069,0.6852558018171698,7.383463912125535,0.0269949807344848,183;-295,54610;-88338,America/Toronto
45.508248,-73.614313,110.60421478060049,5.399999999866623e-05,6.099999999875649e-05,0.1993648960739023,6705.683163784671,6716.977914914759,0.7246036075205182,7.983836475400949,0.0249658762326515,183;-295,54610;-88338,America/Toronto
45.508305,-73.614265,110.70357967667437,4.750000000086629e-05,5.649999999945976e-05,0.149364896073898,6713.042690589827,6724.338112478573,0.6990747624706787,7.291845744338843,0.0204809613422244,183;-295,54610;-88338,America/Toronto
45.508361,-73.614218,110.90294457274828,4.650000000339105e-05,5.450000000095656e-05,0.1493648960739051,6720.2668552733485,6731.565027569844,0.7063552692461976,7.0610191842170025,0.0211502928218275,183;-295,54611;-88338,America/Toronto
45.508414,-73.614172,111.00230946882218,4.6999999995023245e-05,5.249999999890065e-05,0.1493648960739051,6727.164728958261,6738.463616900684,0.7301779770558504,6.892191248700783,0.0216682204194175,183;-295,54611;-88338,America/Toronto
45.508466,-73.614124,111.20167436489608,4.649999999628562e-05,4.999999999810712e-05,0.149364896073898,6734.05123777075,6745.353010922387,0.7491446245850617,6.636373805400581,0.0225032053789482,183;-295,54611;-88337,America/Toronto
45.508514,-73.614079,111.30103926096996,4.450000000133514e-05,5.000000000165983e-05,0.0993648960739008,6740.437476569062,6751.740022694071,0.7272626879951044,6.554268885291094,0.0151591712713434,183;-295,54611;-88337,America/Toronto
45.508566,-73.614035,111.40040415704388,4.3000000005122274e-05,4.949999999936949e-05,0.1493648960739122,6747.159775541332,6758.463056001676,0.7152432144944617,6.444349695963865,0.0231735031905039,183;-295,54611;-88337,America/Toronto
45.508613,-73.613993,111.5997690531178,4.650000000339105e-05,4.799999999960392e-05,0.1493648960739051,6753.3261759609895,6764.632678396712,0.7695264804462266,6.455181134391296,0.0231346332126392,183;-295,54611;-88337,America/Toronto
45.508662,-73.613942,111.69913394919168,3.5499999995636244e-05,3.850000000227283e-05,0.0993648960738937,6760.070137810115,6771.377372222605,0.7448798108284214,5.112855455915451,0.0194318791047688,183;-295,54611;-88337,America/Toronto
45.50869,-73.613922,111.79849884526558,4.299999999801685e-05,4.600000000110072e-05,0.0993648960739008,6763.55188687282,6774.860538873546,0.7517030560164872,6.131076977189423,0.0162053417559029,183;-295,54611;-88337,America/Toronto
45.508754,-73.613856,111.89786374133948,6.100000000230921e-05,5.600000000072214e-05,0.0993648960739079,6772.332291764494,6783.641505986814,0.8281072191748872,7.837314331575726,0.0126777577523348,183;-295,54611;-88337,America/Toronto
45.508802,-73.6138,111.9972286374134,5.250000000245336e-05,4.799999999960392e-05,0.0993648960739079,6779.226515535972,6790.536445783055,0.8301443948794451,6.728388534914302,0.0147669345894901,183;-295,54611;-88337,America/Toronto
45.50885,-73.613751,112.09659353348732,4.500000000007276e-05,4.500000000007276e-05,0.0993648960739008,6785.789068834322,6797.099751289906,0.7853981633974483,6.110510793384492,0.0162598745776564,183;-295,54611;-88337,America/Toronto
45.508892,-73.61371,112.1959584295612,3.6500000000216914e-05,4.5999999997548e-05,0.0993648960738937,6791.447537122741,6802.759091954118,0.670751601713644,5.875906664540253,0.0169089523832469,183;-295,54611;-88337,America/Toronto
45.508942,-73.613678,112.2953233256351,3.949999999974807e-05,4.899999999707916e-05,0.0993648960739079,6797.540882163403,6808.853247118464,0.6784630094284738,6.283227259917567,0.0158129906399036,183;-295,54611;-88337,America/Toronto
45.50899,-73.613631,112.39468822170902,4.2499999999279225e-05,4.750000000086629e-05,0.0493648960739108,6804.013991642576,6815.327119198752,0.7298996581342412,6.239935798339502,0.0079109573976049,183;-295,54611;-88337,America/Toronto
45.509037,-73.613593,112.39405311778292,3.850000000227283e-05,4.400000000259752e-05,0.0493648960738966,6810.020753760082,6821.333881349833,0.7188299996216245,5.742924294806016,0.0085955652172096,183;-295,54611;-88337,America/Toronto
45.509078,-73.613554,112.4934180138568,3.899999999390502e-05,3.949999999974807e-05,0.0493648960738966,6815.499840232188,6826.813868754142,0.7790288227038394,5.341947591298776,0.0092407291750879,183;-295,54611;-88337,America/Toronto
45.509116,-73.613515,112.49278290993072,3.199999999736747e-05,3.4499999998161e-05,0.0493648960739108,6820.704648942679,6832.018677503382,0.7478218740402847,4.582131995928194,0.0107729298076238,183;-295,54611;-88337,America/Toronto
45.509147,-73.61349,112.59214780600465,2.5000000000829917e-05,2.800000000036107e-05,0.0493648960739108,6824.664104224044,6835.97937939922,0.7288547264627167,3.6769955637832936,0.0134245281784501,183;-295,54611;-88337,America/Toronto
45.509172,-73.613465,112.59151270207852,1.54999999963934e-05,1.6000000002236447e-05,-0.0006351039261005,6828.058640070246,6839.373915304835,0.7695264802195211,2.1512650178497097,-0.0002952234626508,183;-295,54612;-88337,America/Toronto
45.509179,-73.613459,112.59087759815245,4.0000000041118255e-06,9.999999999621425e-06,-0.0006351039261005,6828.966634259744,6840.281909716447,0.3805063774798869,1.180952698512101,-0.0005377894183848,183;-295,54612;-88337,America/Toronto
45.509192,-73.613457,112.59024249422632,7.500000002380602e-06,1.4999999997655776e-05,-0.0006351039260934,6830.42054546727,6841.735821062687,0.4636476091902842,1.7992779589881138,-0.0003529770909182,183;-295,54612;-88337,America/Toronto
45.509209,-73.613444,112.58960739030024,1.8499999995924558e-05,2.10000000002708e-05,0.0493648960739037,6832.56519017772,6843.880465867175,0.7221913313843236,2.747533079827462,0.017965055850769,183;-295,54612;-88337,America/Toronto
45.509234,-73.61342,112.68897228637414,3.0999999999892225e-05,2.9500000000126647e-05,0.0493648960738966,6835.915611626925,6847.2323604463445,0.8101864734308678,4.07633009413712,0.0121095401840321,183;-295,54612;-88337,America/Toronto
45.509268,-73.613382,112.68833718244804,3.8000000003535206e-05,3.750000000124487e-05,0.0493648960738966,6840.717850365994,6852.034599227411,0.7920205831700311,5.119241371687622,0.0096427111883845,183;-295,54612;-88337,America/Toronto
45.509309,-73.613344,112.78770207852192,3.6500000000216914e-05,4.500000000007276e-05,0.0493648960739037,6846.1540943703,6857.47175126289,0.6814793847082734,5.764645301474502,0.0085631789773979,183;-295,54612;-88337,America/Toronto
45.509358,-73.613309,112.78706697459585,3.749999999769216e-05,4.999999999810712e-05,0.0493648960739108,6852.247140968943,6863.564797894634,0.6435011087819157,6.282074069093142,0.0078578952572015,183;-295,54612;-88336,America/Toronto
45.509409,-73.613269,112.88643187066975,4.20000000005416e-05,5.000000000165983e-05,0.0993648960739008,6858.718242508487,6870.036662271894,0.6986598247114649,6.454344945634148,0.0153938235344073,183;-295,54612;-88336,America/Toronto
45.509458,-73.613225,112.98579676674365,4.500000000007276e-05,4.949999999936949e-05,0.0493648960738966,6865.155830860212,6876.475017432091,0.7378150601276097,6.526345720806148,0.0075637970736791,183;-295,54612;-88336,America/Toronto
45.509508,-73.613179,112.98516166281756,4.9500000002922206e-05,4.799999999960392e-05,0.0493648960739108,6871.770933950099,6883.090120552465,0.8007815652116707,6.594636499457465,0.0074854730908747,183;-295,54612;-88336,America/Toronto
45.509554,-73.613126,113.08452655889148,5.3499999999928605e-05,5.050000000039745e-05,0.0993648960739079,6878.345103859127,6889.665041340987,0.8142363202639724,6.998842071213858,0.014196379877158,183;-295,54612;-88336,America/Toronto
45.509609,-73.613072,113.18389145496536,5.449999999740385e-05,5.450000000095656e-05,0.0993648960738937,6885.768618092527,6897.089220551921,0.7853981633648546,7.400343814079406,0.0134262580019392,183;-295,54612;-88336,America/Toronto
45.509663,-73.613017,113.28325635103926,5.699999999819738e-05,5.050000000039745e-05,0.0993648960739079,6893.145791487285,6904.467063100994,0.8457897534459472,7.168888283914384,0.0138596850298656,183;-295,54612;-88336,America/Toronto
45.50971,-73.612958,113.38262124711318,5.999999999772854e-05,4.500000000007276e-05,0.0493648960739108,6900.106394660355,6911.428375471196,0.9272952179826645,6.851359638922986,0.0072049993668543,183;-295,54612;-88336,America/Toronto
45.509753,-73.612897,113.38198614318708,6.050000000357159e-05,3.850000000227283e-05,0.0493648960738966,6906.848510765131,6918.170491605885,1.0040671092713902,6.377422134264634,0.0077404175459692,183;-295,54612;-88336,America/Toronto
45.509787,-73.612837,113.48135103926096,6.100000000230921e-05,3.24999999996578e-05,0.0993648960739008,6912.861238928885,6924.184040753748,1.0812645324504564,5.973830926188384,0.016631828905405,183;-295,54612;-88336,America/Toronto
45.509818,-73.612775,113.58071593533488,6.150000000104683e-05,2.599999999830516e-05,0.0993648960739079,6918.796172617508,6930.119806186355,1.1708209217735763,5.615442523737329,0.0176930895227618,183;-295,54612;-88336,America/Toronto
45.509839,-73.612714,113.6800808314088,5.850000000151567e-05,2.3499999997511622e-05,0.0993648960739008,6924.092123976359,6935.416689626444,1.1888171967428478,5.265249797681463,0.0188695895307244,183;-295,54612;-88336,America/Toronto
45.509865,-73.612658,113.77944572748268,5.050000000039745e-05,2.3500000001064336e-05,0.0993648960739008,6929.326672212871,6940.652180875882,1.1352537652402324,4.723736075497982,0.0210321327609861,183;-295,54612;-88336,America/Toronto
45.509886,-73.612613,113.8788106235566,4.750000000086629e-05,1.9000000001767603e-05,0.0493648960739037,6933.539596127355,6944.866276424372,1.1902899496567407,4.271733579072588,0.0115556595127781,183;-295,54612;-88336,America/Toronto
45.509903,-73.612563,113.87817551963047,5.099999999913507e-05,1.0499999998359044e-05,0.0493648960739037,6937.870139371016,6949.196819714604,1.367751109568949,4.203460496959906,0.011743330727934,183;-295,54612;-88336,America/Toronto
45.509907,-73.612511,113.9775404157044,5.149999999787269e-05,3.499999998268777e-06,0.0493648960739037,6941.946517121275,6953.274408333553,1.50293950396926,4.03223466933332,0.0122419536725456,183;-295,54612;-88336,America/Toronto
45.50991,-73.61246,113.9769053117783,4.899999999707916e-05,4.000000000559112e-06,0.0493648960739037,6945.934608709683,6957.26249997253,1.4893442824728569,3.84623563393734,0.0128338953884755,183;-295,54612;-88335,America/Toronto
45.509915,-73.612413,114.0762702078522,4.400000000259752e-05,1.3000000002705292e-05,0.0993648960739008,6949.63898838915,6960.968212075786,1.2835148733572563,3.830819195906315,0.0259324744712591,183;-295,54612;-88335,America/Toronto
45.509936,-73.612372,114.1756351039261,3.300000000194814e-05,2.399999999980196e-05,0.0493648960739037,6953.596247101496,6964.92671809435,0.94200004041147,3.768088456631176,0.0131000300975278,183;-295,54612;-88335,America/Toronto
45.509963,-73.612347,114.175,2.849999999909869e-05,2.849999999909869e-05,0.0493648960739037,6957.175165302412,6968.505636351618,0.7853981633974483,3.871868800591983,0.0127489396133441,183;-295,54612;-88335,America/Toronto
45.509993,-73.612315,114.2743648960739,3.0500000001154604e-05,2.7500000001623448e-05,0.0993648960739008,6961.339984702679,6972.671640914675,0.8370762478693455,3.8736616286137178,0.0256457895215985,183;-295,54612;-88335,America/Toronto
45.510018,-73.612286,114.3737297921478,2.749999999451802e-05,2.3499999997511622e-05,0.0493648960739037,6964.92248855964,6976.2555225069855,0.8636693038725695,3.379416389499056,0.0146064822084785,183;-295,54613;-88335,America/Toronto
45.51004,-73.61226,114.37309468822173,2.2999999998774e-05,1.8499999999477268e-05,0.0493648960739037,6968.0988174816775,6979.431851492518,0.8934098880852614,2.729524168008993,0.0180835603187076,183;-295,54613;-88335,America/Toronto
45.510055,-73.61224,114.47245958429562,1.650000000097407e-05,1.1500000002939714e-05,0.0493648960739037,6970.3815368956575,6981.716732519078,0.9621070193752636,1.8154330514817048,0.0271851031488797,183;-295,54613;-88335,America/Toronto
45.510063,-73.612227,114.47182448036952,1.650000000097407e-05,1.5999999998683734e-05,0.0493648960739037,6971.729683584641,6983.064879357657,0.8007815652486606,2.2192819840624907,0.0222399664707021,183;-295,54613;-88335,America/Toronto
45.510087,-73.612207,114.57118937644344,1.4499999998918156e-05,1.699999999971169e-05,0.0493648960739037,6974.820100863783,6986.156893643166,0.7061990923995324,2.2025270641643147,0.022409092470515,183;-295,54613;-88335,America/Toronto
45.510097,-73.612198,114.57055427251731,1.650000000097407e-05,1.999999999924285e-05,0.0493648960739037,6976.13473771297,6987.471530645763,0.6898000447811712,2.5694768213274983,0.019209678577073,183;-295,54613;-88335,America/Toronto
45.510127,-73.612174,114.66991916859124,1.9500000000505224e-05,3.399999999942338e-05,0.0493648960739037,6979.9590545064375,6991.297138090257,0.5207283914255715,4.104205532822107,0.0120273011054589,183;-295,54613;-88335,America/Toronto
45.510165,-73.612159,114.66928406466512,-9.500000004436515e-06,4.100000000306636e-05,-0.0006351039261005,6984.343148778614,6995.681232408436,-0.2276893198549038,4.973980541436504,-0.0001276852447166,183;-295,54613;-88335,America/Toronto
45.510209,-73.612193,114.66864896073903,-5.299999999408556e-05,4.149999999825127e-05,-0.1006351039261019,6989.907015589311,7001.24509925538,-0.9064958404404898,6.327481788952809,-0.0159031070028315,183;-295,54613;-88335,America/Toronto
45.510248,-73.612265,114.46801385681292,-7.300000000043383e-05,3.6999999998954536e-05,-0.2006351039260963,6996.998112356519,7008.339033834079,-1.1016842913233935,7.023939304031046,-0.0285567049978715,183;-295,54613;-88335,America/Toronto
45.510283,-73.612339,114.26737875288684,-7.550000000122736e-05,3.700000000250725e-05,-0.3006351039260906,7003.954894197373,7015.298708253629,-1.115127271875876,7.179986521629871,-0.0418468190966198,183;-295,54613;-88335,America/Toronto
45.510322,-73.612416,113.86674364896076,-7.899999999949614e-05,4.0500000000776026e-05,-0.4006351039260991,7011.358085399779,7022.712732023883,-1.0970734919595828,7.627447080075854,-0.0524772270387248,183;-295,54613;-88335,America/Toronto
45.510364,-73.612497,113.46610854503464,-8.350000000234559e-05,4.2499999999279225e-05,-0.4006351039260991,7019.209788357524,7030.5746495904295,-1.0999889356229375,8.041986912866378,-0.0497767735052986,183;-295,54613;-88335,America/Toronto
45.510407,-73.612583,113.06547344110857,-8.549999999729607e-05,4.099999999951365e-05,-0.400635103926092,7027.442059225512,7038.816663429924,-1.1236566520490332,8.074557146538154,-0.0495763190917562,183;-295,54613;-88336,America/Toronto
45.510446,-73.612668,112.66483833718246,-8.749999999935199e-05,3.900000000101045e-05,-0.4006351039260991,7035.358902650601,7046.743637524992,-1.151512114187329,8.081204533556502,-0.0495356056161413,183;-295,54613;-88336,America/Toronto
45.510485,-73.612758,112.26420323325635,-9.15000000034638e-05,4.099999999951365e-05,-0.4506351039261034,7043.604468292625,7054.998930447925,-1.149534031896741,8.463816707952446,-0.0531923158201664,183;-295,54613;-88336,America/Toronto
45.510528,-73.612851,111.76356812933024,-9.049999999888314e-05,4.099999999951365e-05,-0.4006351039260991,7052.2865360665055,7063.695420333938,-1.1454183124012027,8.39774382894575,-0.0476713243024843,183;-295,54613;-88336,America/Toronto
45.510567,-73.612939,111.46293302540415,-8.899999999556485e-05,3.8499999998720114e-05,-0.3006351039260906,7060.399955950516,7071.814408182185,-1.1625193130830656,8.15051899212176,-0.0368686796695226,183;-295,54613;-88336,America/Toronto
45.510605,-73.613029,111.16229792147809,-9.649999999794544e-05,2.849999999909869e-05,-0.3506351039260948,7068.587574050749,7080.007543822522,-1.2836231805592493,8.243540030382519,-0.0425089072335118,183;-295,54613;-88336,America/Toronto
45.510624,-73.613132,110.76166281755197,-9.599999999920784e-05,3.150000000218256e-05,-0.4006351039260991,7076.887036011281,7088.316669969165,-1.25374057356278,8.393353986495185,-0.0476962192906082,183;-295,54613;-88336,America/Toronto
45.510668,-73.613221,110.36102771362587,-9.55000000004702e-05,5.050000000039745e-05,-0.3006351039260977,7085.374282023739,7096.813366583878,-1.084378326899063,9.32654201739615,-0.0322232015760199,183;-295,54613;-88336,America/Toronto
45.510725,-73.613323,110.16039260969976,-0.0001010000000007,4.749999999731358e-05,-0.2506351039260934,7095.540120046074,7106.981184301621,-1.1311921798602071,9.51500395990388,-0.0263349507100633,183;-295,54613;-88336,America/Toronto
45.510763,-73.613423,109.85975750577369,-0.0001000000000033,4.299999999801685e-05,-0.3006351039260906,7104.404289943547,7115.850450868648,-1.164698268506065,9.154550493326042,-0.0328281655545865,183;-295,54613;-88337,America/Toronto
45.510811,-73.613523,109.5591224018476,-0.0001010000000007,4.500000000007276e-05,-0.4006351039260991,7113.849221032726,7125.300165401111,-1.15165372383055,9.331775569705314,-0.0429060069337547,183;-295,54613;-88337,America/Toronto
45.510853,-73.613625,109.05848729792147,-0.0001030000000028,4.700000000212867e-05,-0.5506351039261048,7123.067841082958,7134.532369424952,-1.1427068463988963,9.586933257280634,-0.0573729668482131,183;-295,54614;-88337,America/Toronto
45.510905,-73.613729,108.45785219399538,-0.000102499999997,4.850000000189425e-05,-0.5006351039260934,7133.023087547287,7144.505718646433,-1.1288415668544127,9.640702417490049,-0.0518827151539351,183;-295,54614;-88337,America/Toronto
45.51095,-73.61383,108.0572170900693,-0.0001034999999944,4.649999999983834e-05,-0.3006351039260906,7142.349245917938,7153.840478334874,-1.148545173324998,9.580171351156425,-0.0313706786811757,183;-295,54614;-88337,America/Toronto
45.510998,-73.613936,107.8565819861432,-0.0001070000000069,4.8499999998341536e-05,-0.3006351039261048,7152.1834302496,7163.6767091126685,-1.1452255434212195,9.92980521723848,-0.0302667867064108,183;-295,54614;-88337,America/Toronto
45.511047,-73.614044,107.45594688221708,-0.000104499999999,4.799999999960392e-05,-0.4006351039260991,7162.208856352415,7173.710137092651,-1.140210595973651,9.736375522612889,-0.0411250795048024,183;-295,54614;-88337,America/Toronto
45.511094,-73.614145,107.055311778291,-9.74999999954207e-05,4.250000000283194e-05,-0.400635103926092,7171.656181294826,7183.165953136441,-1.1597317793634203,8.951695745020515,-0.04472537290019,183;-295,54614;-88337,America/Toronto
45.511132,-73.614239,106.65467667436492,-8.95000000014079e-05,3.8499999998720114e-05,-0.3506351039260948,7180.112247842456,7191.631505093901,-1.1645568324486677,8.186419296371241,-0.0428051521742106,183;-295,54614;-88338,America/Toronto
45.511171,-73.614324,106.3540415704388,-8.100000000155205e-05,3.6999999998954536e-05,-0.2506351039261005,7188.029019887568,7199.553983309711,-1.1423100997670392,7.534217055358567,-0.033253980990665,183;-295,54614;-88338,America/Toronto
45.511206,-73.614401,106.1534064665127,-7.599999999996498e-05,3.550000000274167e-05,-0.2506351039261005,7195.180681953173,7206.708459163716,-1.1338090661388984,7.117661473131648,-0.0351985815880859,183;-295,54614;-88338,America/Toronto
45.511242,-73.614476,105.8527713625866,-6.8999999996322e-05,3.049999999760189e-05,-0.2506351039260934,7202.264342833832,7213.798496747388,-1.1545908370125717,6.362592930866413,-0.0393716190972533,183;-295,54614;-88338,America/Toronto
45.511267,-73.614539,105.65213625866052,-6.000000000483397e-05,2.449999999853958e-05,-0.2006351039260963,7207.905867814906,7219.443588292882,-1.1831267484699566,5.411573906608737,-0.037058211562068,183;-295,54614;-88338,America/Toronto
45.511291,-73.614596,105.45150115473442,-5.400000000577165e-05,2.400000000335467e-05,-0.1506351039260991,7213.087490647049,7224.629094017449,-1.152571997203459,4.984274214114521,-0.0302128776475928,183;-295,54614;-88338,America/Toronto
45.511315,-73.614647,105.35086605080832,-5.149999999787269e-05,2.250000000003638e-05,-0.1506351039260991,7217.874416243135,7229.417077318026,-1.1588953094881784,4.731777323802817,-0.0318240350977048,183;-295,54614;-88338,America/Toronto
45.511336,-73.614699,105.15023094688222,-5.2499999995347935e-05,2.1499999999008423e-05,-0.2006351039260963,7222.551045294655,7234.098008179558,-1.1821068262737604,4.738317266232116,-0.0423178340830566,183;-295,54614;-88338,America/Toronto
45.511358,-73.614752,104.94959584295611,-5.399999999866623e-05,2.250000000003638e-05,-0.150635103926092,7227.351050775599,7238.902204997135,-1.176005207085792,4.895395685859967,-0.0307610657263953,183;-295,54614;-88338,America/Toronto
45.511381,-73.614807,104.84896073903003,-5.700000000530281e-05,2.2999999998774e-05,-0.1006351039261019,7232.341836666375,7243.894005396962,-1.1872688108886846,5.125824066841688,-0.0196304390404342,183;-295,54614;-88338,America/Toronto
45.511404,-73.614866,104.74832563510392,-5.550000000198452e-05,2.250000000003638e-05,-0.1506351039260991,7237.602698909282,7249.155830076956,-1.1856388204433097,4.996993632500562,-0.0301360199736212,183;-295,54614;-88338,America/Toronto
45.511426,-73.614918,104.54769053117784,-5.7999999995672624e-05,2.5000000000829917e-05,-0.150635103926092,7242.335823931376,7253.893205607742,-1.1638255413869378,5.306107061421699,-0.0283813828744957,183;-295,54614;-88338,America/Toronto
45.511454,-73.614982,104.44705542725174,-6.099999999520378e-05,2.849999999909869e-05,-0.1506351039260991,7248.214913032126,7259.773155954361,-1.1337205353200328,5.715507470282319,-0.026349408437798,183;-295,54614;-88338,America/Toronto
45.511483,-73.61504,104.24642032332564,-5.750000000404043e-05,2.9000000001389022e-05,-0.1506351039260991,7253.76683887194,7265.328705879951,-1.1036765095348444,5.5203027588931946,-0.0272807016678911,183;-295,54614;-88339,America/Toronto
45.511512,-73.615097,104.14578521939954,-6.000000000483397e-05,2.9000000001389022e-05,-0.1006351039260948,7259.255518549912,7270.818308054201,-1.1205707305469812,5.681058352963646,-0.0177122947037894,183;-295,54614;-88339,America/Toronto
45.511541,-73.61516,104.04515011547343,-4.99999999945544e-05,2.749999999807073e-05,-0.150635103926092,7265.128955577868,7276.6926071566895,-1.06795311585067,4.978196351386941,-0.0302497419612586,183;-295,54614;-88339,America/Toronto
45.511567,-73.615197,103.84451501154736,-4.2499999999279225e-05,2.1499999999008423e-05,-0.1506351039260991,7269.211911252686,7280.780489430858,-1.1024539166183411,4.136867547086695,-0.0363967614817165,183;-295,54614;-88339,America/Toronto
45.511584,-73.615245,103.74387990762123,-4.650000000339105e-05,1.8000000000739647e-05,-0.1006351039261019,7273.402690672041,7284.972476974474,-1.201462669131988,4.142267352795898,-0.0242899125075265,183;-295,54614;-88339,America/Toronto
45.511603,-73.61529,103.64324480369515,-4.2499999999279225e-05,1.999999999924285e-05,-0.0506351039260977,7277.496445958278,7289.067469009599,-1.130953743987212,3.994149580119029,-0.0126766388126947,183;-295,54614;-88339,America/Toronto
45.511624,-73.61533,103.64260969976904,-3.749999999769216e-05,2.5000000000829917e-05,-0.0006351039260934,7281.390989832279,7292.962012935385,-0.9827937232036034,4.058923030127971,-0.0001564710432289,183;-295,54614;-88339,America/Toronto
45.511653,-73.615365,103.64197459584295,-1.650000000097407e-05,4.600000000110072e-05,-0.0506351039260906,7285.614292018534,7297.185315169394,-0.3444004020539539,5.61515791271222,-0.0090173299287147,183;-295,54614;-88339,America/Toronto
45.511716,-73.615363,103.54133949191689,3.0999999999892225e-05,5.499999999969418e-05,-0.0506351039260977,7292.621305657703,7304.193051434669,0.5132522728671522,7.009608301107164,-0.0072235453168516,183;-295,54615;-88339,America/Toronto
45.511763,-73.615303,103.54070438799076,7.150000000422096e-05,4.20000000005416e-05,-0.2006351039261034,7299.633508620748,7311.205254426474,1.0396836932923357,7.338686252416664,-0.0273325676784311,183;-295,54615;-88339,America/Toronto
45.5118,-73.61522,103.14006928406468,8.19999999990273e-05,3.8499999998720114e-05,-0.4506351039260963,7307.298678162537,7318.880886816763,1.1318350598579154,7.693264805671788,-0.0585084210544324,183;-295,54615;-88339,America/Toronto
45.51184,-73.615139,102.63943418013858,7.549999999412194e-05,3.799999999998249e-05,-0.400635103926092,7315.020038232092,7326.618459874965,1.104503221289161,7.243559604215989,-0.0552528516567281,183;-295,54615;-88339,America/Toronto
45.511876,-73.615069,102.33879907621248,7.749999999617785e-05,3.500000000045134e-05,-0.3006351039260977,7321.785797370969,7333.390895049332,1.1466019188677932,7.196052458046324,-0.041753500383678,183;-295,54615;-88339,America/Toronto
45.51191,-73.614984,102.03816397228638,8.250000000487034e-05,3.750000000124487e-05,-0.3006351039261048,7329.412143148184,7341.023164133908,1.144168833677754,7.674623793816863,-0.0391525994199744,183;-295,54615;-88338,America/Toronto
45.511951,-73.614904,101.73752886836029,7.700000000454565e-05,4.20000000005416e-05,-0.2506351039260934,7337.135044958602,7348.75191525159,1.0714496051341629,7.606785577173014,-0.0329369694337853,183;-295,54615;-88338,America/Toronto
45.511994,-73.61483,101.5368937644342,7.599999999996498e-05,4.149999999825127e-05,-0.2506351039260934,7344.62571430253,7356.24527108626,1.070988775671831,7.511066341779497,-0.0333564009808667,183;-295,54615;-88338,America/Toronto
45.512034,-73.614752,101.23625866050808,8.0499999995709e-05,4.0500000000776026e-05,-0.2006351039261034,7352.1571776421615,7363.782732296901,1.104667333279696,7.722121551030341,-0.0259760189157433,183;-295,54615;-88338,America/Toronto
45.512075,-73.614669,101.135623556582,8.150000000028967e-05,4.350000000030718e-05,-0.1506351039260991,7360.069957404591,7371.696151974439,1.080520630604591,7.988184043350429,-0.0188550053256348,183;-295,54615;-88338,America/Toronto
45.512121,-73.614589,100.93498845265589,8.449999999982083e-05,4.39999999990448e-05,-0.2006351039260963,7368.133545728862,7379.762235975257,1.0907182715978487,8.21222854368716,-0.0244264024498551,183;-295,54615;-88338,America/Toronto
45.512163,-73.6145,100.7343533487298,8.549999999729607e-05,4.099999999951365e-05,-0.150635103926092,7376.494414491965,7388.125511704226,1.1236566520490332,8.073009485585317,-0.0186569365533501,183;-295,54615;-88338,America/Toronto
45.512203,-73.614418,100.6337182448037,8.400000000108321e-05,3.999999999848569e-05,-0.1506351039260991,7384.279564700033,7395.911312317285,1.1263771169134986,7.914037455260313,-0.0190316153468498,183;-295,54615;-88338,America/Toronto
45.512243,-73.614332,100.4330831408776,8.79999999980896e-05,4.2499999999279225e-05,-0.1506351039260991,7392.322489402486,7403.956739106105,1.1208778322501145,8.32895059917837,-0.0180837527414664,183;-295,54615;-88338,America/Toronto
45.512288,-73.614242,100.3324480369515,8.800000000519503e-05,4.5500000002363095e-05,-0.150635103926092,7400.93746589839,7412.572303362096,1.0936055278206325,8.522594480352382,-0.0176729540705139,183;-295,54615;-88338,America/Toronto
45.512334,-73.614156,100.13181293302542,8.300000000360797e-05,4.649999999983834e-05,-0.150635103926092,7409.367678363191,7421.004902999611,1.0601245859713624,8.282383555663728,-0.0181854048522033,183;-295,54615;-88337,America/Toronto
45.512381,-73.614076,100.03117782909932,8.150000000028967e-05,4.4499999997782425e-05,-0.1506351039260991,7417.502233009717,7429.140080116396,1.0710198673037703,8.055942667996078,-0.0186964527747142,183;-295,54615;-88337,America/Toronto
45.512423,-73.613993,99.83054272517322,8.749999999935199e-05,4.5500000002363095e-05,-0.2006351039261034,7425.479563699183,7437.119933459286,1.0912770347780103,8.490790871719582,-0.0236253344331248,183;-295,54615;-88337,America/Toronto
45.512472,-73.613901,99.62990762124711,8.449999999982083e-05,4.949999999936949e-05,-0.2006351039260963,7434.483814753156,7446.126419538102,1.0408843207207228,8.59202448072756,-0.023347075953071,183;-295,54615;-88337,America/Toronto
45.512522,-73.613824,99.42927251732102,8.150000000028967e-05,4.39999999990448e-05,-0.2006351039260963,7442.663612660638,7454.308677677037,1.075758066186853,8.050937254705786,-0.0249155568818476,183;-295,54616;-88337,America/Toronto
45.51256,-73.613738,99.22863741339492,8.59999999960337e-05,4.700000000212867e-05,-0.2006351039260963,7450.585689262568,7462.233294521514,1.0706352730087465,8.534867060749548,-0.0235033723381939,183;-295,54616;-88337,America/Toronto
45.512616,-73.613652,99.02800230946885,5.499999999614147e-05,4.350000000030718e-05,-0.2006351039260963,7459.733346782137,7471.3831520362655,0.901623255726696,6.534651854015465,-0.0306936158909239,183;-295,54616;-88337,America/Toronto
45.512647,-73.613628,98.82736720554271,6.300000000436512e-05,3.549999999918896e-05,-0.2006351039260963,7463.654992970599,7475.309927210936,1.0576535709975008,6.514697524574331,-0.0307875702386702,183;-295,54616;-88337,America/Toronto
45.512687,-73.613526,98.62673210161664,8.749999999935199e-05,4.149999999825127e-05,-0.2006351039260963,7472.762741831286,7484.419885704489,1.127930944735535,8.269272932875538,-0.0242579667529369,183;-295,54616;-88337,America/Toronto
45.51273,-73.613453,98.42609699769054,6.549999999805323e-05,3.600000000147929e-05,-0.2006351039261034,7480.19353883635,7491.853390838368,1.068246199064392,6.491319718022169,-0.0308983780099677,183;-295,54616;-88337,America/Toronto
45.512759,-73.613395,98.22546189376445,5.450000000450928e-05,3.0000000002416986e-05,-0.1506351039260991,7485.74538126733,7497.408857409536,1.0676010032064494,5.406229698402967,-0.0278560379594775,183;-295,54616;-88337,America/Toronto
45.51279,-73.613344,98.12482678983834,4.2499999999279225e-05,2.399999999980196e-05,-0.1006351039260877,7491.005998233156,7502.670436857314,1.0567327609015411,4.257571609311526,-0.0236323373939897,183;-295,54616;-88337,America/Toronto
45.512807,-73.61331,98.02419168591226,2.200000000129876e-05,1.0499999998359044e-05,-0.0506351039260906,7494.260524485953,7505.926518636737,1.1254952829909095,2.075866194469654,-0.0243874413963549,183;-295,54616;-88336,America/Toronto
45.512811,-73.6133,98.02355658198616,1.1999999998124622e-05,5.999999999062311e-06,-0.0006351039261005,7495.157730622095,7506.823724997664,1.1071487177940904,1.1524015880372644,-0.0005511133170885,183;-295,54616;-88336,America/Toronto
45.512819,-73.613286,98.02292147806006,1.4000000000180536e-05,7.499999998827889e-06,-0.0506351039261048,7496.565327662028,7508.231322180874,1.078987150876619,1.3738478531249712,-0.0368397381019225,183;-295,54616;-88336,America/Toronto
45.512826,-73.613272,97.92228637413396,1.4000000000180536e-05,6.500000001352646e-06,-0.0506351039260977,7497.905426328345,7509.575194146356,1.1361261115710932,1.3094099723080035,-0.0386509099608198,183;-295,54616;-88336,America/Toronto
45.512832,-73.613258,97.92165127020786,1.4000000000180536e-05,6.000000002615025e-06,-0.0006351039260934,7499.184147606644,7510.853915582374,1.165904540356679,1.2787212293519588,-0.0004966710955384,183;-295,54616;-88336,America/Toronto
45.512838,-73.613244,97.92101616628176,2.3499999997511622e-05,1.4999999997655776e-05,-0.0506351039260977,7500.462868787049,7512.132636920498,1.002691594343324,2.4923106648502653,-0.0203137352122481,183;-295,54616;-88336,America/Toronto
45.512862,-73.613211,97.82038106235566,2.149999999545571e-05,1.4499999998918156e-05,-0.1006351039261019,7504.168768936344,7515.83990320992,0.9774461805747844,2.3315565049742872,-0.0431354247261027,183;-295,54616;-88336,America/Toronto
45.512867,-73.613201,97.71974595842956,1.3000000002705292e-05,6.500000001352646e-06,-0.0506351039260977,7505.125981796998,7516.802391591535,1.1071487177940904,1.2443766594760746,-0.0406687031587686,183;-295,54616;-88336,America/Toronto
45.512875,-73.613185,97.71911085450348,1.9000000001767603e-05,1.100000000064938e-05,-0.0506351039260906,7506.657522255296,7518.3339321815165,1.0460005551595308,1.9235701700340544,-0.0263174248081274,183;-295,54616;-88336,America/Toronto
45.512889,-73.613163,97.61847575057736,3.350000000068576e-05,1.9500000000505224e-05,-0.1006351039260948,7508.973122137066,7520.651717813665,1.0436503832061226,3.395121952718,-0.0296324103779786,183;-295,54616;-88336,America/Toronto
45.512914,-73.613118,97.51784064665128,5.7499999996935e-05,2.599999999830516e-05,-0.1006351039261019,7513.4477661607325,7525.12749334006,1.1461360442495838,5.350351134037737,-0.0188068476871772,183;-295,54616;-88336,America/Toronto
45.512941,-73.613048,97.41720554272516,6.700000000137152e-05,2.999999999886427e-05,-0.1506351039260991,7519.673824405141,7531.354364840815,1.1498057525644063,6.208730280060536,-0.0242570624191498,183;-295,54616;-88336,America/Toronto
45.512974,-73.612984,97.21657043879908,6.65000000026339e-05,3.799999999998249e-05,-0.2006351039260892,7525.865226720854,7537.549017137751,1.0516502125656335,6.693194234965631,-0.0299670135140235,183;-295,54616;-88336,America/Toronto
45.513017,-73.612915,97.015935334873,6.599999999679085e-05,4.150000000180398e-05,-0.3006351039260977,7533.060212875072,7544.74680014395,1.009477779498868,6.909610284085829,-0.0434822799773185,183;-295,54616;-88336,America/Toronto
45.513057,-73.612852,96.61530023094689,6.750000000010914e-05,4.300000000156956e-05,-0.4506351039261034,7539.684447289025,7551.383138747238,1.003587952608017,7.108076551984595,-0.063312882590629,183;-295,54616;-88336,America/Toronto
45.513103,-73.61278,96.1146651270208,7.750000000328328e-05,4.8499999998341536e-05,-0.5506351039260906,7547.276365979042,7558.991546261502,1.011617301405775,8.096705034725346,-0.067902752397228,183;-295,54616;-88336,America/Toronto
45.513154,-73.612697,95.5140300230947,7.699999999744023e-05,4.8499999998341536e-05,-0.5506351039260906,7555.877857358476,7567.613983067797,1.0087025585818865,8.068002912767042,-0.0681435723329997,183;-295,54616;-88336,America/Toronto
45.5132,-73.612626,95.0133949191686,7.099999999837792e-05,4.750000000086629e-05,-0.5006351039261006,7563.412371804576,7575.165111688458,0.9811703480310188,7.649675448806192,-0.0653520772793286,183;-295,54616;-88336,America/Toronto
45.513249,-73.612555,94.5127598152425,9.050000000598855e-05,6.000000000128125e-05,-0.5506351039261048,7571.177208256088,7582.946070538498,0.985347996129347,9.70891776256576,-0.056653674283426,183;-295,54616;-88336,America/Toronto
45.51332,-73.612445,93.9121247113164,0.0001060000000023,5.699999999819738e-05,-0.4006351039260991,7582.830207329707,7594.614538730075,1.077417704039939,10.464071336944926,-0.0382680414577774,183;-295,54616;-88335,America/Toronto
45.513363,-73.612343,93.7114896073903,9.8999999998739e-05,4.699999999857596e-05,-0.2506351039260934,7592.105350929978,7603.891852093898,1.1275540484874322,9.331007478399442,-0.0268539977250765,183;-295,54617;-88335,America/Toronto
45.513414,-73.612247,93.4108545034642,8.249999999776492e-05,5.300000000119098e-05,-0.2506351039261005,7601.492222286506,7613.283536465176,0.9997652194781648,8.76491569753216,-0.0285874767298346,183;-295,54617;-88335,America/Toronto
45.513469,-73.612178,93.2102193995381,8.749999999935199e-05,5.499999999969418e-05,-0.2006351039260963,7609.635182325042,7621.428967861618,1.009632914505713,9.210053139909633,-0.0217809139891067,183;-295,54617;-88335,America/Toronto
45.513524,-73.612072,93.00958429561202,0.0001040000000003,5.499999999969418e-05,-0.2006351039260892,7619.912328566325,7631.708072361021,1.0843389862532002,10.152759195115324,-0.0197590614240656,183;-295,54617;-88335,America/Toronto
45.513579,-73.61197,92.80894919168593,9.94999999974766e-05,5.250000000245336e-05,-0.3506351039260948,7629.940700715273,7641.738451337047,1.0852834156923734,9.705558368465065,-0.0361115417473545,183;-295,54617;-88335,America/Toronto
45.513629,-73.611873,92.30831408775984,0.0001010000000007,5.399999999866623e-05,-0.5006351039261006,7639.323445303255,7651.134542626014,1.0798117795498086,9.900254070751544,-0.0505248680518813,183;-295,54617;-88335,America/Toronto
45.513687,-73.611768,91.80767898383372,9.750000000252612e-05,5.600000000072214e-05,-0.5006351039261006,7649.741208856776,7661.564328480208,1.049443928213264,9.824937729786598,-0.0509115169075673,183;-295,54617;-88335,America/Toronto
45.513741,-73.611678,91.30704387990762,8.749999999935199e-05,5.300000000119098e-05,-0.4506351039260963,7658.973320762829,7670.810004537326,1.0261857362138649,9.012025216914935,-0.0499621416809813,183;-295,54617;-88335,America/Toronto
45.513793,-73.611593,90.90640877598152,0.0001019999999982,5.699999999819738e-05,-0.4506351039260963,7667.765259290606,7679.611066493858,1.0612040619922158,10.173161599682317,-0.0442675272679743,183;-295,54617;-88334,America/Toronto
45.513855,-73.611474,90.40577367205545,9.099999999762076e-05,4.949999999936949e-05,-0.350635103926102,7679.319643962193,7691.176291984366,1.0726052286316865,8.979676106685474,-0.039027806359288,183;-295,54617;-88334,America/Toronto
45.513892,-73.611411,90.20513856812931,8.850000000393266e-05,4.39999999990448e-05,-0.2506351039261005,7685.724611503977,7697.584401195064,1.1094111573991656,8.471773636349553,-0.0295760993816984,183;-295,54617;-88334,America/Toronto
45.513943,-73.611297,89.90450346420323,0.0001030000000028,4.799999999960392e-05,-0.3006351039260906,7696.2631912348925,7708.127268177558,1.1347007990556055,9.640353341106676,-0.0311749676979803,183;-295,54617;-88334,America/Toronto
45.513988,-73.611205,89.60386836027715,8.59999999960337e-05,3.850000000227283e-05,-0.2506351039260934,7705.00531818619,7716.874562907835,1.149878038176289,7.959830544639317,-0.0314770923851655,183;-295,54617;-88334,America/Toronto
45.51402,-73.611125,89.40323325635104,7.64999999987026e-05,2.10000000002708e-05,-0.1506351039260991,7712.182852324171,7724.054900695628,1.3028859043639358,6.486613218828552,-0.0232182849984564,183;-295,54617;-88334,America/Toronto
45.51403,-73.611052,89.30259815242495,6.49999999993156e-05,1.0499999998359044e-05,-0.1006351039261019,7717.978544623847,7729.851466632169,1.4106413656957768,5.201187254879642,-0.0193460730720828,183;-295,54617;-88334,America/Toronto
45.514041,-73.610995,89.20196304849884,5.300000000119098e-05,1.0500000001911758e-05,-0.1006351039260948,7722.58522683393,7734.45924792134,1.3752156469546453,4.291648084042208,-0.0234447613183907,183;-295,54617;-88334,America/Toronto
45.514051,-73.610946,89.10132794457276,3.1499999998629846e-05,5.999999999062311e-06,-0.0506351039260906,7726.561840791932,7738.437135048335,1.3825748215108564,2.544952829540307,-0.0198936590959804,183;-295,54617;-88334,America/Toronto
45.514053,-73.610932,89.10069284064666,1.3500000001442912e-05,2.4999999972408204e-06,-0.0506351039260977,7727.675132493011,7739.550426930569,1.3876855097491565,1.0898710986389233,-0.0464263333999099,183;-295,54617;-88334,America/Toronto
45.514056,-73.610919,89.00005773672056,1.3000000002705292e-05,2.500000000793534e-06,-0.0506351039260977,7728.74158298921,7740.621615095639,1.3808080388559083,1.0517556256017997,-0.0481062677758542,183;-295,54617;-88334,America/Toronto
45.514058,-73.610906,88.99942263279446,1.2499999996862243e-05,3.5000000018214905e-06,-0.0006351039260934,7729.778643744215,7741.658676045115,1.297787623507885,1.062443217904729,-0.0005977767467867,183;-295,54617;-88334,America/Toronto
45.514063,-73.610894,88.99878752886838,2.4500000002092293e-05,7.500000002380602e-06,-0.0506351039260977,7730.866469425019,7742.746501911315,1.2737321143889146,2.088899969988688,-0.024235334736621,183;-295,54617;-88334,America/Toronto
45.514073,-73.610857,88.89815242494227,2.849999999909869e-05,7.000000000090267e-06,-0.0506351039261048,7733.956443684192,7745.838114491587,1.3299498715431723,2.355283244614838,-0.0214952088046956,183;-295,54617;-88334,America/Toronto
45.514077,-73.610837,88.89751732101617,3.499999999689862e-05,8.999999998593466e-06,-0.0506351039260977,7735.577035914249,7747.45870684609,1.3191063550530318,2.908001047409016,-0.0174105809062059,183;-295,54617;-88334,America/Toronto
45.514091,-73.610787,88.79688221709007,5.600000000072214e-05,1.650000000097407e-05,-0.150635103926092,7739.77244577901,7751.655323502097,1.2842615598247933,4.734051178772006,-0.0318087597184358,183;-295,54617;-88333,America/Toronto
45.51411,-73.610725,88.59624711316398,6.400000000184036e-05,1.899999999821489e-05,-0.150635103926092,7745.045138271793,7756.931831871121,1.2822089649342978,5.416172360143264,-0.0278049280083927,183;-295,54617;-88333,America/Toronto
45.514129,-73.610659,88.49561200923789,6.350000000310274e-05,2.0499999997980467e-05,-0.1006351039261019,7750.604790499296,7762.492394820583,1.2585241615712042,5.452619815620892,-0.0184541895582608,183;-295,54617;-88333,America/Toronto
45.514151,-73.610598,88.39497690531178,6.65000000026339e-05,2.1500000002561137e-05,-0.1506351039261062,7755.950377903035,7767.838929409936,1.2580952990887626,5.711123736570698,-0.0263696242966683,183;-295,54617;-88333,America/Toronto
45.514172,-73.610526,88.19434180138568,7.249999999459078e-05,2.10000000002708e-05,-0.2006351039260892,7762.027037972438,7773.918900795066,1.2888570114086333,6.112663231609531,-0.0328110828462542,183;-295,54618;-88333,America/Toronto
45.514193,-73.610453,87.9937066974596,7.249999999459078e-05,2.0499999997980467e-05,-0.150635103926092,7768.175704366254,7780.070839746922,1.2952313920633909,6.091733336038942,-0.0247227520065998,183;-295,54618;-88333,America/Toronto
45.514213,-73.610381,87.89307159353349,7.900000000660157e-05,2.6999999999333116e-05,-0.1506351039261062,7774.210504644516,7786.106479052138,1.2414701597801905,6.86433660347393,-0.0219410759399659,183;-295,54618;-88333,America/Toronto
45.514247,-73.610295,87.69243648960739,8.55000000044015e-05,2.8500000002651404e-05,-0.2006351039260963,7781.904377573202,7793.802967542852,1.2490457723857888,7.396761774461538,-0.0271180721995114,183;-295,54618;-88333,America/Toronto
45.51427,-73.61021,87.4918013856813,8.749999999935199e-05,2.10000000002708e-05,-0.2006351039260892,7789.004028193439,7800.905452556871,1.3352513460694264,7.211794913469475,-0.0278132376407723,183;-295,54618;-88333,America/Toronto
45.514289,-73.61012,87.29116628175521,8.899999999556485e-05,2.099999999671809e-05,-0.2006351039260963,7796.327967400141,7808.232139389839,1.3390794856282384,7.321064922206006,-0.0273983225239829,183;-295,54618;-88333,America/Toronto
45.514312,-73.610032,87.0905311778291,8.499999999855845e-05,2.9500000000126647e-05,-0.1506351039260991,7803.646158037851,7815.553079811315,1.2367441082600197,7.428932787277972,-0.0202740378498138,183;-295,54618;-88333,America/Toronto
45.514348,-73.60995,86.98989607390301,8.900000000267028e-05,3.300000000194814e-05,-0.1506351039260991,7811.185832974696,7823.093426327056,1.215724776510544,7.864948024694058,-0.0191503730889046,183;-295,54618;-88332,America/Toronto
45.514378,-73.609854,86.78926096997691,9.50000000017326e-05,2.4500000002092293e-05,-0.1506351039260991,7819.376054087239,7831.286104541002,1.3184012359721904,7.906549558936149,-0.0190496348766446,183;-295,54618;-88332,America/Toronto
45.514397,-73.60976,86.68862586605081,9.250000000093904e-05,2.10000000002708e-05,-0.1006351039260948,7826.998932092569,7838.9096467956415,1.3475533705092329,7.580256562570867,-0.0132751696964567,183;-295,54618;-88332,America/Toronto
45.51442,-73.609669,86.58799076212472,9.149999999635838e-05,2.399999999980196e-05,-0.1006351039260948,7834.536567212381,7846.447953676074,1.314279714142831,7.613095593241724,-0.0132179140355321,183;-295,54618;-88332,America/Toronto
45.514445,-73.609577,86.48735565819862,8.100000000155205e-05,2.5499999999567532e-05,-0.0506351039260977,7842.225123279052,7854.137168318317,1.2658039799908378,6.930816330874677,-0.0073056622281637,183;-295,54618;-88332,America/Toronto
45.514471,-73.609507,86.48672055427252,7.150000000422096e-05,1.8000000000739647e-05,-0.0506351039260977,7848.39819987413,7860.310244946066,1.3241729283132644,5.984362079477705,-0.0084610347670373,183;-295,54618;-88332,America/Toronto
45.514481,-73.609434,86.38608545034643,7.549999999412194e-05,4.499999999296733e-06,-0.1006351039260948,7854.193847438008,7866.106766153551,1.5112641067243062,5.937115138568515,-0.0169485457961191,183;-295,54618;-88332,America/Toronto
45.51448,-73.609356,86.28545034642033,6.8999999996322e-05,-2.250000000003638e-05,0.0493648960739037,7860.272430151267,7872.186181851303,1.8860110265617955,6.422833202979746,0.0076856929827168,183;-295,54618;-88332,America/Toronto
45.514436,-73.609296,86.48481524249424,4.20000000005416e-05,-4.949999999936949e-05,0.149364896073898,7867.039513843967,7878.956201649339,2.4379788707976955,6.581159215398202,0.0226919381697317,183;-295,54618;-88332,America/Toronto
45.514381,-73.609272,86.58418013856813,2.5499999999567532e-05,-5.5000000003246896e-05,0.0993648960739008,7873.434748582064,7885.352208273626,2.707456769169431,6.431342871423112,0.0154488717011118,183;-295,54618;-88332,America/Toronto
45.514326,-73.609245,86.68354503464204,3.500000000400405e-05,-5.300000000119098e-05,0.0993648960739079,7879.902199586813,7891.820422546624,2.557956834470359,6.527096902224002,0.0152222684270517,183;-295,54618;-88332,America/Toronto
45.514275,-73.609202,86.78290993071595,5.000000000165983e-05,-4.749999999731358e-05,0.1493648960739051,7886.488942386512,7898.407914792688,2.33055908162585,6.597255260782731,0.0226365930998188,183;-295,54618;-88332,America/Toronto
45.514231,-73.609145,86.98227482678985,5.549999999487909e-05,-4.149999999825127e-05,0.1993648960738951,7893.096710108379,7905.018689378766,2.2128544351707853,6.325047781000649,0.0315094713918374,183;-295,54618;-88331,America/Toronto
45.514192,-73.609091,87.18163972286374,5.649999999945976e-05,-3.750000000124487e-05,0.2493648960739065,7899.139037948513,7911.06430531839,2.156753943437811,6.069032417827657,0.0410649824258701,183;-295,54618;-88331,America/Toronto
45.514156,-73.609032,87.48100461893766,5.600000000072214e-05,-3.24999999996578e-05,0.2993648960739108,7905.234774944034,7917.167388871773,2.096647321398782,5.667621263318779,0.0527711610523047,183;-295,54617;-88331,America/Toronto
45.514127,-73.608979,87.78036951501156,5.099999999913507e-05,-2.3500000001064336e-05,0.2493648960738994,7910.47428047515,7922.415439705331,2.002582211922003,4.775154531767839,0.0521739320382025,183;-295,54617;-88331,America/Toronto
45.514109,-73.60893,87.97973441108546,4.600000000465343e-05,-1.699999999971169e-05,0.1993648960738951,7914.78508400757,7926.730850862672,1.924793763588385,4.052172003873693,0.0491598749344313,183;-295,54617;-88331,America/Toronto
45.514093,-73.608887,88.17909930715935,4.700000000212867e-05,-1.5499999999946112e-05,0.2493648960739065,7918.578624482898,7930.529626415365,1.8893520038684584,4.05160327760359,0.0614696758366311,183;-295,54617;-88331,America/Toronto
45.514078,-73.608836,88.47846420323327,4.8499999998341536e-05,-1.650000000097407e-05,0.2993648960739108,7922.888290562777,7934.849677463797,1.898719642324747,4.207438264982557,0.0710316412382603,183;-295,54617;-88331,America/Toronto
45.51406,-73.60879,88.77782909930717,4.549999999881038e-05,-2.1499999999008423e-05,0.3493648960738937,7926.993501012863,7938.965788757299,2.012225370461268,4.289899262010295,0.0812596215537259,183;-295,54617;-88331,America/Toronto
45.514035,-73.608745,89.17719399538106,4.450000000133514e-05,-2.200000000129876e-05,0.399364896073898,7931.468089086798,7943.458163491403,2.0299394617686684,4.25083753883564,0.0936747339959279,183;-295,54617;-88331,America/Toronto
45.514016,-73.608701,89.57655889145497,4.549999999881038e-05,-1.8499999999477268e-05,0.4493648960739094,7935.495176090534,7947.505004488512,1.956973720616356,4.100251823896542,0.1091588202907115,183;-295,54617;-88331,America/Toronto
45.513998,-73.608654,90.07592378752888,4.750000000086629e-05,-1.8499999999477268e-05,0.4493648960739094,7939.668592734591,7951.708190397358,1.942195487564422,4.234478271903754,0.1057247964909078,183;-295,54617;-88331,America/Toronto
45.513979,-73.608606,90.47528868360278,4.8499999998341536e-05,-2.050000000153318e-05,0.4493648960739023,7943.964132634342,7956.022255226561,1.9707006233020987,4.415003653660278,0.1014320220216323,183;-295,54617;-88331,America/Toronto
45.513957,-73.608557,90.97465357967668,4.649999999628562e-05,-2.0499999997980467e-05,0.4493648960738952,7948.498600041911,7960.584136414157,1.98602366234325,4.2807792281423644,0.1045896419456038,183;-295,54617;-88331,America/Toronto
45.513938,-73.608513,91.37401847575056,4.450000000133514e-05,-1.9500000000505224e-05,0.3993648960739051,7952.525691090626,7964.6309814364995,1.9837960435140856,4.089600708516628,0.0973451094281606,183;-295,54617;-88331,America/Toronto
45.513918,-73.608468,91.7733833718245,4.400000000259752e-05,-1.9500000000505224e-05,0.3993648960739051,7956.677801458944,7968.802253764088,1.987965804432429,4.056539901429915,0.0981334088994326,183;-295,54617;-88331,America/Toronto
45.513899,-73.608425,92.17274826789838,4.050000000432874e-05,-1.999999999924285e-05,0.399364896073898,7960.638770893486,7972.783305281161,2.029493481129396,3.86592691770511,0.1029386487628131,183;-295,54617;-88331,America/Toronto
45.513878,-73.608387,92.57211316397228,3.600000000147929e-05,-2.3000000002326715e-05,0.3993648960739051,7964.409655294355,7976.575278578131,2.1393208745531904,3.8054736928975217,0.104562116566356,183;-295,54617;-88331,America/Toronto
45.513853,-73.608353,92.9714780600462,4.149999999469856e-05,-2.2999999998774e-05,0.4493648960739094,7968.249718279281,7980.436052600062,2.0768712901228,4.157764400984888,0.1076605942771318,183;-295,54617;-88331,America/Toronto
45.513832,-73.608304,93.47084295612012,4.449999999422971e-05,-1.699999999971169e-05,0.3993648960739051,7972.725184096324,7984.939291387752,1.935709425994264,3.9555524257075376,0.1006221408950581,183;-295,54617;-88330,America/Toronto
45.513819,-73.608264,93.770207852194,4.20000000005416e-05,-1.5000000001208493e-05,0.3493648960738937,7976.160823130696,7988.387948360473,1.913820267237034,3.6753236104850657,0.0947721440817403,183;-295,54617;-88330,America/Toronto
45.513802,-73.60822,94.1695727482679,4.500000000007276e-05,-1.749999999844931e-05,0.4493648960738952,7980.075831317295,7992.323273178242,1.94168761557708,4.010116992234543,0.1115922696628164,183;-295,54617;-88330,America/Toronto
45.513784,-73.608174,94.6689376443418,4.600000000465343e-05,-1.8499999999477268e-05,0.4493648960739094,7984.181057115165,7996.458759141335,1.953175360849448,4.1328993482138685,0.1083032820227032,183;-295,54617;-88330,America/Toronto
45.513765,-73.608128,95.06830254041571,4.850000000544696e-05,-1.8499999999477268e-05,0.4493648960739094,7988.341630013722,8000.638455202584,1.9352039158932923,4.305004042976634,0.1040053493663653,183;-295,54617;-88330,America/Toronto
45.513747,-73.608077,95.5676674364896,4.5999999997548e-05,-1.5999999998683734e-05,0.4493648960739023,7992.791065201119,8005.115824830644,1.9055331641027249,4.001600864111424,0.1118277852140253,183;-295,54617;-88330,America/Toronto
45.513733,-73.608036,95.96703233256352,4.449999999422971e-05,-1.8000000000739647e-05,0.4493648960739023,7996.344831741945,8008.691960866495,1.955171156623048,4.01141934334737,0.111556339895075,183;-295,54617;-88330,America/Toronto
45.513711,-73.607988,96.46639722863742,4.349999999675447e-05,-1.8000000000739647e-05,0.3993648960739051,8000.813903887813,8013.188845470797,1.9631364710512895,3.941716555783387,0.1009729443246013,183;-295,54617;-88330,America/Toronto
45.513697,-73.607949,96.76576212471132,4.150000000180398e-05,-2.1499999999008423e-05,0.3993648960739051,8004.228264853512,8016.616305192673,2.048797017032931,4.060499555480874,0.0980383250143322,183;-295,54617;-88330,America/Toronto
45.513668,-73.607905,97.26512702078524,4.150000000180398e-05,-2.050000000153318e-05,0.399364896073898,8008.934902998775,8021.349360012753,2.029613055514163,4.012756505896959,0.0991971747906956,183;-295,54617;-88330,America/Toronto
45.513656,-73.607866,97.56449191685913,4.20000000005416e-05,-1.3500000001442912e-05,0.3493648960739008,8012.253777865306,8024.681708992181,1.881794607427819,3.600853673693109,0.0967200664217274,183;-295,54617;-88330,America/Toronto
45.513641,-73.607821,97.96385681293305,4.049999999722331e-05,-1.2999999999152578e-05,0.3493648960739079,8016.136610346161,8028.585025581263,1.8813949271669064,3.4714908162009124,0.1003005817928748,183;-295,54617;-88330,America/Toronto
45.51363,-73.607785,98.26322170900694,3.8000000003535206e-05,-1.5499999999946112e-05,0.3493648960739008,8019.196759497708,8031.659782835211,1.958089929967223,3.444483266228872,0.1010816944704983,183;-295,54617;-88330,America/Toronto
45.51361,-73.607745,98.66258660508085,4.250000000638465e-05,-1.999999999924285e-05,0.399364896073898,8023.025576878619,8035.509371755679,2.0106389095381694,3.9904725029596193,0.0997474647848682,183;-295,54617;-88330,America/Toronto
45.51359,-73.6077,99.06195150115474,4.149999999469856e-05,-2.200000000129876e-05,0.3993648960739051,8027.177704503627,8039.680661260685,2.058248962058067,4.06910470395087,0.0978323200028216,183;-295,54617;-88330,America/Toronto
45.513566,-73.607662,99.46131639722864,3.84999999951674e-05,-1.8000000000739647e-05,0.3493648960739079,8031.163786286521,8043.686699241051,2.008134218606705,3.65248084590894,0.0953612772086304,183;-295,54617;-88330,America/Toronto
45.513554,-73.607623,99.76068129330255,3.6999999998954536e-05,-1.2999999999152578e-05,0.2993648960739037,8034.482666195445,8047.019053242483,1.9086745150236253,3.229535163455239,0.0924318328498305,183;-295,54617;-88330,America/Toronto
45.51354,-73.607588,100.06004618937644,4.450000000133514e-05,-1.5000000001208493e-05,0.3493648960739008,8037.622856613431,8050.17348111489,1.8959138718503517,3.854241599417037,0.0903972255145347,183;-295,54617;-88330,America/Toronto
45.513524,-73.607534,100.45941108545036,5.150000000497812e-05,-8.499999999855845e-06,0.399364896073898,8042.191149394279,8054.759197116973,1.7343702023434993,4.1939672196213,0.0949373978867946,183;-295,54617;-88330,America/Toronto
45.513523,-73.607485,100.85877598152425,4.650000000339105e-05,-8.499999999855845e-06,0.3493648960739008,8046.010791052674,8058.599659943087,1.7515959000829686,3.841102155444787,0.090704761251615,183;-295,54617;-88329,America/Toronto
45.513507,-73.607441,101.15814087759816,4.150000000180398e-05,-2.0499999997980467e-05,0.3493648960739079,8049.873353705168,8062.4738062471715,2.0296130554453478,3.9905420721106566,0.0873255765225192,183;-295,54617;-88329,America/Toronto
45.513482,-73.607402,101.55750577367206,3.999999999848569e-05,-2.0499999997980467e-05,0.3993648960739051,8053.991875196895,8066.611645248152,2.044393856163888,3.887594126813383,0.1023689389183182,183;-295,54617;-88329,America/Toronto
45.513466,-73.607361,101.95687066974595,4.149999999469856e-05,-1.7500000002002025e-05,0.3493648960739008,8057.648541958795,8070.290055791825,1.9698572754577248,3.775985407981807,0.0922601752403731,183;-295,54617;-88329,America/Toronto
45.513447,-73.607319,102.25623556581986,3.84999999951674e-05,-1.6000000002236447e-05,0.2993648960739037,8061.543846012859,8074.196846420283,1.964664937625275,3.490942958357209,0.0855454500270136,183;-295,54617;-88329,America/Toronto
45.513434,-73.607284,102.55560046189376,4.600000000465343e-05,-1.2999999999152578e-05,0.3993648960739051,8064.63042787551,8077.297911872002,1.846222430447397,3.878640700624601,0.1026035935248244,183;-295,54617;-88329,America/Toronto
45.513421,-73.607227,103.05496535796767,3.850000000227283e-05,-1.699999999971169e-05,0.399364896073898,8069.301127414108,8081.995230200506,1.9866081157914444,3.73902432267505,0.1064065044429432,183;-295,54617;-88329,America/Toronto
45.5134,-73.607207,103.35433025404156,2.69999999957804e-05,-1.9500000000505224e-05,0.2993648960738966,8072.10847652086,8084.818495747382,2.1962813671206014,3.063836009996976,0.0974000005830312,183;-295,54617;-88329,America/Toronto
45.513382,-73.607173,103.65369515011548,3.4499999998161e-05,-2.250000000003638e-05,0.3493648960739079,8075.428799434102,8088.152286920987,2.148698263782272,3.68815437985586,0.0944444004812047,183;-295,54617;-88329,America/Toronto
45.513355,-73.607138,104.0530600461894,3.350000000068576e-05,-2.1499999999008423e-05,0.3493648960739079,8079.4847852805715,8092.227886693655,2.141379089760417,3.5595247977703366,0.0978359505085851,183;-295,54617;-88329,America/Toronto
45.513339,-73.607106,104.35242494226328,3.600000000147929e-05,-1.4999999997655776e-05,0.3493648960739008,8082.547849029643,8095.305544711024,1.9655874464245848,3.2734864062867928,0.1063231616512106,183;-295,54617;-88329,America/Toronto
45.513325,-73.607066,104.7517898383372,4.20000000005416e-05,-1.6000000002236447e-05,0.2993648960739037,8086.031758093145,8098.812268920734,1.934775283346751,3.726913383349711,0.0801530648279129,183;-295,54616;-88329,America/Toronto
45.513307,-73.607022,104.95115473441108,3.900000000101045e-05,-2.050000000153318e-05,0.1493648960739051,8090.001675796342,8102.787189414523,2.0547457146750525,3.826103330849037,0.0390185719847392,183;-295,54616;-88329,America/Toronto
45.513284,-73.606988,105.050519630485,4.100000000306636e-05,-1.9500000000505224e-05,0.1993648960739023,8093.683964754843,8106.470818787366,2.0147420518639345,3.91199964684256,0.050918350693354,183;-295,54616;-88329,America/Toronto
45.513268,-73.60694,105.3498845265589,4.700000000212867e-05,-1.9500000000505224e-05,0.3493648960739008,8097.825675090027,8110.623334150561,1.9640757318419328,4.272434583499944,0.0815903219915682,183;-295,54616;-88329,America/Toronto
45.513245,-73.606894,105.7492494226328,4.049999999722331e-05,-2.2999999998774e-05,0.399364896073898,8102.228833921843,8115.044567012378,2.087279331498176,4.070950601899767,0.0977882420510636,183;-295,54616;-88329,America/Toronto
45.513222,-73.606859,106.14861431870668,3.399999999942338e-05,-2.0499999997980467e-05,0.3493648960739079,8105.967576293827,8118.804578560802,2.1133756508848247,3.498619791998862,0.0995279774649039,183;-295,54616;-88329,America/Toronto
45.513204,-73.606826,106.44797921478062,3.600000000147929e-05,-2.1499999999008423e-05,0.3493648960739079,8109.226073505841,8122.076798513938,2.109170840102736,3.688515388084852,0.0944352117301624,183;-295,54616;-88329,America/Toronto
45.513179,-73.606787,106.84734411085452,4.2499999999279225e-05,-1.999999999924285e-05,0.399364896073898,8113.3446070699965,8126.214649530987,2.0106389096025814,4.035949339985109,0.0986308323502695,183;-295,54616;-88329,America/Toronto
45.513164,-73.606741,107.2467090069284,4.5999999997548e-05,-1.6000000002236447e-05,0.399364896073898,8117.297972185811,8130.18813516191,1.9055331641716224,4.00278836747475,0.099442582033657,183;-295,54616;-88329,America/Toronto
45.513147,-73.606695,107.6460739030023,4.2499999999279225e-05,-1.7500000002002025e-05,0.3993648960739051,8121.350183804946,8134.259978887604,1.961403370538832,3.845492962354911,0.1034817517165109,183;-295,54616;-88329,America/Toronto
45.513129,-73.606656,108.04543879907622,3.949999999974807e-05,-1.5499999999946112e-05,0.3493648960739079,8124.988958110521,8137.920603256087,1.9447382467796293,3.537224329664696,0.0984487928735237,183;-295,54616;-88328,America/Toronto
45.513116,-73.606616,108.34480369515012,3.749999999769216e-05,-1.4499999998918156e-05,0.2993648960738966,8128.424632464275,8141.369295414869,1.939755872996357,3.345931968077821,0.0892337014504546,183;-295,54616;-88328,America/Toronto
45.5131,-73.606581,108.64416859122402,3.900000000101045e-05,-1.2999999999152578e-05,0.3493648960739008,8131.680822046676,8144.639217422737,1.8925468811642103,3.393209380355984,0.1025984955259182,183;-295,54616;-88328,America/Toronto
45.51309,-73.606538,109.04353348729792,4.450000000133514e-05,-1.4000000000180536e-05,0.3993648960739122,8135.211051224987,8148.191964299678,1.8755993513802365,3.817747284198049,0.1042283952741664,183;-295,54616;-88328,America/Toronto
45.513072,-73.606492,109.44289838337184,4.049999999722331e-05,-1.4999999997655776e-05,0.3493648960739079,8139.316316615072,8152.316609283583,1.9255019787772667,3.5706889176162804,0.0975319957135077,183;-295,54616;-88328,America/Toronto
45.51306,-73.606457,109.74226327944574,3.6999999998954536e-05,-1.9000000001767603e-05,0.3493648960738937,8142.35242906022,8155.36744492658,2.04519620963609,3.6152535213764168,0.0963372064460567,183;-295,54616;-88328,America/Toronto
45.513034,-73.606418,110.14162817551964,3.900000000101045e-05,-2.3000000002326715e-05,0.3493648960739008,8146.546823657825,8159.580809183399,2.103640214447213,3.980041128805169,0.0875548022502436,183;-295,54616;-88328,America/Toronto
45.513014,-73.606379,110.44099307159354,4.000000000559112e-05,-1.4000000000180536e-05,0.3493648960739079,8150.31251131783,8163.358377567123,1.9074711461420613,3.540962662998936,0.0983455258415965,183;-295,54616;-88328,America/Toronto
45.513006,-73.606338,110.84035796766744,4.3500000003859896e-05,-1.4000000000180536e-05,0.3993648960739051,8153.628748983823,8166.698575851292,1.8821666311706815,3.767202189623731,0.1056165340849222,183;-295,54616;-88328,America/Toronto
45.512986,-73.606292,111.23972286374136,3.949999999974807e-05,-2.10000000002708e-05,0.3493648960739008,8157.846915697078,8170.935605794663,2.0594387294226117,3.88363610881197,0.0897167053661594,183;-295,54616;-88328,America/Toronto
45.512964,-73.606259,111.53908775981525,3.6999999998954536e-05,-1.8000000000739647e-05,0.3493648960739008,8161.396021201447,8174.497314544989,2.0235747986457127,3.5514560007691216,0.0980568102256085,183;-295,54616;-88328,America/Toronto
45.51295,-73.606218,111.93845265588917,3.899999999390502e-05,-1.7999999997186933e-05,0.3493648960739079,8164.949827698616,8178.07349028725,2.0032041023654346,3.667417073998422,0.0949752369558222,183;-295,54616;-88328,America/Toronto
45.512928,-73.606181,112.23781755196306,2.8999999997836312e-05,-2.599999999830516e-05,0.3493648960739008,8168.730855349444,8181.866350611244,2.3017030339562976,3.748294863334195,0.0929378440009187,183;-295,54616;-88328,America/Toronto
45.512898,-73.60616,112.63718244803697,3.550000000274167e-05,-1.9500000000505224e-05,0.3493648960739008,8172.446417425284,8185.603313798063,2.0730987048711933,3.86901264192511,0.0900539750963179,183;-295,54616;-88328,America/Toronto
45.512889,-73.60611,112.93654734411086,4.150000000180398e-05,-1.2000000001677336e-05,0.2993648960739037,8176.468880633294,8189.636901481602,1.8522756253486388,3.543698171177766,0.0842779975559529,183;-295,54616;-88328,America/Toronto
45.512874,-73.606077,113.23591224018476,3.550000000274167e-05,-1.6000000002236447e-05,0.3493648960739008,8179.53381376764,8192.71642002498,1.994235732978047,3.288919847797388,0.1058279597298834,183;-295,54616;-88328,America/Toronto
45.512857,-73.606039,113.63527713625868,3.1499999998629846e-05,-1.999999999924285e-05,0.3493648960739079,8183.046720328889,8196.251954613736,2.136497795453626,3.3638893307020226,0.1034864121078233,183;-295,54616;-88328,America/Toronto
45.512834,-73.606014,113.93464203233258,3.1499999998629846e-05,-2.099999999671809e-05,0.2993648960739037,8186.261592429044,8199.480734872805,2.1587989302904096,3.426141339764854,0.0871553403930875,183;-295,54616;-88328,America/Toronto
45.512815,-73.605976,114.23400692840649,3.8000000003535206e-05,-1.999999999924285e-05,0.399364896073898,8189.899003008419,8203.130443774065,2.055274255777974,3.704169881241796,0.1074000917964788,183;-295,54616;-88328,America/Toronto
45.512794,-73.605938,114.73337182448036,4.299999999801685e-05,-1.650000000097407e-05,0.4993648960739065,8193.669932191528,8206.934293429802,1.9371907375793085,3.8709874554378985,0.1282934071858602,183;-295,54616;-88328,America/Toronto
45.512782,-73.60589,115.23273672055429,4.500000000007276e-05,-1.3500000001442912e-05,0.2493648960739065,8197.640977919295,8210.936613940637,1.862253121301736,3.8221030326894834,0.0651505144828791,183;-295,54616;-88328,America/Toronto
45.512767,-73.605848,115.2321016166282,4.20000000005416e-05,-1.699999999971169e-05,0.0493648960738966,8201.314138256907,8214.609774333156,1.9554010416067271,3.784249270230248,0.0130440921652306,183;-295,54616;-88328,America/Toronto
45.512748,-73.605806,115.33146651270208,3.999999999848569e-05,-1.7999999997186933e-05,0.1993648960738951,8205.209476459755,8218.506379663073,1.9936502528835207,3.704125176222988,0.0537705154163137,183;-295,54616;-88327,America/Toronto
45.512731,-73.605768,115.63083140877598,4.100000000306636e-05,-1.5000000001208493e-05,0.2493648960739065,8208.722388609352,8222.032024442655,1.921524275044964,3.6168340828780856,0.0688366938686671,183;-295,54616;-88327,America/Toronto
45.512718,-73.605724,115.83019630484988,3.999999999848569e-05,-1.650000000097407e-05,0.2493648960739065,8212.443144625511,8225.75811779811,1.962031905956227,3.650239396606594,0.0682086931285721,183;-295,54616;-88327,America/Toronto
45.512698,-73.605688,116.1295612009238,3.749999999769216e-05,-2.1499999999008423e-05,0.2993648960739037,8216.022867402566,8229.350336402478,2.0913771602932107,3.775781233272937,0.079120040049515,183;-295,54616;-88327,America/Toronto
45.512675,-73.605649,116.4289260969977,4.299999999801685e-05,-1.650000000097407e-05,0.2993648960739037,8219.994707092057,8233.333441957195,1.9371907375793085,3.899583732772953,0.0766181459093128,183;-295,54616;-88327,America/Toronto
45.512665,-73.605602,116.7282909930716,4.400000000259752e-05,-1.6000000002236447e-05,0.2493648960739065,8223.822034868112,8237.172459702186,1.919567330404736,3.925539399562695,0.0634384890238142,183;-295,54616;-88327,America/Toronto
45.512643,-73.605561,116.92765588914553,3.900000000101045e-05,-1.699999999971169e-05,0.2493648960739065,8227.845785891182,8241.201146666626,1.9818608741690584,3.600301880564075,0.0691517801881822,183;-295,54616;-88327,America/Toronto
45.512631,-73.605524,117.2270207852194,4.049999999722331e-05,-1.6499999997421355e-05,0.2993648960738966,8231.02263862924,8244.392073281311,1.9576720444952735,3.662502160796066,0.0815565016153468,183;-295,54616;-88327,America/Toronto
45.51261,-73.60548,117.5263856812933,4.2499999999279225e-05,-1.5999999998683734e-05,0.2493648960738994,8235.170790212775,8248.551013158369,1.9308556561244148,3.78451031934128,0.0657958177339071,183;-295,54616;-88327,America/Toronto
45.512599,-73.605439,117.7257505773672,3.949999999974807e-05,-1.650000000097407e-05,0.2493648960739065,8238.591659267922,8251.977686684437,1.966485918872744,3.6308277008402,0.0685722219998687,183;-295,54616;-88327,America/Toronto
45.512577,-73.605401,118.02511547344112,3.6500000000216914e-05,-2.3000000002326715e-05,0.2993648960739037,8242.432445614455,8255.830122160953,2.133081129180391,3.828238414568659,0.078040309186659,183;-295,54616;-88327,America/Toronto
45.512553,-73.605366,118.32448036951502,4.400000000259752e-05,-2.2999999998774e-05,0.2993648960738966,8246.24813609706,8259.657538156118,2.052460004303638,4.307810260229417,0.0693819729907474,183;-295,54616;-88327,America/Toronto
45.512531,-73.605313,118.62384526558893,3.600000000147929e-05,-1.749999999844931e-05,0.2493648960738994,8251.048066134914,8264.466794617287,2.023271216305965,3.4345424499724686,0.0724778063115957,183;-295,54616;-88327,America/Toronto
45.512518,-73.605294,118.8232101616628,2.8999999997836312e-05,-1.9500000000505224e-05,0.2493648960739065,8253.117220997005,8266.545531783237,2.1627671635280428,3.13178533131304,0.0794562453582526,183;-295,54616;-88327,America/Toronto
45.512492,-73.605255,119.12257505773673,3.6999999998954536e-05,-2.10000000002708e-05,0.2493648960739065,8257.31163679754,8270.750617186504,2.08702699742431,3.725315354189661,0.0668382213367735,183;-295,54615;-88327,America/Toronto
45.512476,-73.60522,119.32193995381064,4.649999999628562e-05,-1.699999999971169e-05,0.2993648960739037,8260.567851705384,8274.0129295394,1.921292954225509,4.099483924328524,0.0728956281630348,183;-295,54615;-88327,America/Toronto
45.512458,-73.605162,119.72130484988452,4.100000000306636e-05,-1.4000000000180536e-05,0.2493648960738994,8265.510604646197,8278.971790190208,1.8998460216163084,3.559225107869679,0.0699472703203752,183;-295,54615;-88327,America/Toronto
45.512448,-73.605138,119.82066974595844,3.400000000652881e-05,-1.3000000002705292e-05,0.1993648960739023,8267.686301921123,8281.149755298902,1.935997776588432,3.019159027971,0.0659375277585079,183;-295,54615;-88327,America/Toronto
45.512432,-73.605094,120.12003464203234,4.6999999995023245e-05,-2.1499999999008423e-05,0.3493648960739079,8271.548922702139,8285.023959557706,1.9998257368625512,4.390606044352353,0.0794036953843898,183;-295,54615;-88327,America/Toronto
45.512405,-73.605044,120.51939953810624,3.399999999942338e-05,-1.949999999695251e-05,0.2493648960738994,8276.467514009828,8289.958737442505,2.09152471814184,3.4272387186538253,0.0726317204944639,183;-295,54615;-88327,America/Toronto
45.512393,-73.605026,120.61876443418014,2.7000000002885827e-05,-1.7500000002002025e-05,0.1993648960739023,8278.403400139447,8291.897171988581,2.145868616530719,2.8659356010211923,0.0694517505270314,183;-295,54615;-88327,America/Toronto
45.51237,-73.60499,120.91812933025405,3.4499999998161e-05,-2.250000000003638e-05,0.2493648960739065,8282.19938521187,8295.704943254173,2.148698263782272,3.672555483598444,0.0677954993337743,183;-295,54615;-88326,America/Toronto
45.512348,-73.604957,121.11749422632796,3.250000000321052e-05,-2.2999999998774e-05,0.2493648960739065,8285.748511106643,8299.25966419663,2.186666278662708,3.6007038686138912,0.0691440845626298,183;-295,54615;-88326,America/Toronto
45.512324,-73.604925,121.41685912240186,3.4499999998161e-05,-2.250000000003638e-05,0.2493648960738994,8289.400792949098,8302.92419445271,2.148698263782272,3.681180641218816,0.0676371362757103,183;-295,54615;-88326,America/Toronto
45.512303,-73.604888,121.61622401847576,3.999999999848569e-05,-1.999999999924285e-05,0.1993648960738951,8293.110872389081,8306.63962656927,2.0344439357957027,3.835565102485816,0.0519312380878206,183;-295,54615;-88326,America/Toronto
45.512284,-73.604845,121.81558891454964,4.050000000432874e-05,-1.8000000000739647e-05,0.2493648960739065,8297.07192315407,8310.605691309614,1.9890206563497084,3.73699174556532,0.0666300009566841,183;-295,54615;-88326,America/Toronto
45.512267,-73.604807,122.11495381062356,3.900000000101045e-05,-1.8499999999477268e-05,0.2493648960739065,8300.584855880212,8314.13135659143,2.0137215138822446,3.670905775640677,0.0678258733512718,183;-295,54615;-88326,America/Toronto
45.512247,-73.604767,122.31431870669746,3.749999999769216e-05,-1.8499999999477268e-05,0.1993648960739023,8304.413734705351,8317.965422242849,2.029096393199759,3.5735824671573937,0.055730755213207,183;-295,54615;-88326,America/Toronto
45.51223,-73.604732,122.51368360277137,3.6999999998954536e-05,-1.5499999999946112e-05,0.1993648960739023,8307.732020814527,8321.28969194673,1.9675049896949413,3.366359124000155,0.0591536133209788,183;-295,54615;-88326,America/Toronto
45.512216,-73.604693,122.71304849884528,4.20000000005416e-05,-1.699999999971169e-05,0.1993648960739094,8311.146452953351,8324.709939480525,1.9554010416067271,3.7833165536112574,0.0526471059977141,183;-295,54615;-88326,America/Toronto
45.512196,-73.604648,122.91241339491918,4.5999999997548e-05,-1.3500000001442912e-05,0.1993648960739023,8315.298653921749,8328.866923873537,1.856259187104925,3.948137182181199,0.0504530861341208,183;-295,54615;-88326,America/Toronto
45.512189,-73.604601,123.11177829099309,4.399999999549209e-05,-1.650000000097407e-05,0.2493648960738994,8319.042727317714,8332.61630141603,1.9295669971185605,4.026374966768344,0.0618538516707723,183;-295,54615;-88326,America/Toronto
45.512163,-73.60456,123.41114318706698,3.850000000227283e-05,-2.250000000003638e-05,0.1993648960739023,8323.351403855286,8336.93536530146,2.0996778775230087,3.9102114176339455,0.0509415965653033,183;-295,54615;-88326,America/Toronto
45.512144,-73.604524,123.51050808314088,3.550000000274167e-05,-1.999999999924285e-05,0.1493648960739051,8326.863150152982,8340.44851708326,2.0838542361547185,3.5510351074490245,0.0420375742331649,183;-295,54615;-88326,America/Toronto
45.512123,-73.604489,123.7098729792148,3.1499999998629846e-05,-2.800000000036107e-05,0.1993648960739094,8330.453474070184,8344.044371945767,2.297438667504624,4.025994526406976,0.0494789983122295,183;-295,54615;-88326,America/Toronto
45.512088,-73.604461,123.9092378752887,3.6999999998954536e-05,-2.4500000002092293e-05,0.1993648960738951,8334.915139205796,8348.510489067397,2.155673940567249,4.18474073996822,0.0476049254970307,183;-295,54615;-88326,America/Toronto
45.512074,-73.604415,124.10860277136258,4.500000000007276e-05,-1.4499999998918156e-05,0.1993648960738951,8338.82295555012,8352.423387602084,1.8825137730219117,3.860259507401679,0.0515996208402761,183;-295,54615;-88326,America/Toronto
45.512059,-73.604371,124.30796766743649,5.200000000371574e-05,-2.399999999980196e-05,0.2493648960739065,8342.635658220599,8356.24129907503,2.0032041023351064,4.877997592439897,0.051075879078118,183;-295,54615;-88326,America/Toronto
45.512026,-73.604311,124.6073325635104,5.300000000119098e-05,-1.9500000000505224e-05,0.2493648960739065,8348.578950735,8362.192126349682,1.9233494606061876,4.794608488617996,0.051962619760169,183;-295,54615;-88326,America/Toronto
45.51202,-73.604265,124.8066974595843,4.299999999801685e-05,-8.499999999855845e-06,0.1493648960739051,8352.224875197835,8365.843497537398,1.7659547539171143,3.4970854204202624,0.0426853082088358,183;-295,54615;-88326,America/Toronto
45.512009,-73.604225,124.9060623556582,3.900000000101045e-05,-1.3500000001442912e-05,0.149364896073898,8355.57312157584,8369.193218001914,1.9040406279316,3.40131451990419,0.0438856780154081,183;-295,54615;-88326,America/Toronto
45.511993,-73.604187,125.1054272517321,4.299999999801685e-05,-2.3500000001064336e-05,0.1993648960739023,8359.027504237643,8372.653348915037,2.070957380581047,4.270380753533573,0.0466516349839833,183;-295,54615;-88326,America/Toronto
45.511962,-73.604139,125.304792147806,3.600000000147929e-05,-2.099999999671809e-05,0.1493648960739122,8364.113883082908,8377.74363339818,2.098870775135353,3.660482007717292,0.0407820827310865,183;-295,54615;-88325,America/Toronto
45.511951,-73.604115,125.40415704387992,3.900000000101045e-05,-1.34999999978902e-05,0.149364896073898,8366.348468253078,8379.98042669782,1.9040406278502515,3.401493685333662,0.0438833694103725,183;-295,54615;-88325,America/Toronto
45.511935,-73.604061,125.6035219399538,4.500000000007276e-05,-1.3500000001442912e-05,0.1993648960738951,8370.916870453575,8384.553176967329,1.862253121301736,3.8143146491574953,0.0522200351217926,183;-295,54615;-88325,America/Toronto
45.511924,-73.604025,125.80288683602772,4.3500000003859896e-05,-1.5000000001208493e-05,0.1993648960739094,8373.977097551393,8387.619891210947,1.902855794335265,3.7804461059904497,0.0526870064091237,183;-295,54615;-88325,America/Toronto
45.511905,-73.603974,126.00225173210164,4.6999999995023245e-05,-1.9500000000505224e-05,0.1993648960739094,8378.477762665556,8392.124969770932,1.964075731895445,4.26107186732861,0.0467534034804467,183;-295,54615;-88325,America/Toronto
45.511885,-73.603931,126.20161662817551,2.849999999909869e-05,-1.4499999998918156e-05,0.149364896073898,8382.49924128605,8396.15138711851,2.0414368287836635,2.75093560975256,0.0542427731730486,183;-295,54615;-88325,America/Toronto
45.511876,-73.603917,126.30098152424942,1.100000000064938e-05,-1.4000000000180536e-05,0.0993648960739008,8383.979633885061,8397.635110687703,2.475623416188269,1.841571060217575,0.0539043205263947,183;-295,54615;-88325,America/Toronto
45.511857,-73.603909,126.40034642032332,8.000000001118224e-06,-1.5999999998683734e-05,0.0993648960739079,8386.182383406485,8399.840100219812,2.677945044500169,1.8884830487577349,0.0525677749223513,183;-295,54615;-88325,America/Toronto
45.511844,-73.603901,126.49971131639724,2.1500000002561137e-05,-1.5499999999946112e-05,0.1493648960739051,8387.756599982577,8401.417449645593,2.195431749508352,2.47854852202272,0.0601902584408458,183;-295,54615;-88325,America/Toronto
45.511826,-73.603866,126.69907621247114,2.199999999419333e-05,-1.2000000001677336e-05,0.0993648960739008,8391.13948045053,8404.80619965441,2.0701430486447423,2.1754143658499743,0.045644582252557,183;-295,54615;-88325,America/Toronto
45.51182,-73.603857,126.69844110854504,1.2999999995599865e-05,-1.650000000097407e-05,0.149364896073898,8392.107428714276,8405.774148126511,2.4742865188046745,2.1247292064344947,0.0701828619438561,183;-295,54615;-88325,America/Toronto
45.511793,-73.60384,126.99780600461894,2.250000000003638e-05,-2.449999999853958e-05,0.2493648960738994,8395.3889388634,8409.069285179776,2.3987220247816268,3.279699515213906,0.0758868393760305,183;-295,54615;-88325,America/Toronto
45.511771,-73.603812,127.19717090069284,3.399999999942338e-05,-1.949999999695251e-05,0.2493648960739065,8398.666827744704,8412.353231263372,2.09152471814184,3.4615829936274167,0.0719135954021462,183;-295,54615;-88325,America/Toronto
45.511754,-73.603772,127.49653579676676,5.200000000371574e-05,-1.1500000002939714e-05,0.1993648960739023,8402.312104850655,8416.010780240511,1.7884469431207703,4.338334712379947,0.0459219372704972,183;-295,54615;-88325,America/Toronto
45.511748,-73.603708,127.59590069284064,6.750000000010914e-05,9.999999974752427e-07,-0.0006351039261005,8407.343497169464,8421.043153641636,1.5559825957204148,5.3174317919556415,-0.0001194380949166,183;-295,54615;-88325,America/Toronto
45.511756,-73.603637,127.49526558891456,7.80000000020209e-05,1.6000000002236447e-05,-0.1006351039260877,8412.946968434566,8426.647528508021,1.3684746983941782,6.372101300497889,-0.0157917668888455,183;-295,54615;-88325,America/Toronto
45.51178,-73.603552,127.39463048498848,8.150000000028967e-05,1.9000000001767603e-05,-0.1006351039260877,8420.08769977046,8433.788968939445,1.3417583422932025,6.707392299706044,-0.0150024851958077,183;-295,54615;-88325,America/Toronto
45.511794,-73.603474,127.29399538106236,7.449999999664669e-05,1.749999999844931e-05,-0.100635103926109,8426.361753033978,8440.063829238894,1.3400797710764747,6.139533028665028,-0.0163898609511035,183;-295,54615;-88325,America/Toronto
45.511815,-73.603403,127.19336027713624,7.899999999949614e-05,2.3499999997511622e-05,-0.100635103926109,8432.36676582779,8446.069685221017,1.2816637582578188,6.687443640385027,-0.0150472308978109,183;-295,54615;-88325,America/Toronto
45.511841,-73.603316,127.09272517321016,8.150000000028967e-05,2.3500000001064336e-05,-0.1006351039260877,8439.736640314748,8453.440246758488,1.2900675227590372,6.86781451394927,-0.0146520995923314,183;-295,54615;-88324,America/Toronto
45.511862,-73.60324,126.99209006928407,8.449999999982083e-05,2.1500000002561137e-05,-0.1006351039260877,8446.102394855689,8459.806796711142,1.321645226099776,7.007091740965734,-0.0143609059749611,183;-295,54615;-88324,America/Toronto
45.511884,-73.603147,126.89145496535798,8.95000000014079e-05,2.0499999997980467e-05,-0.1006351039261019,8453.75082379668,8467.455887682592,1.3456301303764582,7.337396126205931,-0.0137145102574057,183;-295,54615;-88324,America/Toronto
45.511903,-73.603061,126.79081986143188,8.650000000187674e-05,2.1999999997746045e-05,-0.1006351039261019,8460.7771871081,8474.482971630307,1.321741599314971,7.176661120658537,-0.014021633038856,183;-295,54615;-88324,America/Toronto
45.511928,-73.602974,126.69018475750578,8.700000000061436e-05,2.550000000312025e-05,-0.1006351039260948,8468.104146037997,8481.810621634539,1.285678591591179,7.348410449603762,-0.0136939565397915,183;-295,54615;-88324,America/Toronto
45.511954,-73.602887,126.58954965357968,8.55000000044015e-05,2.650000000059549e-05,-0.1006351039260948,8475.474008007308,8489.18117065553,1.270244010012534,7.285464234365463,-0.0138122569733531,183;-295,54615;-88324,America/Toronto
45.511981,-73.602803,126.4889145496536,8.59999999960337e-05,2.10000000002708e-05,-0.1006351039260948,8482.675074506727,8496.382940309804,1.331297060871138,7.12902536771071,-0.0141153124116805,183;-295,54615;-88324,America/Toronto
45.511996,-73.602715,126.38827944572748,8.849999999682723e-05,1.9000000001767603e-05,-0.1006351039261019,8489.73205874273,8503.44064205551,1.3593171910957051,7.22424750063783,-0.0139292840201345,183;-295,54615;-88324,America/Toronto
45.512019,-73.602626,126.28764434180138,8.800000000519503e-05,2.3499999997511622e-05,-0.0506351039260977,8497.123569508003,8510.832837860364,1.3098403283141535,7.338497731694588,-0.0068998182241169,183;-295,54615;-88324,America/Toronto
45.512043,-73.602539,126.2870092378753,8.95000000014079e-05,2.449999999853958e-05,-0.0506351039260906,8504.409054206119,8518.11832258616,1.3035990983604997,7.487161528886645,-0.0067628208345228,183;-295,54615;-88324,America/Toronto
45.512068,-73.602447,126.1863741339492,8.899999999556485e-05,2.4500000002092293e-05,-0.1506351039260991,8512.097892565776,8525.807819497213,1.3021689851644072,7.450934491553198,-0.0202141874103574,183;-295,54615;-88323,America/Toronto
45.512092,-73.602361,125.9857390300231,8.650000000187674e-05,2.200000000129876e-05,-0.1506351039260991,8519.310923189225,8533.02363997861,1.3217415992763946,7.173799028580106,-0.020994868985709,183;-295,54615;-88323,America/Toronto
45.512112,-73.602274,125.885103926097,8.900000000267028e-05,2.1999999997746045e-05,-0.1006351039260948,8526.445490622937,8540.158917120412,1.328463160172738,7.355460971723005,-0.0136808319387112,183;-295,54615;-88323,America/Toronto
45.512136,-73.602183,125.78446882217092,9.049999999888314e-05,2.1499999999008423e-05,-0.1006351039260948,8534.021845132671,8547.735939958,1.3375511538605482,7.450274163121321,-0.0135067491412436,183;-295,54615;-88323,America/Toronto
45.512155,-73.602093,125.6838337182448,9.049999999888314e-05,2.1500000002561137e-05,-0.1006351039261019,8541.34603894918,8555.060825109722,1.3375511538233888,7.450271627601069,-0.0135067537373818,183;-295,54615;-88323,America/Toronto
45.512179,-73.602002,125.5831986143187,9.049999999888314e-05,2.449999999853958e-05,-0.1006351039261019,8548.922388387873,8562.637842876715,1.3064151828630737,7.560041397660825,-0.0133106626357625,183;-295,54615;-88323,America/Toronto
45.512204,-73.601912,125.4825635103926,9.149999999635838e-05,2.9500000000126647e-05,-0.150635103926092,8556.466121744501,8570.18224745097,1.258913873108917,7.858632922136167,-0.0191657583308258,183;-295,54615;-88323,America/Toronto
45.512238,-73.601819,125.28192840646652,9.149999999635838e-05,3.250000000321052e-05,-0.150635103926092,8564.639654232145,8578.35824205539,1.229504286226871,7.993881974537544,-0.0188415689139565,183;-295,54615;-88323,America/Toronto
45.512269,-73.601729,125.18129330254042,9.299999999967667e-05,2.6999999999333116e-05,-0.1006351039261019,8572.453885693576,8586.173121501482,1.2882413743309915,7.859858551334582,-0.0128029791670723,183;-295,54615;-88323,America/Toronto
45.512292,-73.601633,125.08065819861432,9.950000000458203e-05,2.2999999998774e-05,-0.1506351039260991,8580.359371334815,8594.07924764821,1.3436305063022214,8.164464767598474,-0.0184479962066726,183;-295,54615;-88322,America/Toronto
45.512315,-73.60153,124.88002309468824,9.750000000252612e-05,2.49999999972772e-05,-0.150635103926092,8588.782815228773,8602.505080632525,1.319793640184299,8.097710404801546,-0.0186000393546331,183;-295,54615;-88322,America/Toronto
45.512342,-73.601438,124.77938799076212,9.299999999967667e-05,2.749999999807073e-05,-0.1006351039260948,8596.554792144418,8610.277709055488,1.2832901290663796,7.865380558500874,-0.0127939916266907,183;-295,54615;-88322,America/Toronto
45.51237,-73.601344,124.67875288683604,9.049999999888314e-05,2.650000000059549e-05,-0.1006351039261019,8604.513576345775,8618.237129473328,1.2859417725876232,7.642845543002295,-0.0131664689627532,183;-295,54615;-88322,America/Toronto
45.512395,-73.601257,124.57811778290991,8.749999999935199e-05,2.3500000001064336e-05,-0.0506351039261048,8611.840483230422,8625.56472743722,1.3084164751216665,7.303600611960974,-0.0069327849892302,183;-295,54615;-88322,America/Toronto
45.512417,-73.601169,124.57748267898384,8.749999999935199e-05,2.399999999980196e-05,-0.0506351039260906,8619.120777569697,8632.845021804196,1.303094302826607,7.325051063652609,-0.0069124838849626,183;-295,54615;-88322,America/Toronto
45.512443,-73.601082,124.47684757505776,8.400000000108321e-05,2.1499999999008423e-05,-0.0506351039260906,8626.490585357727,8640.215516648957,1.3202233164501085,6.979175236749143,-0.0072550428670336,183;-295,54615;-88322,America/Toronto
45.51246,-73.601001,124.47621247113165,8.500000000566388e-05,1.3000000002705292e-05,0.0493648960738966,8633.079128043195,8646.804059365035,1.4190311714460522,6.797642530549638,0.0072619335431701,183;-295,54615;-88322,America/Toronto
45.512469,-73.600912,124.57557736720554,8.849999999682723e-05,3.5000000018214905e-06,0.0493648960738966,8640.085870418827,8653.811506268226,1.5312689031569158,6.933666817752055,0.0071194741998991,183;-295,54615;-88322,America/Toronto
45.512467,-73.600824,124.57494226327944,8.349999999524016e-05,-1.3500000001442912e-05,0.0493648960739108,8646.946461678699,8660.672097557495,1.7310859559852432,6.80743921438625,0.0072514831566217,183;-295,54615;-88321,America/Toronto
45.512442,-73.600745,124.67430715935336,6.700000000137152e-05,-3.0500000001154604e-05,0.0993648960739079,8653.7007488476,8667.427115584307,1.997985933416061,6.3093220679093065,0.015747600318597,183;-295,54615;-88321,America/Toronto
45.512406,-73.60069,124.77367205542726,5.750000000404043e-05,-3.549999999918896e-05,0.0993648960739008,8659.565105814518,8673.292314303704,2.123905501179701,5.97372428923336,0.016632125745441,183;-295,54615;-88321,America/Toronto
45.512371,-73.60063,124.87303695150116,6.299999999725969e-05,-2.9500000000126647e-05,0.149364896073898,8665.648197426066,8679.37621740427,2.008726134609036,5.938514675901388,0.0251465929124287,183;-295,54615;-88321,America/Toronto
45.512347,-73.600564,125.07240184757504,6.750000000010914e-05,-2.7500000001623448e-05,0.1993648960739023,8671.44213516632,8685.17358412544,1.957672044545987,6.09028216018578,0.0327232343437927,183;-295,54615;-88321,America/Toronto
45.512316,-73.600495,125.27176674364895,6.750000000010914e-05,-3.049999999760189e-05,0.1993648960739094,8677.828761746438,8691.563321634574,1.995189186739772,6.258268674514511,0.0318454683957971,183;-295,54615;-88321,America/Toronto
45.512286,-73.600429,125.47113163972288,6.549999999805323e-05,-2.8999999997836312e-05,0.1993648960739023,8683.95867251535,8697.696473548282,1.987603222863116,6.037588545815197,0.033008622899532,183;-295,54615;-88321,America/Toronto
45.512258,-73.600364,125.67049653579676,6.700000000137152e-05,-2.650000000059549e-05,0.1993648960739023,8689.903938838068,8703.645081621591,1.947436743786377,5.998962566888622,0.0332210022033284,183;-295,54615;-88321,America/Toronto
45.512233,-73.600295,125.86986143187067,6.299999999725969e-05,-2.4500000002092293e-05,0.1993648960739023,8695.956597649127,8709.701022922898,1.9416876156511005,5.617108960279438,0.0354775466350789,183;-295,54615;-88321,America/Toronto
45.512209,-73.600238,126.06922632794458,6.000000000483397e-05,-2.5499999999567532e-05,0.1993648960739023,8701.138156758627,8714.886415981002,1.972666974200246,5.467926001525484,0.036444644991399,183;-295,54615;-88321,America/Toronto
45.512182,-73.600175,126.26859122401848,6.000000000483397e-05,-2.2999999998774e-05,0.1493648960739051,8706.892449652178,8720.6441614657,1.9368528425975728,5.336326278867091,0.0279829043164822,183;-295,54615;-88321,America/Toronto
45.512163,-73.600118,126.3679561200924,5.7499999996935e-05,-1.0500000001911758e-05,0.0993648960739008,8711.810809316361,8725.563524754667,1.7514149374207588,4.721614818241505,0.0210415789783084,183;-295,54615;-88321,America/Toronto
45.512161,-73.60006,126.46732101616628,5.600000000072214e-05,5.999999999062311e-06,0.0993648960739008,8716.33567928866,8730.08948560832,1.4640606541636814,4.505663597338753,0.0220497580298136,183;-295,54615;-88321,America/Toronto
45.512175,-73.600006,126.5666859122402,5.099999999913507e-05,2.600000000185787e-05,0.0493648960739037,8720.822136511038,8734.577043049823,1.099336376698213,5.06471335763581,0.0097465205717296,183;-295,54615;-88321,America/Toronto
45.512213,-73.599958,126.56605080831407,4.149999999469856e-05,4.0500000000776026e-05,-0.1006351039260948,8726.465106003932,8740.220012578457,0.7975926807722685,5.573727015314034,-0.0180533008448936,183;-295,54615;-88320,America/Toronto
45.512256,-73.599923,126.365415704388,4.100000000306636e-05,4.199999999698889e-05,-0.2506351039261005,8731.969590541667,8745.728152416104,0.7733505536164822,5.67613531897041,-0.0441272782347991,183;-295,54615;-88320,America/Toronto
45.512297,-73.599876,126.06478060046187,4.750000000086629e-05,3.999999999848569e-05,-0.3506351039260948,8737.817376641873,8751.583661253044,0.8709034571032915,5.787243176825541,-0.0605136145303374,183;-295,54615;-88320,America/Toronto
45.512336,-73.599828,125.6641454965358,4.649999999628562e-05,4.150000000180398e-05,-0.3506351039260877,8743.544076895318,8757.324358447575,0.8421553211582644,5.873013283249748,-0.0596319763296611,183;-295,54615;-88320,America/Toronto
45.51238,-73.599783,125.36351039260973,4.3500000003859896e-05,4.5500000002363095e-05,-0.350635103926102,8749.563403208373,8763.351187690945,0.7629300348300028,6.092804513458759,-0.0574856425944907,183;-295,54615;-88320,America/Toronto
45.512427,-73.599741,124.9628752886836,4.20000000005416e-05,4.799999999960392e-05,-0.4006351039261062,8755.729685922235,8769.530471710455,0.7188299996321045,6.261071975590312,-0.0639011410642848,183;-295,54615;-88320,America/Toronto
45.512476,-73.599699,124.5622401847575,4.6999999995023245e-05,4.8499999998341536e-05,-0.400635103926092,8762.085547159553,8775.898947238755,0.76969264853048,6.5284860491265135,-0.0612903684066224,183;-295,54615;-88320,America/Toronto
45.512524,-73.599647,124.16160508083142,5.300000000119098e-05,4.949999999936949e-05,-0.400635103926092,8768.786658020488,8782.612023676353,0.8195312429217902,6.881285810079135,-0.0581553154975213,183;-295,54616;-88320,America/Toronto
45.512575,-73.599593,123.76096997690532,4.9000000004184585e-05,4.850000000189425e-05,-0.350635103926102,8775.848118779712,8789.68484040949,0.790526323594853,6.609585405408325,-0.0529998043795701,183;-295,54616;-88320,America/Toronto
45.512621,-73.599549,123.46033487297922,4.20000000005416e-05,4.900000000063187e-05,-0.350635103926102,8782.005828831305,8795.849884979096,0.7086262721276703,6.363194861101874,-0.0550479540769334,183;-295,54616;-88320,America/Toronto
45.512673,-73.599509,123.05969976905313,4.399999999549209e-05,5.599999999716943e-05,-0.400635103926092,8788.574508501915,8802.430771021385,0.6659692373538935,7.108614527857753,-0.0562995395865369,183;-295,54616;-88320,America/Toronto
45.512733,-73.599461,122.65906466512703,5.300000000119098e-05,5.799999999922534e-05,-0.400635103926092,8796.22305788702,8810.089805959477,0.7403835476407625,7.671320240200657,-0.0521776497495835,183;-295,54616;-88320,America/Toronto
45.512789,-73.599403,122.25842956120093,5.450000000450928e-05,5.450000000095656e-05,-0.350635103926102,8803.917148982317,8817.794320627463,0.785398163430042,7.401033304304292,-0.047341108308861,183;-295,54616;-88320,America/Toronto
45.512842,-73.599352,121.95779445727484,4.6999999995023245e-05,5.550000000198452e-05,-0.350635103926102,8811.025124495629,8824.908651050178,0.702660645587586,7.18784661619884,-0.0487430226879954,183;-295,54616;-88320,America/Toronto
45.5129,-73.599309,121.55715935334872,4.899999999707916e-05,5.600000000072214e-05,-0.400635103926092,8818.292842214714,8832.18740295767,0.7188299995856932,7.322372764289867,-0.0546593368593566,183;-295,54616;-88320,America/Toronto
45.512954,-73.599254,121.15652424942265,6.199999999978445e-05,6.349999999955003e-05,-0.400635103926092,8825.669870024209,8839.575301697403,0.7734465412583444,8.556666420448892,-0.046787230622244,183;-295,54616;-88320,America/Toronto
45.513027,-73.599185,120.75588914549654,6.249999999852207e-05,6.399999999828765e-05,-0.350635103926102,8835.406175055612,8849.319846024924,0.7735410115941274,8.624550275842012,-0.0406330880679444,183;-295,54616;-88320,America/Toronto
45.513082,-73.599129,120.45525404157044,6.150000000104683e-05,5.799999999922534e-05,-0.350635103926102,8842.918970575893,8856.838654307841,0.8146784957583892,8.03606676866184,-0.04360501892048,183;-295,54616;-88319,America/Toronto
45.513143,-73.599062,120.05461893764434,6.450000000057798e-05,5.850000000151567e-05,-0.3506351039260948,8851.478308592936,8865.407363415781,0.8341400146989462,8.220259765287665,-0.04262914939896,183;-295,54616;-88319,America/Toronto
45.513199,-73.599,119.75398383371824,5.3499999999928605e-05,5.850000000151567e-05,-0.3506351039260877,8859.359490106468,8873.294276849752,0.740784928337578,7.758384782388019,-0.045163610529439,183;-295,54616;-88319,America/Toronto
45.51326,-73.598955,119.35334872979216,5.250000000245336e-05,5.850000000151567e-05,-0.350635103926102,8866.995078157712,8880.940368228672,0.7313966630318303,7.711105744305314,-0.0454401419335228,183;-295,54616;-88319,America/Toronto
45.513316,-73.598895,119.05271362586603,5.800000000277805e-05,5.799999999922534e-05,-0.350635103926102,8874.781701595079,8888.732793141437,0.7853981634280751,7.879267643115781,-0.0444716356751435,183;-295,54616;-88319,America/Toronto
45.513376,-73.598839,118.65207852193996,5.800000000277805e-05,5.7499999996935e-05,-0.4506351039260892,8882.753613443943,8896.714765768085,0.7897271407351067,7.834948527557572,-0.0574527288858808,183;-295,54617;-88319,America/Toronto
45.513431,-73.598779,118.15144341801388,5.949999999899092e-05,5.200000000016303e-05,-0.4506351039260963,8890.451598650194,8904.429013089952,0.8525615651882542,7.413439039711193,-0.0607115404117929,183;-295,54617;-88319,America/Toronto
45.51348,-73.59872,117.75080831408776,5.199999999661031e-05,5.100000000268778e-05,-0.4006351039260991,8897.580491523366,8911.569154691044,0.7951065961726244,6.993215588217936,-0.0572265590167479,183;-295,54617;-88319,America/Toronto
45.513533,-73.598675,117.35017321016169,4.650000000339105e-05,5.699999999819738e-05,-0.4506351039260963,8904.43802982663,8918.43838609399,0.6842947917123601,7.301622158896862,-0.0616389401360545,183;-295,54617;-88319,America/Toronto
45.513594,-73.598627,116.84953810623556,5.099999999913507e-05,6.149999999749411e-05,-0.1006351039260948,8912.18373584116,8926.200254243528,0.6923344346847183,7.9111815855485474,-0.0127199300516792,183;-295,54617;-88319,America/Toronto
45.513656,-73.598573,117.14890300230948,6.449999999347256e-05,5.800000000277805e-05,-0.1006351039260948,8920.260392997727,8934.282457542487,0.8384096739226102,8.227763266974762,-0.0122305519410086,183;-295,54617;-88319,America/Toronto
45.51371,-73.598498,116.64826789838338,7.699999999744023e-05,5.250000000245336e-05,-0.5506351039261048,8928.639262375109,8942.676269998727,0.9723774332791356,8.37424502279373,-0.0656588857725526,183;-295,54617;-88319,America/Toronto
45.513761,-73.598419,116.04763279445729,7.40000000050145e-05,6.050000000001887e-05,-0.7006351039261034,8937.008883043314,8951.067414894253,0.8854348689046762,8.914781753223906,-0.0784312941121665,183;-295,54617;-88319,America/Toronto
45.513831,-73.59835,115.24699769053116,5.200000000371574e-05,6.149999999749411e-05,-0.6006351039260878,8946.468825881557,8960.56117785066,0.7018923672348719,7.97684146123629,-0.075155537944879,183;-295,54617;-88319,America/Toronto
45.513884,-73.598315,114.8463625866051,4.6999999995023245e-05,5.599999999716943e-05,-0.5006351039260934,8952.962565965787,8967.067264905721,0.6982408888159132,7.252310912558642,-0.0689217755994388,183;-295,54617;-88318,America/Toronto
45.513943,-73.598256,114.245727482679,8.100000000155205e-05,7.500000000248974e-05,-0.7506351039261006,8960.973447706674,8975.100632119695,0.8238407534116393,10.46296931397137,-0.0716193676013153,183;-295,54617;-88318,America/Toronto
45.514034,-73.598153,113.3450923787529,8.750000000645741e-05,7.80000000020209e-05,-0.8006351039260977,8973.88850459373,8988.04705394143,0.842737054743734,11.032254101377475,-0.0724452089581767,183;-295,54617;-88318,America/Toronto
45.514099,-73.598081,112.6444572748268,8.849999999682723e-05,6.750000000010914e-05,-0.7006351039260963,8983.037955909429,8997.223292219025,0.9192091408539722,10.220968832056316,-0.0684417285274261,183;-295,54617;-88318,America/Toronto
45.514169,-73.597976,111.9438221709007,0.000102499999997,6.899999999987472e-05,-0.650635103926092,8994.330442257842,9008.53749291894,0.9783044155712132,11.07497589852028,-0.0586807711617459,183;-295,54618;-88318,America/Toronto
45.514237,-73.597876,111.3431870669746,9.000000000014552e-05,6.49999999993156e-05,-0.5506351039260977,9005.18790770647,9019.411559246502,0.9453112865614326,10.075882139971329,-0.054594517909822,183;-295,54618;-88318,America/Toronto
45.514299,-73.597796,110.8425519630485,9.049999999888314e-05,6.549999999805323e-05,-0.5506351039261048,9014.482206537785,9028.719331604756,0.9443034255868964,10.142567739429069,-0.0542362743781723,183;-295,54618;-88318,America/Toronto
45.514368,-73.597695,110.2419168591224,0.0001025000000041,6.349999999955003e-05,-0.5006351039260934,9025.473043185328,9039.726567985475,1.0161530347909726,10.673718429286057,-0.0468691832596445,183;-295,54618;-88318,America/Toronto
45.514426,-73.597591,109.84128175519632,0.0001049999999978,5.550000000198452e-05,-0.400635103926092,9035.829643396355,9050.090914391189,1.0845536936839677,10.251433404560885,-0.0390610082908788,183;-295,54618;-88318,America/Toronto
45.514479,-73.597485,109.4406466512702,0.0001079999999973,5.200000000016303e-05,-0.4006351039261062,9045.97590999445,9060.245087639958,1.1220729827732958,10.211719722962698,-0.0392127623409275,183;-295,54618;-88317,America/Toronto
45.51453,-73.597375,109.04001154734412,0.0001135000000047,4.0500000000776026e-05,-0.3006351039260977,9056.253082842282,9070.530066503852,1.2280514821039987,9.99233492235453,-0.0300774987711445,183;-295,54618;-88317,America/Toronto
45.51456,-73.597258,108.83937644341802,0.0001244999999983,3.399999999942338e-05,-0.2006351039260892,9065.96057983916,9080.239636648266,1.3042044883272863,10.413361886165148,-0.0192646990499232,183;-295,54618;-88317,America/Toronto
45.514598,-73.597126,108.63874133949192,0.0001189999999979,3.199999999736747e-05,-0.2006351039260963,9077.079806614613,9091.360673404291,1.308102981498565,9.934920941563178,-0.0201921924096549,183;-295,54618;-88317,America/Toronto
45.514624,-73.59702,108.43810623556584,0.0001120000000014,2.200000000129876e-05,-0.1506351039260991,9085.830421722285,9100.11358830206,1.3768371795262773,9.080095119784346,-0.0165880737176808,183;-295,54618;-88317,America/Toronto
45.514642,-73.596902,108.33747113163972,0.0001154999999997,2.200000000129876e-05,-0.1506351039260991,9095.23999685418,9109.523701563172,1.3825748214788185,9.338364880263724,-0.0161293805403209,183;-295,54618;-88317,America/Toronto
45.514668,-73.596789,108.13683602771364,0.000117000000003,8.499999999855845e-06,-0.1506351039260991,9104.507151482812,9118.793027825412,1.4982741647662177,9.37405362028403,-0.0160679836218443,183;-295,54618;-88317,America/Toronto
45.514659,-73.596668,108.03620092378752,0.0001175000000017,-6.500000001352646e-06,-0.150635103926092,9113.98810409475,9128.274514515482,1.6260591497553645,9.18732472190004,-0.0163945013764931,183;-295,54618;-88317,America/Toronto
45.514655,-73.596554,107.83556581986144,0.0001169999999959,2.9999999995311555e-06,-0.1506351039260991,9122.881800926612,9137.170474147924,1.5451609182763315,9.154827294467395,-0.0164526874166217,183;-295,54618;-88316,America/Toronto
45.514665,-73.596434,107.73493071593532,0.0001175000000017,4.000000000559112e-06,-0.1506351039261062,9132.297758683684,9146.58696966946,1.5367669150490508,9.189600613632138,-0.0163904418500015,183;-295,54618;-88316,America/Toronto
45.514663,-73.596319,107.53429561200925,0.0001200000000025,0.0,-0.2006351039260892,9141.261002153877,9155.552458387365,1.5707963267948966,9.352719395113128,-0.0214487709007087,183;-295,54618;-88316,America/Toronto
45.514665,-73.596194,107.33366050808316,0.0001154999999997,1.0000000010279564e-06,-0.2006351039260892,9151.00319747391,9165.29671947267,1.5621385344562286,9.000712023016604,-0.0222873348392839,183;-295,54618;-88316,America/Toronto
45.514665,-73.596088,107.13302540415704,0.0001109999999968,2.9999999995311555e-06,-0.2506351039261005,9159.26242619991,9173.558384776548,1.5437758776110897,8.661109800035774,-0.0289299158682179,183;-295,54618;-88316,America/Toronto
45.514671,-73.595972,106.83239030023095,0.0001099999999993,1.100000000064938e-05,-0.2506351039261005,9168.325417073982,9182.626360573233,1.4711276742973391,8.679694715923688,-0.0288680057331195,183;-295,54618;-88316,America/Toronto
45.514687,-73.595868,106.63175519630484,0.0001150000000009,3.5000000018214905e-06,-0.2006351039260963,9176.621815631755,9190.925184795637,1.5403709359543782,9.082421709690609,-0.0220868931157468,183;-295,54618;-88316,America/Toronto
45.514678,-73.595742,106.43112009237876,0.0001265000000003,4.999999987376214e-07,-0.2506351039260934,9186.490260493363,9200.795669000148,1.5668437782181368,9.913105615272798,-0.0252778219812843,183;-295,54618;-88315,America/Toronto
45.514688,-73.595615,106.13048498845266,0.0001214999999987,1.1999999998124622e-05,-0.2506351039261005,9196.448026862305,9210.75797257533,1.4723501675965638,9.56462235791878,-0.02619839553465,183;-295,54618;-88315,America/Toronto
45.514702,-73.595499,105.92984988452656,0.0001184999999992,5.999999999062311e-06,-0.2006351039261034,9205.6195052092,9219.931645204791,1.5202066180330829,9.301041177700426,-0.0215679071847148,183;-295,54618;-88315,America/Toronto
45.5147,-73.595378,105.72921478060046,0.0001184999999992,2.500000000793534e-06,-0.2506351039260934,9215.050109217704,9229.364383217167,1.5497024095345142,9.251226291815328,-0.027085469806116,183;-295,54618;-88315,America/Toronto
45.514707,-73.595262,105.42857967667436,0.0001114999999956,6.000000002615025e-06,-0.2506351039260934,9224.121957792831,9238.441211850328,1.5170365182316203,8.71375269820146,-0.0287552365147045,183;-295,54618;-88315,America/Toronto
45.514712,-73.595155,105.22794457274829,0.0001099999999993,-1.4999999997655775e-06,-0.2506351039261005,9232.477614614108,9246.79927713841,1.5844318452943442,8.602561456960757,-0.0291266995903987,183;-295,54618;-88315,America/Toronto
45.514704,-73.595042,104.92730946882216,0.0001160000000055,-5.50000000032469e-06,-0.1006351039261019,9241.327080706753,9255.653848364089,1.6181746379392878,9.06380584026556,-0.0111025071272033,183;-295,54618;-88315,America/Toronto
45.514701,-73.594923,105.02667436489608,0.000113000000006,-5.50000000032469e-06,-0.150635103926092,9250.605226294638,9264.932526014089,1.6194305123001815,8.831304894310051,-0.0170552936075809,183;-295,54618;-88314,America/Toronto
45.514693,-73.594816,104.62603926097,0.0001099999999993,-1.0500000001911758e-05,-0.400635103926092,9258.989690495371,9273.326556537018,1.6659625333666122,8.65349207059353,-0.0462644698713074,183;-295,54618;-88314,America/Toronto
45.51468,-73.594703,104.22540415704388,0.0001154999999997,-9.00000000214618e-06,-0.4006351039260991,9267.912210435825,9282.258066519897,1.648561266416291,9.066774091090338,-0.044158446812943,183;-295,54618;-88314,America/Toronto
45.514675,-73.594585,103.8247690531178,0.0001199999999954,5.50000000032469e-06,-0.4006351039260991,9277.123238677554,9291.47780348775,1.524995047008891,9.440993189135952,-0.0424102495458202,183;-295,54618;-88314,America/Toronto
45.514691,-73.594463,103.42413394919168,0.0001244999999983,2.500000000793534e-06,-0.3506351039260948,9286.794196814097,9301.15705654598,1.5507187037747283,9.820876567598134,-0.0356878767098462,183;-295,54618;-88314,America/Toronto
45.51468,-73.594336,103.1234988452656,0.0001260000000016,-8.000000001118224e-06,-0.3506351039260948,9296.76499181275,9311.1323828249,1.6342032787697522,9.86315248207211,-0.0355350386468463,183;-295,54618;-88314,America/Toronto
45.514675,-73.594211,102.7228637413395,0.000121,-1.4999999997655775e-06,-0.350635103926102,9306.52050177824,9320.896115880105,1.5831923860332084,9.437269423141515,-0.037137213948138,183;-295,54618;-88314,America/Toronto
45.514677,-73.594094,102.4222286374134,0.0001239999999995,-2.9999999995311555e-06,-0.350635103926102,9315.639530659031,9330.020099066982,1.594985156450038,9.68243846291898,-0.036197694342262,183;-295,54618;-88313,America/Toronto
45.514669,-73.593963,102.02159353348728,0.0001269999999991,-6.499999997799932e-06,-0.400635103926092,9325.88537870408,9340.273776975357,1.6219328095260808,9.922891398494356,-0.040352917825341,183;-295,54618;-88313,America/Toronto
45.514664,-73.59384,101.6209584295612,0.0001214999999987,-4.499999999296733e-06,-0.400635103926092,9335.485313456022,9349.88206796429,1.6078164426634192,9.480289268366503,-0.0422346672151004,183;-295,54618;-88313,America/Toronto
45.51466,-73.59372,101.2203233256351,0.0001194999999967,-1.3000000002705292e-05,-0.350635103926102,9344.845957240812,9359.251281407916,1.6791568134013994,9.475037657133726,-0.0369893173953426,183;-295,54618;-88313,America/Toronto
45.514638,-73.593601,100.919688221709,0.000123000000002,-1.1999999998124622e-05,-0.350635103926102,9354.43538877029,9368.845424335988,1.6680495250297145,9.743713067654426,-0.0359702573618477,183;-295,54618;-88313,America/Toronto
45.514636,-73.593474,100.5190531177829,0.0001260000000016,0.0,-0.3506351039260948,9364.33338337612,9378.75152375521,1.5707963267948966,9.820097298762448,-0.0356907062989136,183;-295,54618;-88313,America/Toronto
45.514638,-73.593349,100.21841801385682,0.000124999999997,-5.00000002290335e-07,-0.3006351039260906,9374.075583367814,9388.498361300992,1.574796305480185,9.743786214005013,-0.0308442481298232,183;-295,54618;-88313,America/Toronto
45.514635,-73.593224,99.91778290993072,0.0001250000000041,-5.999999999062311e-06,-0.3006351039260977,9383.82095580413,9398.248369782435,1.6187595136628994,9.768156946605814,-0.030767342932742,183;-295,54618;-88312,America/Toronto
45.514626,-73.593099,99.61714780600462,0.0001300000000057,-9.5000000008838e-06,-0.3006351039260977,9393.611897261026,9408.043925717557,1.6437435824069642,10.1841938374464,-0.029511204142961,183;-295,54618;-88312,America/Toronto
45.514616,-73.592964,99.31651270207853,0.0001229999999949,-5.999999999062311e-06,-0.2506351039260934,9404.189343479024,9418.625643440137,1.6195381780992055,9.61456380180789,-0.0260623735804314,183;-295,54618;-88312,America/Toronto
45.514614,-73.592853,99.11587759815244,0.000102499999997,-1.4999999997655775e-06,-0.1506351039260991,9412.84102486464,9427.27965090738,1.5854294285943782,7.988376904848337,-0.0188545502215691,183;-295,54618;-88312,America/Toronto
45.514613,-73.592759,99.01524249422631,9.450000000299497e-05,-2.0000000020559128e-06,-0.1506351039260991,9420.16609728872,9434.60541458376,1.591957188929177,7.367365629073902,-0.0204434157044839,183;-295,54618;-88312,America/Toronto
45.51461,-73.592664,98.81460739030024,8.650000000187674e-05,3.000000003083869e-06,-0.2006351039260963,9427.57575612279,9442.017789269528,1.5361281415505397,6.784526515082689,-0.0295638386857918,183;-295,54618;-88312,America/Toronto
45.514619,-73.592586,98.61397228637414,7.349999999917145e-05,4.500000002849447e-06,-0.2006351039260963,9433.735150318886,9448.180450326883,1.5096481641062849,5.767844493329903,-0.0347710899234631,183;-295,54618;-88312,America/Toronto
45.514619,-73.592517,98.41333718244805,7.149999999711554e-05,4.499999999296733e-06,-0.2006351039260963,9439.111445109447,9453.560487512625,1.5079421663765933,5.614189598762096,-0.0357219421463401,183;-295,54618;-88312,America/Toronto
45.514628,-73.592443,98.21270207852194,7.949999999823376e-05,3.999999997006398e-06,-0.1506351039260991,9444.96352951641,9459.416010234903,1.5205242548336142,6.237994313446507,-0.0241433106296748,183;-295,54618;-88311,America/Toronto
45.514627,-73.592358,98.11206697459583,8.749999999935199e-05,-5.50000000032469e-06,-0.0506351039260977,9451.587433736342,9466.040678871068,1.6335708820663817,6.862036671167516,-0.0073788857968193,183;-295,54618;-88311,America/Toronto
45.514617,-73.592268,98.11143187066976,9.000000000014552e-05,-2.4999999972408204e-06,-0.2006351039260963,9458.687602858745,9473.140848021876,1.598566963357639,7.067366272911386,-0.0283813266190059,183;-295,54618;-88311,America/Toronto
45.514622,-73.592178,97.71079676674366,9.200000000220145e-05,1.4999999997655775e-06,-0.400635103926092,9465.722166282165,9480.186810769765,1.554493423479172,7.181083174670675,-0.0557325686769241,183;-295,54618;-88311,America/Toronto
45.51462,-73.592084,97.31016166281756,9.8999999998739e-05,-7.000000000090267e-06,-0.4506351039260963,9473.049769208086,9487.52535784166,1.6413859166155735,7.770064295294105,-0.0579314219376203,183;-295,54618;-88311,America/Toronto
45.514608,-73.59198,96.80952655889146,0.000102499999997,-7.000000000090267e-06,-0.4506351039261034,9481.262294872751,9495.753128700168,1.6389831359712217,8.042658945189032,-0.0559720876210899,183;-295,54618;-88311,America/Toronto
45.514606,-73.591879,96.40889145496536,0.0001010000000007,5.50000000032469e-06,-0.4506351039260963,9489.135087098464,9503.636108207673,1.516394612990346,7.937050957460997,-0.0567152496312345,183;-295,54618;-88311,America/Toronto
45.514619,-73.591778,95.90825635103928,0.000100500000002,1.999999999924285e-05,-0.5006351039260934,9497.136396787677,9511.653064753016,1.3743577044631257,8.175718770497042,-0.0611580200513546,183;-295,54618;-88311,America/Toronto
45.514646,-73.591678,95.40762124711316,9.450000000299497e-05,2.1999999997746045e-05,-0.4006351039260991,9505.486524639458,9520.018187026384,1.3420662335856914,7.768894497477959,-0.0515234855306368,183;-295,54618;-88311,America/Toronto
45.514663,-73.591589,95.10698614318709,8.700000000061436e-05,2.600000000185787e-05,-0.4006351039260991,9512.674185782633,9527.21213268748,1.2803943842287888,7.434727017063778,-0.0538349273706464,183;-295,54618;-88310,America/Toronto
45.514698,-73.591504,94.60635103926096,8.299999999650254e-05,4.0500000000776026e-05,-0.4506351039260963,9520.355978673586,9534.910221900189,1.1168336449744465,7.902770380456786,-0.0569607379543876,183;-295,54618;-88310,America/Toronto
45.514744,-73.591423,94.20571593533488,7.949999999823376e-05,4.199999999698889e-05,-0.4506351039260963,9528.479726543545,9543.043842738483,1.0847643974752352,7.762904155903016,-0.0579847355348929,183;-295,54618;-88310,America/Toronto
45.514782,-73.591345,93.70508083140878,7.450000000375212e-05,4.450000000133514e-05,-0.4506351039260963,9535.881786985392,9550.462813980646,1.032353108545337,7.662211411352473,-0.058744999796473,183;-295,54618;-88310,America/Toronto
45.514833,-73.591274,93.30444572748269,6.65000000026339e-05,4.300000000156956e-05,-0.350635103926102,9543.80414936625,9558.395299983164,0.9968033145098524,7.062931881298027,-0.0496036887193497,183;-295,54618;-88310,America/Toronto
45.514868,-73.591212,93.00381062355656,6.400000000184036e-05,3.049999999760189e-05,-0.2506351039260934,9550.007650747988,9564.606081806647,1.1260739028756603,6.051486923885932,-0.0413934530736007,183;-295,54618;-88310,America/Toronto
45.514894,-73.591146,92.8031755196305,6.8999999996322e-05,2.250000000003638e-05,-0.2506351039260934,9555.90712321402,9570.508964985436,1.2555816270279978,5.947060986033648,-0.0421194391903891,183;-295,54618;-88310,America/Toronto
45.514913,-73.591074,92.5025404157044,6.649999999552847e-05,1.2500000000414955e-05,-0.2506351039261005,9561.901772720055,9576.5111482687,1.3849944503482312,5.397088805787462,-0.046405603935111,183;-295,54618;-88310,America/Toronto
45.514919,-73.591013,92.3019053117783,4.9500000002922206e-05,-1.999999998503199e-06,-0.2006351039260963,9566.701300825596,9581.314868127394,1.611178402326826,3.9811415661706633,-0.0503537745762979,183;-295,54618;-88310,America/Toronto
45.514909,-73.590975,92.1012702078522,3.399999999942338e-05,-1.34999999978902e-05,-0.2006351039260963,9569.864055852397,9584.483980590603,1.9487646382433843,3.084476704233566,-0.0649552166713113,183;-295,54618;-88310,America/Toronto
45.514892,-73.590945,91.9006351039261,2.9999999995311555e-05,-1.699999999971169e-05,-0.2006351039260892,9572.870254234063,9587.496866774129,2.086345334313636,3.0061983816667635,-0.0666416438353217,183;-295,54618;-88310,America/Toronto
